{
"type": "FeatureCollection",
"name": "routes_min",
"crs": { "type": "name", "properties": { "name": "urn:ogc:def:crs:OGC:1.3:CRS84" } },
"features": [
{ "type": "Feature", "properties": { "route_id": "18", "route_long_name": "St-Laurent - Parliament" }, "geometry": { "type": "LineString", "coordinates": [ [ -75.699077, 45.421256 ], [ -75.69482, 45.42314 ], [ -75.69486, 45.42438 ], [ -75.69465, 45.42484 ], [ -75.69312, 45.42559 ], [ -75.680075, 45.43115 ], [ -75.678985, 45.431467 ], [ -75.673861, 45.433611 ], [ -75.672917, 45.433611 ], [ -75.670026, 45.432916 ], [ -75.66584, 45.42422 ], [ -75.65723, 45.42482 ], [ -75.65721, 45.424712 ], [ -75.65723, 45.42482 ], [ -75.65279, 45.42514 ], [ -75.652774, 45.42501 ], [ -75.65279, 45.42514 ], [ -75.65235, 45.42517 ], [ -75.65217, 45.42399 ], [ -75.65092, 45.42241 ], [ -75.65071, 45.42124 ], [ -75.64741, 45.42147 ], [ -75.64701, 45.41867 ], [ -75.63782, 45.41923 ], [ -75.63515, 45.41882 ], [ -75.63483, 45.41856 ], [ -75.63462, 45.41775 ], [ -75.63428, 45.41765 ], [ -75.63366, 45.4178 ], [ -75.633843, 45.41825 ], [ -75.63389, 45.41824 ], [ -75.63432, 45.41911 ], [ -75.63518, 45.42058 ], [ -75.63522, 45.42067 ], [ -75.63533, 45.420892 ], [ -75.63533, 45.420892 ], [ -75.63533, 45.420892 ], [ -75.63533, 45.420892 ], [ -75.63533, 45.420892 ], [ -75.63533, 45.420892 ], [ -75.63533, 45.420892 ], [ -75.63533, 45.420892 ], [ -75.63533, 45.420892 ], [ -75.63533, 45.420892 ], [ -75.63533, 45.420892 ], [ -75.63533, 45.420892 ], [ -75.63533, 45.420892 ], [ -75.63533, 45.420892 ], [ -75.63533, 45.420892 ], [ -75.63533, 45.420892 ], [ -75.63533, 45.420892 ], [ -75.63533, 45.420892 ], [ -75.63533, 45.420892 ], [ -75.63533, 45.420892 ], [ -75.63533, 45.420892 ], [ -75.63533, 45.420892 ], [ -75.63533, 45.420892 ], [ -75.63533, 45.420892 ], [ -75.63533, 45.420892 ], [ -75.63533, 45.420892 ], [ -75.63533, 45.420892 ], [ -75.63533, 45.420892 ], [ -75.63533, 45.420892 ], [ -75.63533, 45.420892 ], [ -75.63533, 45.420892 ], [ -75.63533, 45.420892 ], [ -75.63533, 45.420892 ], [ -75.63533, 45.420892 ], [ -75.63533, 45.420892 ], [ -75.63533, 45.420892 ], [ -75.63533, 45.420892 ], [ -75.63533, 45.420892 ], [ -75.63533, 45.420892 ], [ -75.63533, 45.420892 ], [ -75.63533, 45.420892 ], [ -75.63533, 45.420892 ], [ -75.63533, 45.420892 ], [ -75.63533, 45.420892 ], [ -75.63533, 45.420892 ], [ -75.63533, 45.420892 ], [ -75.63533, 45.420892 ], [ -75.63533, 45.420892 ], [ -75.63533, 45.420892 ], [ -75.63533, 45.420892 ], [ -75.63533, 45.420892 ], [ -75.63533, 45.420892 ], [ -75.63533, 45.420892 ], [ -75.63533, 45.420892 ], [ -75.63533, 45.420892 ], [ -75.63533, 45.420892 ], [ -75.63533, 45.420892 ], [ -75.63533, 45.420892 ], [ -75.63533, 45.420892 ], [ -75.63533, 45.420892 ], [ -75.63533, 45.420892 ], [ -75.63533, 45.420892 ], [ -75.63533, 45.420892 ], [ -75.63533, 45.420892 ], [ -75.63533, 45.420892 ], [ -75.63533, 45.420892 ], [ -75.63533, 45.420892 ], [ -75.63533, 45.420892 ], [ -75.63533, 45.420892 ], [ -75.63533, 45.420892 ], [ -75.63533, 45.420892 ], [ -75.63533, 45.420892 ], [ -75.63533, 45.420892 ], [ -75.63533, 45.420892 ], [ -75.63533, 45.420892 ], [ -75.63533, 45.420892 ], [ -75.63533, 45.420892 ], [ -75.63533, 45.420892 ], [ -75.63533, 45.420892 ], [ -75.63533, 45.420892 ], [ -75.63533, 45.420892 ], [ -75.63533, 45.420892 ], [ -75.63533, 45.420892 ], [ -75.63533, 45.420892 ], [ -75.63533, 45.420892 ], [ -75.63533, 45.420892 ], [ -75.63533, 45.420892 ], [ -75.63533, 45.420892 ], [ -75.63533, 45.420892 ], [ -75.63533, 45.420892 ], [ -75.63533, 45.420892 ], [ -75.63533, 45.420892 ], [ -75.63533, 45.420892 ], [ -75.63533, 45.420892 ], [ -75.63533, 45.420892 ], [ -75.63533, 45.420892 ], [ -75.63533, 45.420892 ], [ -75.63533, 45.420892 ], [ -75.63533, 45.420892 ], [ -75.63533, 45.420892 ], [ -75.63533, 45.420892 ], [ -75.63533, 45.420892 ], [ -75.63533, 45.420892 ], [ -75.63533, 45.420892 ], [ -75.63533, 45.420892 ], [ -75.63533, 45.420892 ], [ -75.63533, 45.420892 ], [ -75.63533, 45.420892 ], [ -75.63533, 45.420892 ], [ -75.63533, 45.420892 ], [ -75.63533, 45.420892 ], [ -75.63533, 45.420892 ], [ -75.63533, 45.420892 ], [ -75.63533, 45.420892 ], [ -75.63533, 45.420892 ], [ -75.63533, 45.420892 ], [ -75.63533, 45.420892 ], [ -75.63533, 45.420892 ], [ -75.63533, 45.420892 ], [ -75.63533, 45.420892 ], [ -75.63533, 45.420892 ], [ -75.63533, 45.420892 ], [ -75.63533, 45.420892 ], [ -75.63533, 45.420892 ], [ -75.63533, 45.420892 ], [ -75.63533, 45.420892 ], [ -75.63533, 45.420892 ], [ -75.63533, 45.420892 ], [ -75.63533, 45.420892 ], [ -75.63533, 45.420892 ], [ -75.63533, 45.420892 ], [ -75.63533, 45.420892 ], [ -75.63533, 45.420892 ], [ -75.63533, 45.420892 ], [ -75.63533, 45.420892 ], [ -75.63533, 45.420892 ], [ -75.63533, 45.420892 ], [ -75.63533, 45.420892 ], [ -75.63533, 45.420892 ], [ -75.63533, 45.420892 ], [ -75.63533, 45.420892 ], [ -75.63533, 45.420892 ], [ -75.63533, 45.420892 ], [ -75.63533, 45.420892 ], [ -75.63533, 45.420892 ], [ -75.63533, 45.420892 ], [ -75.63533, 45.420892 ], [ -75.63533, 45.420892 ], [ -75.63533, 45.420892 ], [ -75.63533, 45.420892 ], [ -75.63533, 45.420892 ], [ -75.63533, 45.420892 ], [ -75.63533, 45.420892 ], [ -75.63533, 45.420892 ], [ -75.63533, 45.420892 ], [ -75.63533, 45.420892 ], [ -75.63533, 45.420892 ], [ -75.63533, 45.420892 ], [ -75.63533, 45.420892 ], [ -75.63533, 45.420892 ], [ -75.63533, 45.420892 ], [ -75.63533, 45.420892 ], [ -75.63533, 45.420892 ], [ -75.63533, 45.420892 ], [ -75.63533, 45.420892 ], [ -75.63533, 45.420892 ], [ -75.63533, 45.420892 ], [ -75.63533, 45.420892 ], [ -75.63533, 45.420892 ], [ -75.63533, 45.420892 ], [ -75.63533, 45.420892 ], [ -75.63533, 45.420892 ], [ -75.63533, 45.420892 ], [ -75.63533, 45.420892 ], [ -75.63533, 45.420892 ], [ -75.63533, 45.420892 ], [ -75.63533, 45.420892 ], [ -75.63533, 45.420892 ], [ -75.63533, 45.420892 ], [ -75.63533, 45.420892 ], [ -75.63533, 45.420892 ], [ -75.63533, 45.420892 ], [ -75.63533, 45.420892 ], [ -75.63533, 45.420892 ], [ -75.63533, 45.420892 ], [ -75.63533, 45.420892 ], [ -75.63533, 45.420892 ], [ -75.63533, 45.420892 ], [ -75.63533, 45.420892 ], [ -75.63533, 45.420892 ], [ -75.63533, 45.420892 ], [ -75.63533, 45.420892 ], [ -75.63533, 45.420892 ], [ -75.63533, 45.420892 ], [ -75.63533, 45.420892 ], [ -75.63533, 45.420892 ], [ -75.63533, 45.420892 ], [ -75.63533, 45.420892 ], [ -75.63533, 45.420892 ], [ -75.63533, 45.420892 ], [ -75.63533, 45.420892 ], [ -75.63533, 45.420892 ], [ -75.63533, 45.420892 ], [ -75.63533, 45.420892 ], [ -75.63533, 45.420892 ], [ -75.63533, 45.420892 ], [ -75.63533, 45.420892 ], [ -75.63533, 45.420892 ], [ -75.63533, 45.420892 ], [ -75.63533, 45.420892 ], [ -75.63533, 45.420892 ], [ -75.63533, 45.420892 ], [ -75.63533, 45.420892 ], [ -75.63533, 45.420892 ], [ -75.63533, 45.420892 ], [ -75.63533, 45.420892 ], [ -75.63533, 45.420892 ], [ -75.63533, 45.420892 ], [ -75.63533, 45.420892 ], [ -75.63533, 45.420892 ], [ -75.63533, 45.420892 ], [ -75.63533, 45.420892 ], [ -75.63533, 45.420892 ], [ -75.63533, 45.420892 ], [ -75.63533, 45.420892 ], [ -75.63533, 45.420892 ], [ -75.63533, 45.420892 ], [ -75.63533, 45.420892 ], [ -75.63533, 45.420892 ], [ -75.63533, 45.420892 ], [ -75.63533, 45.420892 ], [ -75.63533, 45.420892 ], [ -75.63533, 45.420892 ], [ -75.63533, 45.420892 ], [ -75.63533, 45.420892 ], [ -75.63533, 45.420892 ], [ -75.63533, 45.420892 ], [ -75.63533, 45.420892 ], [ -75.63533, 45.420892 ], [ -75.63533, 45.420892 ], [ -75.63533, 45.420892 ], [ -75.63533, 45.420892 ], [ -75.63533, 45.420892 ], [ -75.63533, 45.420892 ], [ -75.63533, 45.420892 ], [ -75.63533, 45.420892 ], [ -75.63533, 45.420892 ], [ -75.63533, 45.420892 ], [ -75.63533, 45.420892 ], [ -75.63533, 45.420892 ], [ -75.63533, 45.420892 ], [ -75.63533, 45.420892 ], [ -75.63533, 45.420892 ], [ -75.63533, 45.420892 ], [ -75.63533, 45.420892 ], [ -75.63533, 45.420892 ], [ -75.63533, 45.420892 ], [ -75.63533, 45.420892 ], [ -75.63533, 45.420892 ], [ -75.63533, 45.420892 ], [ -75.63533, 45.420892 ], [ -75.63533, 45.420892 ], [ -75.63533, 45.420892 ], [ -75.63533, 45.420892 ], [ -75.63533, 45.420892 ], [ -75.63533, 45.420892 ], [ -75.63533, 45.420892 ], [ -75.63533, 45.420892 ], [ -75.63533, 45.420892 ], [ -75.63533, 45.420892 ], [ -75.63533, 45.420892 ], [ -75.63533, 45.420892 ], [ -75.63533, 45.420892 ], [ -75.63533, 45.420892 ], [ -75.63533, 45.420892 ], [ -75.63533, 45.420892 ], [ -75.63533, 45.420892 ], [ -75.63533, 45.420892 ], [ -75.63533, 45.420892 ], [ -75.63533, 45.420892 ], [ -75.63533, 45.420892 ], [ -75.63533, 45.420892 ], [ -75.63533, 45.420892 ], [ -75.63533, 45.420892 ], [ -75.63533, 45.420892 ], [ -75.63533, 45.420892 ], [ -75.63533, 45.420892 ], [ -75.63533, 45.420892 ], [ -75.63533, 45.420892 ], [ -75.63533, 45.420892 ], [ -75.63533, 45.420892 ], [ -75.63533, 45.420892 ], [ -75.63533, 45.420892 ], [ -75.63533, 45.420892 ], [ -75.63533, 45.420892 ], [ -75.63533, 45.420892 ], [ -75.63533, 45.420892 ], [ -75.63533, 45.420892 ], [ -75.63533, 45.420892 ], [ -75.63533, 45.420892 ], [ -75.63533, 45.420892 ], [ -75.63533, 45.420892 ], [ -75.63533, 45.420892 ], [ -75.63533, 45.420892 ], [ -75.63533, 45.420892 ], [ -75.63533, 45.420892 ], [ -75.63533, 45.420892 ], [ -75.63533, 45.420892 ], [ -75.63533, 45.420892 ], [ -75.63533, 45.420892 ], [ -75.63533, 45.420892 ], [ -75.63533, 45.420892 ], [ -75.63533, 45.420892 ], [ -75.63533, 45.420892 ], [ -75.63533, 45.420892 ], [ -75.63533, 45.420892 ], [ -75.63533, 45.420892 ], [ -75.63533, 45.420892 ], [ -75.63533, 45.420892 ], [ -75.63533, 45.420892 ], [ -75.63533, 45.420892 ], [ -75.63533, 45.420892 ], [ -75.63533, 45.420892 ], [ -75.63533, 45.420892 ], [ -75.63533, 45.420892 ], [ -75.63533, 45.420892 ], [ -75.63533, 45.420892 ], [ -75.63533, 45.420892 ], [ -75.63533, 45.420892 ], [ -75.63533, 45.420892 ], [ -75.63533, 45.420892 ], [ -75.63533, 45.420892 ], [ -75.63533, 45.420892 ], [ -75.63533, 45.420892 ], [ -75.63533, 45.420892 ], [ -75.63533, 45.420892 ], [ -75.63533, 45.420892 ], [ -75.63533, 45.420892 ], [ -75.63533, 45.420892 ], [ -75.63533, 45.420892 ], [ -75.63533, 45.420892 ], [ -75.63533, 45.420892 ], [ -75.63533, 45.420892 ], [ -75.63533, 45.420892 ], [ -75.63533, 45.420892 ], [ -75.63533, 45.420892 ], [ -75.63533, 45.420892 ], [ -75.63533, 45.420892 ], [ -75.63533, 45.420892 ], [ -75.63533, 45.420892 ], [ -75.63533, 45.420892 ], [ -75.63533, 45.420892 ], [ -75.63533, 45.420892 ], [ -75.63533, 45.420892 ], [ -75.63533, 45.420892 ], [ -75.63533, 45.420892 ], [ -75.63533, 45.420892 ], [ -75.63533, 45.420892 ], [ -75.63533, 45.420892 ], [ -75.63533, 45.420892 ], [ -75.63533, 45.420892 ], [ -75.63533, 45.420892 ], [ -75.63533, 45.420892 ], [ -75.63533, 45.420892 ], [ -75.63533, 45.420892 ], [ -75.63533, 45.420892 ], [ -75.63533, 45.420892 ], [ -75.63533, 45.420892 ], [ -75.63533, 45.420892 ], [ -75.63533, 45.420892 ], [ -75.63533, 45.420892 ], [ -75.63533, 45.420892 ], [ -75.63533, 45.420892 ], [ -75.63533, 45.420892 ], [ -75.63533, 45.420892 ], [ -75.63533, 45.420892 ], [ -75.63533, 45.420892 ], [ -75.63533, 45.420892 ], [ -75.63533, 45.420892 ], [ -75.63533, 45.420892 ], [ -75.63533, 45.420892 ], [ -75.63533, 45.420892 ], [ -75.63533, 45.420892 ], [ -75.63533, 45.420892 ], [ -75.63533, 45.420892 ], [ -75.63533, 45.420892 ], [ -75.63533, 45.420892 ], [ -75.63533, 45.420892 ], [ -75.63533, 45.420892 ], [ -75.63533, 45.420892 ], [ -75.63533, 45.420892 ], [ -75.63533, 45.420892 ], [ -75.63533, 45.420892 ], [ -75.63533, 45.420892 ], [ -75.63533, 45.420892 ], [ -75.63533, 45.420892 ], [ -75.63533, 45.420892 ], [ -75.63533, 45.420892 ], [ -75.63533, 45.420892 ], [ -75.63533, 45.420892 ], [ -75.63533, 45.420892 ], [ -75.63533, 45.420892 ], [ -75.63533, 45.420892 ], [ -75.63533, 45.420892 ], [ -75.63533, 45.420892 ], [ -75.63533, 45.420892 ], [ -75.63533, 45.420892 ], [ -75.63533, 45.420892 ], [ -75.63533, 45.420892 ], [ -75.63533, 45.420892 ], [ -75.63533, 45.420892 ], [ -75.63533, 45.420892 ], [ -75.63533, 45.420892 ], [ -75.63533, 45.420892 ], [ -75.63533, 45.420892 ], [ -75.63533, 45.420892 ], [ -75.63533, 45.420892 ], [ -75.63533, 45.420892 ], [ -75.63533, 45.420892 ], [ -75.63533, 45.420892 ], [ -75.63533, 45.420892 ], [ -75.63533, 45.420892 ], [ -75.63533, 45.420892 ], [ -75.63533, 45.420892 ], [ -75.63533, 45.420892 ], [ -75.63533, 45.420892 ], [ -75.63533, 45.420892 ], [ -75.63533, 45.420892 ], [ -75.63533, 45.420892 ], [ -75.63533, 45.420892 ], [ -75.63533, 45.420892 ], [ -75.63533, 45.420892 ], [ -75.63533, 45.420892 ], [ -75.63533, 45.420892 ], [ -75.63533, 45.420892 ], [ -75.63533, 45.420892 ], [ -75.63533, 45.420892 ], [ -75.63533, 45.420892 ], [ -75.63533, 45.420892 ], [ -75.63533, 45.420892 ], [ -75.63533, 45.420892 ], [ -75.63533, 45.420892 ], [ -75.63533, 45.420892 ], [ -75.63533, 45.420892 ], [ -75.63533, 45.420892 ], [ -75.63533, 45.420892 ], [ -75.63533, 45.420892 ], [ -75.63533, 45.420892 ], [ -75.63533, 45.420892 ], [ -75.63533, 45.420892 ], [ -75.63533, 45.420892 ], [ -75.63533, 45.420892 ], [ -75.63533, 45.420892 ], [ -75.63533, 45.420892 ], [ -75.63533, 45.420892 ], [ -75.63533, 45.420892 ], [ -75.63533, 45.420892 ], [ -75.63533, 45.420892 ], [ -75.63533, 45.420892 ], [ -75.63533, 45.420892 ], [ -75.63533, 45.420892 ], [ -75.63533, 45.420892 ], [ -75.63533, 45.420892 ], [ -75.63533, 45.420892 ], [ -75.63533, 45.420892 ], [ -75.63533, 45.420892 ], [ -75.63533, 45.420892 ], [ -75.63533, 45.420892 ], [ -75.63533, 45.420892 ], [ -75.63533, 45.420892 ], [ -75.63533, 45.420892 ], [ -75.63533, 45.420892 ], [ -75.63533, 45.420892 ], [ -75.63533, 45.420892 ], [ -75.63533, 45.420892 ], [ -75.63533, 45.420892 ], [ -75.63533, 45.420892 ], [ -75.63533, 45.420892 ], [ -75.63533, 45.420892 ], [ -75.63533, 45.420892 ], [ -75.63533, 45.420892 ], [ -75.63533, 45.420892 ], [ -75.63533, 45.420892 ], [ -75.63533, 45.420892 ], [ -75.63533, 45.420892 ], [ -75.63533, 45.420892 ], [ -75.63533, 45.420892 ], [ -75.63533, 45.420892 ], [ -75.63533, 45.420892 ], [ -75.63533, 45.420892 ], [ -75.63533, 45.420892 ], [ -75.63533, 45.420892 ], [ -75.63533, 45.420892 ], [ -75.63533, 45.420892 ], [ -75.63533, 45.420892 ], [ -75.63533, 45.420892 ], [ -75.63533, 45.420892 ], [ -75.63533, 45.420892 ], [ -75.63533, 45.420892 ], [ -75.63533, 45.420892 ], [ -75.63533, 45.420892 ], [ -75.63533, 45.420892 ], [ -75.63533, 45.420892 ], [ -75.63533, 45.420892 ], [ -75.63533, 45.420892 ], [ -75.63533, 45.420892 ], [ -75.63533, 45.420892 ], [ -75.63533, 45.420892 ], [ -75.63533, 45.420892 ], [ -75.63533, 45.420892 ], [ -75.63533, 45.420892 ], [ -75.63533, 45.420892 ], [ -75.63533, 45.420892 ], [ -75.63533, 45.420892 ], [ -75.63533, 45.420892 ], [ -75.63533, 45.420892 ], [ -75.63533, 45.420892 ], [ -75.63533, 45.420892 ], [ -75.63533, 45.420892 ], [ -75.63533, 45.420892 ], [ -75.63533, 45.420892 ], [ -75.63533, 45.420892 ], [ -75.63533, 45.420892 ], [ -75.63533, 45.420892 ], [ -75.63533, 45.420892 ], [ -75.63533, 45.420892 ], [ -75.63533, 45.420892 ], [ -75.63533, 45.420892 ], [ -75.63533, 45.420892 ], [ -75.63533, 45.420892 ], [ -75.63533, 45.420892 ], [ -75.63533, 45.420892 ], [ -75.63533, 45.420892 ], [ -75.63533, 45.420892 ], [ -75.63533, 45.420892 ], [ -75.63533, 45.420892 ], [ -75.63533, 45.420892 ], [ -75.63533, 45.420892 ], [ -75.63533, 45.420892 ], [ -75.63533, 45.420892 ], [ -75.63533, 45.420892 ], [ -75.63533, 45.420892 ], [ -75.63533, 45.420892 ], [ -75.63533, 45.420892 ], [ -75.63533, 45.420892 ], [ -75.63533, 45.420892 ], [ -75.63533, 45.420892 ], [ -75.63533, 45.420892 ], [ -75.63533, 45.420892 ], [ -75.63533, 45.420892 ], [ -75.63533, 45.420892 ], [ -75.63533, 45.420892 ], [ -75.63533, 45.420892 ], [ -75.63533, 45.420892 ], [ -75.63533, 45.420892 ], [ -75.63533, 45.420892 ], [ -75.63533, 45.420892 ], [ -75.63533, 45.420892 ], [ -75.63533, 45.420892 ], [ -75.63533, 45.420892 ], [ -75.63533, 45.420892 ], [ -75.63533, 45.420892 ], [ -75.63533, 45.420892 ], [ -75.63533, 45.420892 ], [ -75.63533, 45.420892 ], [ -75.63533, 45.420892 ], [ -75.63533, 45.420892 ], [ -75.63533, 45.420892 ], [ -75.63533, 45.420892 ], [ -75.63533, 45.420892 ], [ -75.63533, 45.420892 ], [ -75.63533, 45.420892 ], [ -75.63533, 45.420892 ], [ -75.63533, 45.420892 ], [ -75.63533, 45.420892 ], [ -75.63533, 45.420892 ], [ -75.63533, 45.420892 ], [ -75.63533, 45.420892 ], [ -75.63533, 45.420892 ], [ -75.63533, 45.420892 ], [ -75.63533, 45.420892 ], [ -75.63533, 45.420892 ], [ -75.63533, 45.420892 ], [ -75.63533, 45.420892 ], [ -75.63533, 45.420892 ], [ -75.63533, 45.420892 ], [ -75.63533, 45.420892 ], [ -75.63533, 45.420892 ], [ -75.63533, 45.420892 ], [ -75.63533, 45.420892 ], [ -75.63533, 45.420892 ], [ -75.63533, 45.420892 ], [ -75.63533, 45.420892 ], [ -75.63533, 45.420892 ], [ -75.63533, 45.420892 ], [ -75.63533, 45.420892 ], [ -75.63533, 45.420892 ], [ -75.63533, 45.420892 ], [ -75.63533, 45.420892 ], [ -75.63533, 45.420892 ], [ -75.63533, 45.420892 ], [ -75.63533, 45.420892 ], [ -75.63533, 45.420892 ], [ -75.63533, 45.420892 ], [ -75.63533, 45.420892 ], [ -75.63533, 45.420892 ], [ -75.63533, 45.420892 ], [ -75.63533, 45.420892 ], [ -75.63533, 45.420892 ], [ -75.63533, 45.420892 ], [ -75.63533, 45.420892 ], [ -75.63533, 45.420892 ], [ -75.63533, 45.420892 ], [ -75.63533, 45.420892 ], [ -75.63533, 45.420892 ], [ -75.63533, 45.420892 ], [ -75.63533, 45.420892 ], [ -75.63533, 45.420892 ], [ -75.63533, 45.420892 ], [ -75.63533, 45.420892 ], [ -75.63533, 45.420892 ], [ -75.63533, 45.420892 ], [ -75.63533, 45.420892 ], [ -75.63533, 45.420892 ], [ -75.63533, 45.420892 ], [ -75.63533, 45.420892 ], [ -75.63533, 45.420892 ], [ -75.63533, 45.420892 ], [ -75.63533, 45.420892 ], [ -75.63533, 45.420892 ], [ -75.63533, 45.420892 ], [ -75.63533, 45.420892 ], [ -75.63533, 45.420892 ], [ -75.63533, 45.420892 ], [ -75.63533, 45.420892 ], [ -75.63533, 45.420892 ], [ -75.63533, 45.420892 ], [ -75.63533, 45.420892 ], [ -75.63533, 45.420892 ], [ -75.63533, 45.420892 ], [ -75.63533, 45.420892 ], [ -75.63533, 45.420892 ], [ -75.63533, 45.420892 ], [ -75.63533, 45.420892 ], [ -75.63533, 45.420892 ], [ -75.63533, 45.420892 ], [ -75.63533, 45.420892 ], [ -75.63533, 45.420892 ], [ -75.63533, 45.420892 ], [ -75.63533, 45.420892 ], [ -75.63533, 45.420892 ], [ -75.63533, 45.420892 ], [ -75.63533, 45.420892 ], [ -75.63533, 45.420892 ], [ -75.63533, 45.420892 ], [ -75.63533, 45.420892 ], [ -75.63533, 45.420892 ], [ -75.63533, 45.420892 ], [ -75.63533, 45.420892 ], [ -75.63533, 45.420892 ], [ -75.63533, 45.420892 ], [ -75.63533, 45.420892 ], [ -75.63533, 45.420892 ], [ -75.63533, 45.420892 ], [ -75.63533, 45.420892 ], [ -75.63533, 45.420892 ], [ -75.63533, 45.420892 ], [ -75.63533, 45.420892 ], [ -75.63533, 45.420892 ], [ -75.63533, 45.420892 ], [ -75.63533, 45.420892 ], [ -75.63533, 45.420892 ], [ -75.63533, 45.420892 ], [ -75.63533, 45.420892 ], [ -75.63533, 45.420892 ], [ -75.63533, 45.420892 ], [ -75.63533, 45.420892 ], [ -75.63533, 45.420892 ], [ -75.63533, 45.420892 ], [ -75.63533, 45.420892 ], [ -75.63533, 45.420892 ], [ -75.63533, 45.420892 ], [ -75.63533, 45.420892 ], [ -75.63533, 45.420892 ], [ -75.63533, 45.420892 ], [ -75.63533, 45.420892 ], [ -75.63533, 45.420892 ], [ -75.63533, 45.420892 ], [ -75.63533, 45.420892 ], [ -75.63533, 45.420892 ], [ -75.63533, 45.420892 ], [ -75.63533, 45.420892 ], [ -75.63533, 45.420892 ], [ -75.63533, 45.420892 ], [ -75.63533, 45.420892 ], [ -75.63533, 45.420892 ], [ -75.63533, 45.420892 ], [ -75.63533, 45.420892 ], [ -75.63533, 45.420892 ], [ -75.63533, 45.420892 ], [ -75.63533, 45.420892 ], [ -75.63533, 45.420892 ], [ -75.63533, 45.420892 ], [ -75.63533, 45.420892 ], [ -75.63533, 45.420892 ], [ -75.63533, 45.420892 ], [ -75.63533, 45.420892 ], [ -75.63533, 45.420892 ], [ -75.63533, 45.420892 ], [ -75.63533, 45.420892 ], [ -75.63533, 45.420892 ], [ -75.63533, 45.420892 ], [ -75.63533, 45.420892 ], [ -75.63533, 45.420892 ], [ -75.63533, 45.420892 ], [ -75.63533, 45.420892 ], [ -75.63533, 45.420892 ], [ -75.63533, 45.420892 ], [ -75.63533, 45.420892 ], [ -75.63533, 45.420892 ], [ -75.63533, 45.420892 ], [ -75.63533, 45.420892 ], [ -75.63533, 45.420892 ], [ -75.63533, 45.420892 ], [ -75.63533, 45.420892 ], [ -75.63533, 45.420892 ], [ -75.63533, 45.420892 ], [ -75.63533, 45.420892 ], [ -75.63533, 45.420892 ], [ -75.63533, 45.420892 ], [ -75.63533, 45.420892 ], [ -75.63533, 45.420892 ], [ -75.63533, 45.420892 ], [ -75.63533, 45.420892 ], [ -75.63533, 45.420892 ], [ -75.63533, 45.420892 ], [ -75.63533, 45.420892 ], [ -75.63533, 45.420892 ], [ -75.63533, 45.420892 ], [ -75.63533, 45.420892 ], [ -75.63533, 45.420892 ], [ -75.63533, 45.420892 ], [ -75.63533, 45.420892 ], [ -75.63533, 45.420892 ], [ -75.63533, 45.420892 ], [ -75.63533, 45.420892 ], [ -75.63533, 45.420892 ], [ -75.63533, 45.420892 ], [ -75.63533, 45.420892 ], [ -75.63533, 45.420892 ], [ -75.63533, 45.420892 ], [ -75.63533, 45.420892 ], [ -75.63533, 45.420892 ], [ -75.63533, 45.420892 ], [ -75.63533, 45.420892 ], [ -75.63533, 45.420892 ], [ -75.63533, 45.420892 ], [ -75.63533, 45.420892 ], [ -75.63533, 45.420892 ], [ -75.63533, 45.420892 ], [ -75.63533, 45.420892 ], [ -75.63533, 45.420892 ], [ -75.63533, 45.420892 ], [ -75.63533, 45.420892 ], [ -75.63533, 45.420892 ], [ -75.63533, 45.420892 ], [ -75.63533, 45.420892 ], [ -75.63533, 45.420892 ], [ -75.63533, 45.420892 ], [ -75.63533, 45.420892 ], [ -75.63533, 45.420892 ], [ -75.63533, 45.420892 ], [ -75.63533, 45.420892 ], [ -75.63533, 45.420892 ], [ -75.63533, 45.420892 ], [ -75.63533, 45.420892 ], [ -75.63533, 45.420892 ], [ -75.63533, 45.420892 ], [ -75.63533, 45.420892 ], [ -75.63533, 45.420892 ], [ -75.63533, 45.420892 ], [ -75.63533, 45.420892 ], [ -75.63533, 45.420892 ], [ -75.63533, 45.420892 ], [ -75.63533, 45.420892 ], [ -75.63533, 45.420892 ], [ -75.63533, 45.420892 ], [ -75.63533, 45.420892 ], [ -75.63533, 45.420892 ], [ -75.63533, 45.420892 ], [ -75.63533, 45.420892 ], [ -75.63533, 45.420892 ], [ -75.63533, 45.420892 ], [ -75.63533, 45.420892 ], [ -75.63533, 45.420892 ], [ -75.63533, 45.420892 ], [ -75.63533, 45.420892 ], [ -75.63533, 45.420892 ], [ -75.63533, 45.420892 ], [ -75.63533, 45.420892 ], [ -75.63533, 45.420892 ], [ -75.63533, 45.420892 ], [ -75.63533, 45.420892 ], [ -75.63533, 45.420892 ], [ -75.63533, 45.420892 ], [ -75.63533, 45.420892 ], [ -75.63533, 45.420892 ], [ -75.63533, 45.420892 ], [ -75.63533, 45.420892 ], [ -75.63533, 45.420892 ], [ -75.63533, 45.420892 ], [ -75.63533, 45.420892 ], [ -75.63533, 45.420892 ], [ -75.63533, 45.420892 ], [ -75.63533, 45.420892 ], [ -75.63533, 45.420892 ], [ -75.63533, 45.420892 ], [ -75.63533, 45.420892 ], [ -75.63533, 45.420892 ], [ -75.63533, 45.420892 ], [ -75.63533, 45.420892 ], [ -75.63533, 45.420892 ], [ -75.63533, 45.420892 ], [ -75.63533, 45.420892 ], [ -75.63533, 45.420892 ], [ -75.63533, 45.420892 ], [ -75.63533, 45.420892 ], [ -75.63533, 45.420892 ], [ -75.63533, 45.420892 ], [ -75.63533, 45.420892 ], [ -75.63533, 45.420892 ], [ -75.63533, 45.420892 ], [ -75.63533, 45.420892 ], [ -75.63533, 45.420892 ], [ -75.63533, 45.420892 ], [ -75.63533, 45.420892 ], [ -75.63533, 45.420892 ], [ -75.63533, 45.420892 ], [ -75.63533, 45.420892 ], [ -75.63533, 45.420892 ], [ -75.63533, 45.420892 ], [ -75.63533, 45.420892 ], [ -75.63533, 45.420892 ], [ -75.63533, 45.420892 ], [ -75.63533, 45.420892 ], [ -75.63533, 45.420892 ], [ -75.63533, 45.420892 ], [ -75.63533, 45.420892 ], [ -75.63533, 45.420892 ], [ -75.63533, 45.420892 ], [ -75.63533, 45.420892 ], [ -75.63533, 45.420892 ], [ -75.63533, 45.420892 ], [ -75.63533, 45.420892 ], [ -75.63533, 45.420892 ], [ -75.63533, 45.420892 ], [ -75.63533, 45.420892 ], [ -75.63533, 45.420892 ], [ -75.63533, 45.420892 ], [ -75.63533, 45.420892 ], [ -75.63533, 45.420892 ], [ -75.63533, 45.420892 ], [ -75.63533, 45.420892 ], [ -75.63533, 45.420892 ], [ -75.63533, 45.420892 ], [ -75.63533, 45.420892 ], [ -75.63533, 45.420892 ], [ -75.63533, 45.420892 ], [ -75.63533, 45.420892 ], [ -75.63533, 45.420892 ], [ -75.63533, 45.420892 ], [ -75.63533, 45.420892 ], [ -75.63533, 45.420892 ], [ -75.63533, 45.420892 ], [ -75.63533, 45.420892 ], [ -75.63533, 45.420892 ], [ -75.63533, 45.420892 ], [ -75.63533, 45.420892 ], [ -75.63533, 45.420892 ], [ -75.63533, 45.420892 ], [ -75.63533, 45.420892 ], [ -75.63533, 45.420892 ], [ -75.63533, 45.420892 ], [ -75.63533, 45.420892 ], [ -75.63533, 45.420892 ], [ -75.63533, 45.420892 ], [ -75.63533, 45.420892 ], [ -75.63533, 45.420892 ], [ -75.63533, 45.420892 ], [ -75.63533, 45.420892 ], [ -75.63533, 45.420892 ], [ -75.63533, 45.420892 ], [ -75.63533, 45.420892 ], [ -75.63533, 45.420892 ], [ -75.63533, 45.420892 ], [ -75.63533, 45.420892 ], [ -75.63533, 45.420892 ], [ -75.63533, 45.420892 ], [ -75.63533, 45.420892 ], [ -75.63533, 45.420892 ], [ -75.63533, 45.420892 ], [ -75.63533, 45.420892 ], [ -75.63533, 45.420892 ], [ -75.63533, 45.420892 ], [ -75.63533, 45.420892 ], [ -75.63533, 45.420892 ], [ -75.63533, 45.420892 ], [ -75.63533, 45.420892 ], [ -75.63533, 45.420892 ], [ -75.63533, 45.420892 ], [ -75.63533, 45.420892 ], [ -75.63533, 45.420892 ], [ -75.63533, 45.420892 ], [ -75.63533, 45.420892 ], [ -75.63533, 45.420892 ], [ -75.63533, 45.420892 ], [ -75.63533, 45.420892 ], [ -75.63533, 45.420892 ], [ -75.63533, 45.420892 ], [ -75.63533, 45.420892 ], [ -75.63533, 45.420892 ], [ -75.63533, 45.420892 ], [ -75.63533, 45.420892 ], [ -75.63533, 45.420892 ], [ -75.63533, 45.420892 ], [ -75.63533, 45.420892 ], [ -75.63533, 45.420892 ], [ -75.63533, 45.420892 ], [ -75.63533, 45.420892 ], [ -75.63533, 45.420892 ], [ -75.63533, 45.420892 ], [ -75.63533, 45.420892 ], [ -75.63533, 45.420892 ], [ -75.63533, 45.420892 ], [ -75.63533, 45.420892 ], [ -75.63533, 45.420892 ], [ -75.63533, 45.420892 ], [ -75.63533, 45.420892 ], [ -75.63533, 45.420892 ], [ -75.63533, 45.420892 ], [ -75.63533, 45.420892 ], [ -75.63533, 45.420892 ], [ -75.63533, 45.420892 ], [ -75.63533, 45.420892 ], [ -75.63533, 45.420892 ], [ -75.63533, 45.420892 ], [ -75.63533, 45.420892 ], [ -75.63533, 45.420892 ], [ -75.63533, 45.420892 ], [ -75.63533, 45.420892 ], [ -75.63533, 45.420892 ], [ -75.63533, 45.420892 ], [ -75.63533, 45.420892 ], [ -75.63533, 45.420892 ], [ -75.63533, 45.420892 ], [ -75.63533, 45.420892 ], [ -75.63533, 45.420892 ], [ -75.635385, 45.421003 ], [ -75.635441, 45.421114 ], [ -75.635183, 45.421498 ], [ -75.634604, 45.421573 ], [ -75.634454, 45.42137 ], [ -75.634775, 45.421009 ], [ -75.634938, 45.420993 ], [ -75.635262, 45.420963 ], [ -75.635262, 45.420963 ], [ -75.635262, 45.420963 ], [ -75.635262, 45.420963 ], [ -75.635262, 45.420963 ], [ -75.635262, 45.420963 ], [ -75.635262, 45.420963 ], [ -75.635262, 45.420963 ], [ -75.635262, 45.420963 ], [ -75.635262, 45.420963 ], [ -75.635262, 45.420963 ], [ -75.635262, 45.420963 ], [ -75.635262, 45.420963 ], [ -75.635262, 45.420963 ], [ -75.635262, 45.420963 ], [ -75.635262, 45.420963 ], [ -75.635262, 45.420963 ], [ -75.635262, 45.420963 ], [ -75.635262, 45.420963 ], [ -75.635262, 45.420963 ], [ -75.635262, 45.420963 ], [ -75.635262, 45.420963 ], [ -75.635262, 45.420963 ], [ -75.635262, 45.420963 ], [ -75.635262, 45.420963 ], [ -75.635262, 45.420963 ], [ -75.635262, 45.420963 ], [ -75.635262, 45.420963 ], [ -75.635262, 45.420963 ], [ -75.635262, 45.420963 ], [ -75.635262, 45.420963 ], [ -75.635262, 45.420963 ], [ -75.635262, 45.420963 ], [ -75.635262, 45.420963 ], [ -75.635262, 45.420963 ], [ -75.635262, 45.420963 ], [ -75.635262, 45.420963 ], [ -75.635262, 45.420963 ], [ -75.635262, 45.420963 ], [ -75.635262, 45.420963 ], [ -75.635262, 45.420963 ], [ -75.635262, 45.420963 ], [ -75.635262, 45.420963 ], [ -75.635262, 45.420963 ], [ -75.635262, 45.420963 ], [ -75.635262, 45.420963 ], [ -75.635262, 45.420963 ], [ -75.635262, 45.420963 ], [ -75.635262, 45.420963 ], [ -75.635262, 45.420963 ], [ -75.635262, 45.420963 ], [ -75.635262, 45.420963 ], [ -75.635262, 45.420963 ], [ -75.635262, 45.420963 ], [ -75.635262, 45.420963 ], [ -75.635262, 45.420963 ], [ -75.635262, 45.420963 ], [ -75.635262, 45.420963 ], [ -75.635262, 45.420963 ], [ -75.635262, 45.420963 ], [ -75.635262, 45.420963 ], [ -75.635262, 45.420963 ], [ -75.635262, 45.420963 ], [ -75.635262, 45.420963 ], [ -75.635262, 45.420963 ], [ -75.635262, 45.420963 ], [ -75.635262, 45.420963 ], [ -75.635262, 45.420963 ], [ -75.635262, 45.420963 ], [ -75.635262, 45.420963 ], [ -75.635262, 45.420963 ], [ -75.635262, 45.420963 ], [ -75.635262, 45.420963 ], [ -75.635262, 45.420963 ], [ -75.635262, 45.420963 ], [ -75.635262, 45.420963 ], [ -75.635262, 45.420963 ], [ -75.635262, 45.420963 ], [ -75.635262, 45.420963 ], [ -75.635262, 45.420963 ], [ -75.635262, 45.420963 ], [ -75.635262, 45.420963 ], [ -75.635262, 45.420963 ], [ -75.635262, 45.420963 ], [ -75.635262, 45.420963 ], [ -75.635262, 45.420963 ], [ -75.635262, 45.420963 ], [ -75.635262, 45.420963 ], [ -75.635262, 45.420963 ], [ -75.635262, 45.420963 ], [ -75.635262, 45.420963 ], [ -75.635262, 45.420963 ], [ -75.635262, 45.420963 ], [ -75.635262, 45.420963 ], [ -75.635262, 45.420963 ], [ -75.635262, 45.420963 ], [ -75.635262, 45.420963 ], [ -75.635262, 45.420963 ], [ -75.635262, 45.420963 ], [ -75.635262, 45.420963 ], [ -75.635262, 45.420963 ], [ -75.635262, 45.420963 ], [ -75.635262, 45.420963 ], [ -75.635262, 45.420963 ], [ -75.635262, 45.420963 ], [ -75.635262, 45.420963 ], [ -75.635262, 45.420963 ], [ -75.635262, 45.420963 ], [ -75.635262, 45.420963 ], [ -75.635262, 45.420963 ], [ -75.635262, 45.420963 ], [ -75.635262, 45.420963 ], [ -75.635262, 45.420963 ], [ -75.635262, 45.420963 ], [ -75.635262, 45.420963 ], [ -75.635262, 45.420963 ], [ -75.635262, 45.420963 ], [ -75.635262, 45.420963 ], [ -75.635262, 45.420963 ], [ -75.635262, 45.420963 ], [ -75.635262, 45.420963 ], [ -75.635262, 45.420963 ], [ -75.635262, 45.420963 ], [ -75.635262, 45.420963 ], [ -75.635262, 45.420963 ], [ -75.635262, 45.420963 ], [ -75.635262, 45.420963 ], [ -75.635262, 45.420963 ], [ -75.635262, 45.420963 ], [ -75.635262, 45.420963 ], [ -75.635262, 45.420963 ], [ -75.635262, 45.420963 ], [ -75.635262, 45.420963 ], [ -75.635262, 45.420963 ], [ -75.635262, 45.420963 ], [ -75.635262, 45.420963 ], [ -75.635262, 45.420963 ], [ -75.635262, 45.420963 ], [ -75.635262, 45.420963 ], [ -75.635262, 45.420963 ], [ -75.635262, 45.420963 ], [ -75.635262, 45.420963 ], [ -75.635262, 45.420963 ], [ -75.635262, 45.420963 ], [ -75.635262, 45.420963 ], [ -75.635262, 45.420963 ], [ -75.635262, 45.420963 ], [ -75.635262, 45.420963 ], [ -75.635262, 45.420963 ], [ -75.635262, 45.420963 ], [ -75.635262, 45.420963 ], [ -75.635262, 45.420963 ], [ -75.635262, 45.420963 ], [ -75.635262, 45.420963 ], [ -75.635262, 45.420963 ], [ -75.635262, 45.420963 ], [ -75.635262, 45.420963 ], [ -75.635262, 45.420963 ], [ -75.635262, 45.420963 ], [ -75.635262, 45.420963 ], [ -75.635262, 45.420963 ], [ -75.635262, 45.420963 ], [ -75.635262, 45.420963 ], [ -75.635262, 45.420963 ], [ -75.635262, 45.420963 ], [ -75.635262, 45.420963 ], [ -75.635262, 45.420963 ], [ -75.635262, 45.420963 ], [ -75.635262, 45.420963 ], [ -75.635262, 45.420963 ], [ -75.635262, 45.420963 ], [ -75.635262, 45.420963 ], [ -75.635262, 45.420963 ], [ -75.635262, 45.420963 ], [ -75.635262, 45.420963 ], [ -75.635262, 45.420963 ], [ -75.635262, 45.420963 ], [ -75.635262, 45.420963 ], [ -75.635262, 45.420963 ], [ -75.635262, 45.420963 ], [ -75.635262, 45.420963 ], [ -75.635262, 45.420963 ], [ -75.635262, 45.420963 ], [ -75.635262, 45.420963 ], [ -75.635262, 45.420963 ], [ -75.635262, 45.420963 ], [ -75.635262, 45.420963 ], [ -75.635262, 45.420963 ], [ -75.635262, 45.420963 ], [ -75.635262, 45.420963 ], [ -75.635262, 45.420963 ], [ -75.635262, 45.420963 ], [ -75.635262, 45.420963 ], [ -75.635262, 45.420963 ], [ -75.635262, 45.420963 ], [ -75.635262, 45.420963 ], [ -75.635262, 45.420963 ], [ -75.635262, 45.420963 ], [ -75.635262, 45.420963 ], [ -75.635262, 45.420963 ], [ -75.635262, 45.420963 ], [ -75.635262, 45.420963 ], [ -75.635262, 45.420963 ], [ -75.635262, 45.420963 ], [ -75.635262, 45.420963 ], [ -75.635262, 45.420963 ], [ -75.635262, 45.420963 ], [ -75.635262, 45.420963 ], [ -75.635262, 45.420963 ], [ -75.635262, 45.420963 ], [ -75.635262, 45.420963 ], [ -75.635262, 45.420963 ], [ -75.635262, 45.420963 ], [ -75.635262, 45.420963 ], [ -75.635262, 45.420963 ], [ -75.635262, 45.420963 ], [ -75.635262, 45.420963 ], [ -75.635262, 45.420963 ], [ -75.635262, 45.420963 ], [ -75.635262, 45.420963 ], [ -75.635262, 45.420963 ], [ -75.635262, 45.420963 ], [ -75.635262, 45.420963 ], [ -75.635262, 45.420963 ], [ -75.635262, 45.420963 ], [ -75.635262, 45.420963 ], [ -75.635262, 45.420963 ], [ -75.635262, 45.420963 ], [ -75.635262, 45.420963 ], [ -75.635262, 45.420963 ], [ -75.635262, 45.420963 ], [ -75.635262, 45.420963 ], [ -75.635262, 45.420963 ], [ -75.635262, 45.420963 ], [ -75.635262, 45.420963 ], [ -75.635262, 45.420963 ], [ -75.635262, 45.420963 ], [ -75.635262, 45.420963 ], [ -75.635262, 45.420963 ], [ -75.635262, 45.420963 ], [ -75.635262, 45.420963 ], [ -75.635262, 45.420963 ], [ -75.635262, 45.420963 ], [ -75.635262, 45.420963 ], [ -75.635262, 45.420963 ], [ -75.635262, 45.420963 ], [ -75.635262, 45.420963 ], [ -75.635262, 45.420963 ], [ -75.635262, 45.420963 ], [ -75.635262, 45.420963 ], [ -75.635262, 45.420963 ], [ -75.635262, 45.420963 ], [ -75.635262, 45.420963 ], [ -75.635262, 45.420963 ], [ -75.635262, 45.420963 ], [ -75.635262, 45.420963 ], [ -75.635262, 45.420963 ], [ -75.635262, 45.420963 ], [ -75.635262, 45.420963 ], [ -75.635262, 45.420963 ], [ -75.635262, 45.420963 ], [ -75.635262, 45.420963 ], [ -75.635262, 45.420963 ], [ -75.635262, 45.420963 ], [ -75.635262, 45.420963 ], [ -75.635262, 45.420963 ], [ -75.635262, 45.420963 ], [ -75.635262, 45.420963 ], [ -75.635262, 45.420963 ], [ -75.635262, 45.420963 ], [ -75.635262, 45.420963 ], [ -75.635262, 45.420963 ], [ -75.635262, 45.420963 ], [ -75.635262, 45.420963 ], [ -75.635262, 45.420963 ], [ -75.635262, 45.420963 ], [ -75.635262, 45.420963 ], [ -75.635262, 45.420963 ], [ -75.635262, 45.420963 ], [ -75.635262, 45.420963 ], [ -75.635262, 45.420963 ], [ -75.635262, 45.420963 ], [ -75.635262, 45.420963 ], [ -75.635262, 45.420963 ], [ -75.635262, 45.420963 ], [ -75.635262, 45.420963 ], [ -75.635262, 45.420963 ], [ -75.635262, 45.420963 ], [ -75.635262, 45.420963 ], [ -75.635262, 45.420963 ], [ -75.635262, 45.420963 ], [ -75.635262, 45.420963 ], [ -75.635262, 45.420963 ], [ -75.635262, 45.420963 ], [ -75.635262, 45.420963 ], [ -75.635262, 45.420963 ], [ -75.635262, 45.420963 ], [ -75.635262, 45.420963 ], [ -75.635262, 45.420963 ], [ -75.635262, 45.420963 ], [ -75.635262, 45.420963 ], [ -75.635262, 45.420963 ], [ -75.635262, 45.420963 ], [ -75.635262, 45.420963 ], [ -75.635262, 45.420963 ], [ -75.635262, 45.420963 ], [ -75.635262, 45.420963 ], [ -75.635262, 45.420963 ], [ -75.635262, 45.420963 ], [ -75.635262, 45.420963 ], [ -75.635262, 45.420963 ], [ -75.635262, 45.420963 ], [ -75.635262, 45.420963 ], [ -75.635262, 45.420963 ], [ -75.635262, 45.420963 ], [ -75.635262, 45.420963 ], [ -75.635262, 45.420963 ], [ -75.635262, 45.420963 ], [ -75.635262, 45.420963 ], [ -75.635262, 45.420963 ], [ -75.635262, 45.420963 ], [ -75.635262, 45.420963 ], [ -75.635262, 45.420963 ], [ -75.635262, 45.420963 ], [ -75.635262, 45.420963 ], [ -75.635262, 45.420963 ], [ -75.635262, 45.420963 ], [ -75.635262, 45.420963 ], [ -75.635262, 45.420963 ], [ -75.635262, 45.420963 ], [ -75.635262, 45.420963 ], [ -75.635262, 45.420963 ], [ -75.635262, 45.420963 ], [ -75.635262, 45.420963 ], [ -75.635262, 45.420963 ], [ -75.635262, 45.420963 ], [ -75.635262, 45.420963 ], [ -75.635262, 45.420963 ], [ -75.635262, 45.420963 ], [ -75.635262, 45.420963 ], [ -75.635262, 45.420963 ], [ -75.635262, 45.420963 ], [ -75.635262, 45.420963 ], [ -75.635262, 45.420963 ], [ -75.635262, 45.420963 ], [ -75.635262, 45.420963 ], [ -75.635262, 45.420963 ], [ -75.635262, 45.420963 ], [ -75.635262, 45.420963 ], [ -75.635262, 45.420963 ], [ -75.635262, 45.420963 ], [ -75.635262, 45.420963 ], [ -75.635262, 45.420963 ], [ -75.635262, 45.420963 ], [ -75.635262, 45.420963 ], [ -75.635262, 45.420963 ], [ -75.635262, 45.420963 ], [ -75.635262, 45.420963 ], [ -75.635262, 45.420963 ], [ -75.635262, 45.420963 ], [ -75.635262, 45.420963 ], [ -75.635262, 45.420963 ], [ -75.635262, 45.420963 ], [ -75.635262, 45.420963 ], [ -75.635262, 45.420963 ], [ -75.635262, 45.420963 ], [ -75.635262, 45.420963 ], [ -75.635262, 45.420963 ], [ -75.635262, 45.420963 ], [ -75.635262, 45.420963 ], [ -75.635262, 45.420963 ], [ -75.635262, 45.420963 ], [ -75.635262, 45.420963 ], [ -75.635262, 45.420963 ], [ -75.635262, 45.420963 ], [ -75.635262, 45.420963 ], [ -75.635262, 45.420963 ], [ -75.635262, 45.420963 ], [ -75.635262, 45.420963 ], [ -75.635262, 45.420963 ], [ -75.635262, 45.420963 ], [ -75.635262, 45.420963 ], [ -75.635262, 45.420963 ], [ -75.635262, 45.420963 ], [ -75.635262, 45.420963 ], [ -75.635262, 45.420963 ], [ -75.635262, 45.420963 ], [ -75.635262, 45.420963 ], [ -75.635262, 45.420963 ], [ -75.635262, 45.420963 ], [ -75.635262, 45.420963 ], [ -75.635262, 45.420963 ], [ -75.635262, 45.420963 ], [ -75.635262, 45.420963 ], [ -75.635262, 45.420963 ], [ -75.635262, 45.420963 ], [ -75.635262, 45.420963 ], [ -75.635262, 45.420963 ], [ -75.635262, 45.420963 ], [ -75.635262, 45.420963 ], [ -75.635262, 45.420963 ], [ -75.635262, 45.420963 ], [ -75.635262, 45.420963 ], [ -75.635262, 45.420963 ], [ -75.635262, 45.420963 ], [ -75.635262, 45.420963 ], [ -75.635262, 45.420963 ], [ -75.635262, 45.420963 ], [ -75.635262, 45.420963 ], [ -75.635262, 45.420963 ], [ -75.635262, 45.420963 ], [ -75.635262, 45.420963 ], [ -75.635262, 45.420963 ], [ -75.635262, 45.420963 ], [ -75.635262, 45.420963 ], [ -75.635262, 45.420963 ], [ -75.635262, 45.420963 ], [ -75.635262, 45.420963 ], [ -75.635262, 45.420963 ], [ -75.635262, 45.420963 ], [ -75.635262, 45.420963 ], [ -75.635262, 45.420963 ], [ -75.635262, 45.420963 ], [ -75.635262, 45.420963 ], [ -75.635262, 45.420963 ], [ -75.635262, 45.420963 ], [ -75.635262, 45.420963 ], [ -75.635262, 45.420963 ], [ -75.635262, 45.420963 ], [ -75.635262, 45.420963 ], [ -75.635262, 45.420963 ], [ -75.635262, 45.420963 ], [ -75.635262, 45.420963 ], [ -75.635262, 45.420963 ], [ -75.635262, 45.420963 ], [ -75.635262, 45.420963 ], [ -75.635262, 45.420963 ], [ -75.635262, 45.420963 ], [ -75.635262, 45.420963 ], [ -75.635262, 45.420963 ], [ -75.635262, 45.420963 ], [ -75.635262, 45.420963 ], [ -75.635262, 45.420963 ], [ -75.635262, 45.420963 ], [ -75.635262, 45.420963 ], [ -75.635262, 45.420963 ], [ -75.635262, 45.420963 ], [ -75.635262, 45.420963 ], [ -75.635262, 45.420963 ], [ -75.635262, 45.420963 ], [ -75.635262, 45.420963 ], [ -75.635262, 45.420963 ], [ -75.635262, 45.420963 ], [ -75.635262, 45.420963 ], [ -75.635262, 45.420963 ], [ -75.635262, 45.420963 ], [ -75.635262, 45.420963 ], [ -75.635262, 45.420963 ], [ -75.635262, 45.420963 ], [ -75.635262, 45.420963 ], [ -75.635262, 45.420963 ], [ -75.635262, 45.420963 ], [ -75.635262, 45.420963 ], [ -75.635262, 45.420963 ], [ -75.635262, 45.420963 ], [ -75.635262, 45.420963 ], [ -75.635262, 45.420963 ], [ -75.635262, 45.420963 ], [ -75.635262, 45.420963 ], [ -75.635262, 45.420963 ], [ -75.635262, 45.420963 ], [ -75.635262, 45.420963 ], [ -75.635262, 45.420963 ], [ -75.635262, 45.420963 ], [ -75.635262, 45.420963 ], [ -75.635262, 45.420963 ], [ -75.635262, 45.420963 ], [ -75.635262, 45.420963 ], [ -75.635262, 45.420963 ], [ -75.635262, 45.420963 ], [ -75.635262, 45.420963 ], [ -75.635262, 45.420963 ], [ -75.635262, 45.420963 ], [ -75.635262, 45.420963 ], [ -75.635262, 45.420963 ], [ -75.635262, 45.420963 ], [ -75.635262, 45.420963 ], [ -75.635262, 45.420963 ], [ -75.635262, 45.420963 ], [ -75.635262, 45.420963 ], [ -75.635262, 45.420963 ], [ -75.635262, 45.420963 ], [ -75.635262, 45.420963 ], [ -75.635262, 45.420963 ], [ -75.635262, 45.420963 ], [ -75.635262, 45.420963 ], [ -75.635262, 45.420963 ], [ -75.635262, 45.420963 ], [ -75.635262, 45.420963 ], [ -75.635262, 45.420963 ], [ -75.635262, 45.420963 ], [ -75.635262, 45.420963 ], [ -75.635262, 45.420963 ], [ -75.635262, 45.420963 ], [ -75.635262, 45.420963 ], [ -75.635262, 45.420963 ], [ -75.635262, 45.420963 ], [ -75.635262, 45.420963 ], [ -75.635262, 45.420963 ], [ -75.635262, 45.420963 ], [ -75.635262, 45.420963 ], [ -75.635262, 45.420963 ], [ -75.635262, 45.420963 ], [ -75.635262, 45.420963 ], [ -75.635262, 45.420963 ], [ -75.635262, 45.420963 ], [ -75.635262, 45.420963 ], [ -75.635262, 45.420963 ], [ -75.635262, 45.420963 ], [ -75.635262, 45.420963 ], [ -75.635262, 45.420963 ], [ -75.635262, 45.420963 ], [ -75.635262, 45.420963 ], [ -75.635262, 45.420963 ], [ -75.635262, 45.420963 ], [ -75.635262, 45.420963 ], [ -75.635262, 45.420963 ], [ -75.635262, 45.420963 ], [ -75.635262, 45.420963 ], [ -75.635262, 45.420963 ], [ -75.635262, 45.420963 ], [ -75.635262, 45.420963 ], [ -75.635262, 45.420963 ], [ -75.635262, 45.420963 ], [ -75.635262, 45.420963 ], [ -75.635262, 45.420963 ], [ -75.635262, 45.420963 ], [ -75.635262, 45.420963 ], [ -75.635262, 45.420963 ], [ -75.635262, 45.420963 ], [ -75.635262, 45.420963 ], [ -75.635262, 45.420963 ], [ -75.635262, 45.420963 ], [ -75.635262, 45.420963 ], [ -75.635262, 45.420963 ], [ -75.635262, 45.420963 ], [ -75.635262, 45.420963 ], [ -75.635262, 45.420963 ], [ -75.635262, 45.420963 ], [ -75.635262, 45.420963 ], [ -75.635262, 45.420963 ], [ -75.635262, 45.420963 ], [ -75.635262, 45.420963 ], [ -75.635262, 45.420963 ], [ -75.635262, 45.420963 ], [ -75.635262, 45.420963 ], [ -75.635262, 45.420963 ], [ -75.635262, 45.420963 ], [ -75.635262, 45.420963 ], [ -75.635262, 45.420963 ], [ -75.635262, 45.420963 ], [ -75.635262, 45.420963 ], [ -75.635262, 45.420963 ], [ -75.635262, 45.420963 ], [ -75.635262, 45.420963 ], [ -75.635262, 45.420963 ], [ -75.635262, 45.420963 ], [ -75.635262, 45.420963 ], [ -75.635262, 45.420963 ], [ -75.635262, 45.420963 ], [ -75.635262, 45.420963 ], [ -75.635262, 45.420963 ], [ -75.635262, 45.420963 ], [ -75.635262, 45.420963 ], [ -75.635262, 45.420963 ], [ -75.635262, 45.420963 ], [ -75.635262, 45.420963 ], [ -75.635262, 45.420963 ], [ -75.635262, 45.420963 ], [ -75.635262, 45.420963 ], [ -75.635262, 45.420963 ], [ -75.635262, 45.420963 ], [ -75.635262, 45.420963 ], [ -75.635262, 45.420963 ], [ -75.635262, 45.420963 ], [ -75.635262, 45.420963 ], [ -75.635262, 45.420963 ], [ -75.635262, 45.420963 ], [ -75.635262, 45.420963 ], [ -75.635262, 45.420963 ], [ -75.635262, 45.420963 ], [ -75.635262, 45.420963 ], [ -75.635262, 45.420963 ], [ -75.635262, 45.420963 ], [ -75.635262, 45.420963 ], [ -75.635262, 45.420963 ], [ -75.635262, 45.420963 ], [ -75.635262, 45.420963 ], [ -75.635262, 45.420963 ], [ -75.635262, 45.420963 ], [ -75.635262, 45.420963 ], [ -75.635262, 45.420963 ], [ -75.635262, 45.420963 ], [ -75.635262, 45.420963 ], [ -75.635262, 45.420963 ], [ -75.635262, 45.420963 ], [ -75.635262, 45.420963 ], [ -75.635262, 45.420963 ], [ -75.635262, 45.420963 ], [ -75.635262, 45.420963 ], [ -75.635262, 45.420963 ], [ -75.635262, 45.420963 ], [ -75.635262, 45.420963 ], [ -75.635262, 45.420963 ], [ -75.635262, 45.420963 ], [ -75.635262, 45.420963 ], [ -75.635262, 45.420963 ], [ -75.635262, 45.420963 ], [ -75.635262, 45.420963 ], [ -75.635262, 45.420963 ], [ -75.635262, 45.420963 ], [ -75.635262, 45.420963 ], [ -75.635262, 45.420963 ], [ -75.635262, 45.420963 ], [ -75.635262, 45.420963 ], [ -75.635262, 45.420963 ], [ -75.635262, 45.420963 ], [ -75.635262, 45.420963 ], [ -75.635262, 45.420963 ], [ -75.635262, 45.420963 ], [ -75.635262, 45.420963 ], [ -75.635262, 45.420963 ], [ -75.635262, 45.420963 ], [ -75.635262, 45.420963 ], [ -75.635262, 45.420963 ], [ -75.635262, 45.420963 ], [ -75.635262, 45.420963 ], [ -75.635262, 45.420963 ], [ -75.635262, 45.420963 ], [ -75.635262, 45.420963 ], [ -75.635262, 45.420963 ], [ -75.635262, 45.420963 ], [ -75.635262, 45.420963 ], [ -75.635262, 45.420963 ], [ -75.635262, 45.420963 ], [ -75.635262, 45.420963 ], [ -75.635262, 45.420963 ], [ -75.635262, 45.420963 ], [ -75.635262, 45.420963 ], [ -75.635262, 45.420963 ], [ -75.635262, 45.420963 ], [ -75.635262, 45.420963 ], [ -75.635262, 45.420963 ], [ -75.635262, 45.420963 ], [ -75.635262, 45.420963 ], [ -75.635262, 45.420963 ], [ -75.635262, 45.420963 ], [ -75.635262, 45.420963 ], [ -75.635262, 45.420963 ], [ -75.635262, 45.420963 ], [ -75.635262, 45.420963 ], [ -75.635262, 45.420963 ], [ -75.635262, 45.420963 ], [ -75.635262, 45.420963 ], [ -75.635262, 45.420963 ], [ -75.635262, 45.420963 ], [ -75.635262, 45.420963 ], [ -75.635262, 45.420963 ], [ -75.635262, 45.420963 ], [ -75.635262, 45.420963 ], [ -75.635262, 45.420963 ], [ -75.635262, 45.420963 ], [ -75.635262, 45.420963 ], [ -75.635262, 45.420963 ], [ -75.635262, 45.420963 ], [ -75.635262, 45.420963 ], [ -75.635262, 45.420963 ], [ -75.635262, 45.420963 ], [ -75.635262, 45.420963 ], [ -75.635262, 45.420963 ], [ -75.635262, 45.420963 ], [ -75.635262, 45.420963 ], [ -75.635262, 45.420963 ], [ -75.635262, 45.420963 ], [ -75.635262, 45.420963 ], [ -75.635262, 45.420963 ], [ -75.635262, 45.420963 ], [ -75.635262, 45.420963 ], [ -75.635262, 45.420963 ], [ -75.635262, 45.420963 ], [ -75.635262, 45.420963 ], [ -75.635262, 45.420963 ], [ -75.635262, 45.420963 ], [ -75.635262, 45.420963 ], [ -75.635262, 45.420963 ], [ -75.635262, 45.420963 ], [ -75.635262, 45.420963 ], [ -75.635262, 45.420963 ], [ -75.635262, 45.420963 ], [ -75.635262, 45.420963 ], [ -75.635262, 45.420963 ], [ -75.635262, 45.420963 ], [ -75.635262, 45.420963 ], [ -75.635262, 45.420963 ], [ -75.635262, 45.420963 ], [ -75.635262, 45.420963 ], [ -75.635262, 45.420963 ], [ -75.635262, 45.420963 ], [ -75.635262, 45.420963 ], [ -75.635262, 45.420963 ], [ -75.635262, 45.420963 ], [ -75.635262, 45.420963 ], [ -75.635262, 45.420963 ], [ -75.635262, 45.420963 ], [ -75.635262, 45.420963 ], [ -75.635262, 45.420963 ], [ -75.635262, 45.420963 ], [ -75.635262, 45.420963 ], [ -75.635262, 45.420963 ], [ -75.635262, 45.420963 ], [ -75.635262, 45.420963 ], [ -75.635262, 45.420963 ], [ -75.635262, 45.420963 ], [ -75.635262, 45.420963 ], [ -75.635262, 45.420963 ], [ -75.635262, 45.420963 ], [ -75.635262, 45.420963 ], [ -75.635262, 45.420963 ], [ -75.635262, 45.420963 ], [ -75.635262, 45.420963 ], [ -75.635262, 45.420963 ], [ -75.635262, 45.420963 ], [ -75.635262, 45.420963 ], [ -75.635262, 45.420963 ], [ -75.635262, 45.420963 ], [ -75.635262, 45.420963 ], [ -75.635262, 45.420963 ], [ -75.635262, 45.420963 ], [ -75.635262, 45.420963 ], [ -75.635262, 45.420963 ], [ -75.635262, 45.420963 ], [ -75.635262, 45.420963 ], [ -75.635262, 45.420963 ], [ -75.635262, 45.420963 ], [ -75.635262, 45.420963 ], [ -75.635262, 45.420963 ], [ -75.635262, 45.420963 ], [ -75.635262, 45.420963 ], [ -75.635262, 45.420963 ], [ -75.635262, 45.420963 ], [ -75.635262, 45.420963 ], [ -75.635262, 45.420963 ], [ -75.635262, 45.420963 ], [ -75.635262, 45.420963 ], [ -75.635262, 45.420963 ], [ -75.635262, 45.420963 ], [ -75.635262, 45.420963 ], [ -75.635262, 45.420963 ], [ -75.635262, 45.420963 ], [ -75.635262, 45.420963 ], [ -75.635262, 45.420963 ], [ -75.635262, 45.420963 ], [ -75.635262, 45.420963 ], [ -75.635262, 45.420963 ], [ -75.635262, 45.420963 ], [ -75.635262, 45.420963 ], [ -75.635262, 45.420963 ], [ -75.635262, 45.420963 ], [ -75.635262, 45.420963 ], [ -75.635262, 45.420963 ], [ -75.635262, 45.420963 ], [ -75.635262, 45.420963 ], [ -75.635262, 45.420963 ], [ -75.635262, 45.420963 ], [ -75.635262, 45.420963 ], [ -75.635262, 45.420963 ], [ -75.635262, 45.420963 ], [ -75.635262, 45.420963 ], [ -75.635262, 45.420963 ], [ -75.635262, 45.420963 ], [ -75.635262, 45.420963 ], [ -75.635262, 45.420963 ], [ -75.635262, 45.420963 ], [ -75.635262, 45.420963 ], [ -75.635262, 45.420963 ], [ -75.635262, 45.420963 ], [ -75.635262, 45.420963 ], [ -75.635262, 45.420963 ], [ -75.635262, 45.420963 ], [ -75.635262, 45.420963 ], [ -75.635262, 45.420963 ], [ -75.635262, 45.420963 ], [ -75.635262, 45.420963 ], [ -75.635262, 45.420963 ], [ -75.635262, 45.420963 ], [ -75.635262, 45.420963 ], [ -75.635262, 45.420963 ], [ -75.635262, 45.420963 ], [ -75.635262, 45.420963 ], [ -75.635262, 45.420963 ], [ -75.635262, 45.420963 ], [ -75.635262, 45.420963 ], [ -75.635262, 45.420963 ], [ -75.635262, 45.420963 ], [ -75.635262, 45.420963 ], [ -75.635262, 45.420963 ], [ -75.635262, 45.420963 ], [ -75.635262, 45.420963 ], [ -75.635262, 45.420963 ], [ -75.635262, 45.420963 ], [ -75.635262, 45.420963 ], [ -75.635262, 45.420963 ], [ -75.635262, 45.420963 ], [ -75.635262, 45.420963 ], [ -75.635262, 45.420963 ], [ -75.635262, 45.420963 ], [ -75.635262, 45.420963 ], [ -75.635262, 45.420963 ], [ -75.635262, 45.420963 ], [ -75.635262, 45.420963 ], [ -75.635262, 45.420963 ], [ -75.635262, 45.420963 ], [ -75.635262, 45.420963 ], [ -75.635262, 45.420963 ], [ -75.635262, 45.420963 ], [ -75.635262, 45.420963 ], [ -75.635262, 45.420963 ], [ -75.635262, 45.420963 ], [ -75.635262, 45.420963 ], [ -75.635262, 45.420963 ], [ -75.635262, 45.420963 ], [ -75.635262, 45.420963 ], [ -75.635262, 45.420963 ], [ -75.635262, 45.420963 ], [ -75.635262, 45.420963 ], [ -75.635262, 45.420963 ], [ -75.635262, 45.420963 ], [ -75.635262, 45.420963 ], [ -75.635262, 45.420963 ], [ -75.635262, 45.420963 ], [ -75.635262, 45.420963 ], [ -75.635262, 45.420963 ], [ -75.635262, 45.420963 ], [ -75.635262, 45.420963 ], [ -75.635262, 45.420963 ], [ -75.635262, 45.420963 ], [ -75.635262, 45.420963 ], [ -75.635262, 45.420963 ], [ -75.635262, 45.420963 ], [ -75.635262, 45.420963 ], [ -75.635262, 45.420963 ], [ -75.635262, 45.420963 ], [ -75.635262, 45.420963 ], [ -75.635262, 45.420963 ], [ -75.635262, 45.420963 ], [ -75.635262, 45.420963 ], [ -75.635262, 45.420963 ], [ -75.635262, 45.420963 ], [ -75.635262, 45.420963 ], [ -75.635262, 45.420963 ], [ -75.635262, 45.420963 ], [ -75.635262, 45.420963 ], [ -75.635262, 45.420963 ], [ -75.635262, 45.420963 ], [ -75.635262, 45.420963 ], [ -75.635262, 45.420963 ], [ -75.635262, 45.420963 ], [ -75.635262, 45.420963 ], [ -75.635262, 45.420963 ], [ -75.635262, 45.420963 ], [ -75.635262, 45.420963 ], [ -75.635262, 45.420963 ], [ -75.635262, 45.420963 ], [ -75.635262, 45.420963 ], [ -75.635262, 45.420963 ], [ -75.635262, 45.420963 ], [ -75.635262, 45.420963 ], [ -75.635262, 45.420963 ], [ -75.635262, 45.420963 ], [ -75.635262, 45.420963 ], [ -75.635262, 45.420963 ], [ -75.635262, 45.420963 ], [ -75.635262, 45.420963 ], [ -75.635262, 45.420963 ], [ -75.635262, 45.420963 ], [ -75.635262, 45.420963 ], [ -75.635262, 45.420963 ], [ -75.635262, 45.420963 ], [ -75.635262, 45.420963 ], [ -75.635262, 45.420963 ], [ -75.635262, 45.420963 ], [ -75.635262, 45.420963 ], [ -75.635262, 45.420963 ], [ -75.635262, 45.420963 ], [ -75.635262, 45.420963 ], [ -75.635262, 45.420963 ], [ -75.635262, 45.420963 ], [ -75.635262, 45.420963 ], [ -75.635262, 45.420963 ], [ -75.635262, 45.420963 ], [ -75.635262, 45.420963 ], [ -75.635262, 45.420963 ], [ -75.635262, 45.420963 ], [ -75.635262, 45.420963 ], [ -75.635262, 45.420963 ], [ -75.635262, 45.420963 ], [ -75.635262, 45.420963 ], [ -75.635262, 45.420963 ], [ -75.635262, 45.420963 ], [ -75.635262, 45.420963 ], [ -75.635262, 45.420963 ], [ -75.635262, 45.420963 ], [ -75.635262, 45.420963 ], [ -75.635262, 45.420963 ], [ -75.635262, 45.420963 ], [ -75.635262, 45.420963 ], [ -75.635262, 45.420963 ], [ -75.635262, 45.420963 ], [ -75.635262, 45.420963 ], [ -75.635262, 45.420963 ], [ -75.635262, 45.420963 ], [ -75.635262, 45.420963 ], [ -75.635262, 45.420963 ], [ -75.635262, 45.420963 ], [ -75.635262, 45.420963 ], [ -75.635262, 45.420963 ], [ -75.635262, 45.420963 ], [ -75.635262, 45.420963 ], [ -75.635262, 45.420963 ], [ -75.635262, 45.420963 ], [ -75.635262, 45.420963 ], [ -75.635262, 45.420963 ], [ -75.635262, 45.420963 ], [ -75.635262, 45.420963 ], [ -75.635262, 45.420963 ], [ -75.635262, 45.420963 ], [ -75.635262, 45.420963 ], [ -75.635262, 45.420963 ], [ -75.635262, 45.420963 ], [ -75.635262, 45.420963 ], [ -75.635262, 45.420963 ], [ -75.635262, 45.420963 ], [ -75.635262, 45.420963 ], [ -75.635262, 45.420963 ], [ -75.635262, 45.420963 ], [ -75.635262, 45.420963 ], [ -75.635262, 45.420963 ], [ -75.635262, 45.420963 ], [ -75.635262, 45.420963 ], [ -75.635262, 45.420963 ], [ -75.635262, 45.420963 ], [ -75.635262, 45.420963 ], [ -75.635262, 45.420963 ], [ -75.635262, 45.420963 ], [ -75.635262, 45.420963 ], [ -75.635262, 45.420963 ], [ -75.635262, 45.420963 ], [ -75.635425, 45.420948 ], [ -75.635911, 45.420903 ], [ -75.636074, 45.420888 ], [ -75.636707, 45.420843 ], [ -75.637737, 45.420881 ], [ -75.637726, 45.420745 ], [ -75.636971, 45.420709 ] ] } },
{ "type": "Feature", "properties": { "route_id": "18", "route_long_name": "St-Laurent - Parliament" }, "geometry": { "type": "LineString", "coordinates": [ [ -75.636704, 45.420561 ], [ -75.63899, 45.42047 ], [ -75.6376, 45.42092 ], [ -75.63671, 45.42085 ], [ -75.63575, 45.42091 ], [ -75.63575, 45.42091 ], [ -75.63575, 45.42091 ], [ -75.63575, 45.42091 ], [ -75.63575, 45.42091 ], [ -75.63575, 45.42091 ], [ -75.63575, 45.42091 ], [ -75.63575, 45.42091 ], [ -75.63575, 45.42091 ], [ -75.63575, 45.42091 ], [ -75.63575, 45.42091 ], [ -75.63575, 45.42091 ], [ -75.63575, 45.42091 ], [ -75.63575, 45.42091 ], [ -75.63575, 45.42091 ], [ -75.63575, 45.42091 ], [ -75.63575, 45.42091 ], [ -75.63575, 45.42091 ], [ -75.63575, 45.42091 ], [ -75.63575, 45.42091 ], [ -75.63575, 45.42091 ], [ -75.63575, 45.42091 ], [ -75.63575, 45.42091 ], [ -75.63575, 45.42091 ], [ -75.63575, 45.42091 ], [ -75.63575, 45.42091 ], [ -75.63575, 45.42091 ], [ -75.63575, 45.42091 ], [ -75.63575, 45.42091 ], [ -75.63575, 45.42091 ], [ -75.63575, 45.42091 ], [ -75.63575, 45.42091 ], [ -75.63575, 45.42091 ], [ -75.63575, 45.42091 ], [ -75.63575, 45.42091 ], [ -75.63575, 45.42091 ], [ -75.63575, 45.42091 ], [ -75.63575, 45.42091 ], [ -75.63575, 45.42091 ], [ -75.63575, 45.42091 ], [ -75.63575, 45.42091 ], [ -75.63575, 45.42091 ], [ -75.63575, 45.42091 ], [ -75.63575, 45.42091 ], [ -75.63575, 45.42091 ], [ -75.63575, 45.42091 ], [ -75.63575, 45.42091 ], [ -75.63575, 45.42091 ], [ -75.63575, 45.42091 ], [ -75.63575, 45.42091 ], [ -75.63575, 45.42091 ], [ -75.63575, 45.42091 ], [ -75.63575, 45.42091 ], [ -75.63575, 45.42091 ], [ -75.63575, 45.42091 ], [ -75.63575, 45.42091 ], [ -75.63575, 45.42091 ], [ -75.63575, 45.42091 ], [ -75.63575, 45.42091 ], [ -75.63575, 45.42091 ], [ -75.63575, 45.42091 ], [ -75.63575, 45.42091 ], [ -75.63575, 45.42091 ], [ -75.63575, 45.42091 ], [ -75.63575, 45.42091 ], [ -75.63575, 45.42091 ], [ -75.63575, 45.42091 ], [ -75.63575, 45.42091 ], [ -75.63575, 45.42091 ], [ -75.63575, 45.42091 ], [ -75.63575, 45.42091 ], [ -75.63575, 45.42091 ], [ -75.63575, 45.42091 ], [ -75.63575, 45.42091 ], [ -75.63575, 45.42091 ], [ -75.63575, 45.42091 ], [ -75.63575, 45.42091 ], [ -75.63575, 45.42091 ], [ -75.63575, 45.42091 ], [ -75.63575, 45.42091 ], [ -75.63575, 45.42091 ], [ -75.63575, 45.42091 ], [ -75.63575, 45.42091 ], [ -75.63575, 45.42091 ], [ -75.63575, 45.42091 ], [ -75.63575, 45.42091 ], [ -75.63575, 45.42091 ], [ -75.63575, 45.42091 ], [ -75.63575, 45.42091 ], [ -75.63575, 45.42091 ], [ -75.63575, 45.42091 ], [ -75.63575, 45.42091 ], [ -75.63575, 45.42091 ], [ -75.63575, 45.42091 ], [ -75.63575, 45.42091 ], [ -75.63575, 45.42091 ], [ -75.63575, 45.42091 ], [ -75.63575, 45.42091 ], [ -75.63575, 45.42091 ], [ -75.63575, 45.42091 ], [ -75.63575, 45.42091 ], [ -75.63575, 45.42091 ], [ -75.63575, 45.42091 ], [ -75.63575, 45.42091 ], [ -75.63575, 45.42091 ], [ -75.63575, 45.42091 ], [ -75.63575, 45.42091 ], [ -75.63575, 45.42091 ], [ -75.63575, 45.42091 ], [ -75.63575, 45.42091 ], [ -75.63575, 45.42091 ], [ -75.63575, 45.42091 ], [ -75.63575, 45.42091 ], [ -75.63575, 45.42091 ], [ -75.63575, 45.42091 ], [ -75.63575, 45.42091 ], [ -75.63575, 45.42091 ], [ -75.63575, 45.42091 ], [ -75.63575, 45.42091 ], [ -75.63575, 45.42091 ], [ -75.63575, 45.42091 ], [ -75.63575, 45.42091 ], [ -75.63575, 45.42091 ], [ -75.63575, 45.42091 ], [ -75.63575, 45.42091 ], [ -75.63575, 45.42091 ], [ -75.63575, 45.42091 ], [ -75.63575, 45.42091 ], [ -75.63575, 45.42091 ], [ -75.63575, 45.42091 ], [ -75.63575, 45.42091 ], [ -75.63575, 45.42091 ], [ -75.63575, 45.42091 ], [ -75.63575, 45.42091 ], [ -75.63575, 45.42091 ], [ -75.63575, 45.42091 ], [ -75.63575, 45.42091 ], [ -75.63575, 45.42091 ], [ -75.63575, 45.42091 ], [ -75.63575, 45.42091 ], [ -75.63575, 45.42091 ], [ -75.63575, 45.42091 ], [ -75.63575, 45.42091 ], [ -75.63575, 45.42091 ], [ -75.63575, 45.42091 ], [ -75.63575, 45.42091 ], [ -75.63575, 45.42091 ], [ -75.63575, 45.42091 ], [ -75.63575, 45.42091 ], [ -75.63575, 45.42091 ], [ -75.63575, 45.42091 ], [ -75.63575, 45.42091 ], [ -75.63575, 45.42091 ], [ -75.63575, 45.42091 ], [ -75.63575, 45.42091 ], [ -75.63575, 45.42091 ], [ -75.63575, 45.42091 ], [ -75.63575, 45.42091 ], [ -75.63575, 45.42091 ], [ -75.63575, 45.42091 ], [ -75.63575, 45.42091 ], [ -75.63575, 45.42091 ], [ -75.63575, 45.42091 ], [ -75.63575, 45.42091 ], [ -75.63575, 45.42091 ], [ -75.63575, 45.42091 ], [ -75.63575, 45.42091 ], [ -75.63575, 45.42091 ], [ -75.63575, 45.42091 ], [ -75.63575, 45.42091 ], [ -75.63575, 45.42091 ], [ -75.63575, 45.42091 ], [ -75.63575, 45.42091 ], [ -75.63575, 45.42091 ], [ -75.63575, 45.42091 ], [ -75.63575, 45.42091 ], [ -75.63575, 45.42091 ], [ -75.63575, 45.42091 ], [ -75.63575, 45.42091 ], [ -75.63575, 45.42091 ], [ -75.63575, 45.42091 ], [ -75.63575, 45.42091 ], [ -75.63575, 45.42091 ], [ -75.63575, 45.42091 ], [ -75.63575, 45.42091 ], [ -75.63575, 45.42091 ], [ -75.63575, 45.42091 ], [ -75.63575, 45.42091 ], [ -75.63575, 45.42091 ], [ -75.63575, 45.42091 ], [ -75.63575, 45.42091 ], [ -75.63575, 45.42091 ], [ -75.63575, 45.42091 ], [ -75.63575, 45.42091 ], [ -75.63575, 45.42091 ], [ -75.63575, 45.42091 ], [ -75.63575, 45.42091 ], [ -75.63575, 45.42091 ], [ -75.63575, 45.42091 ], [ -75.63575, 45.42091 ], [ -75.63575, 45.42091 ], [ -75.63575, 45.42091 ], [ -75.63575, 45.42091 ], [ -75.63575, 45.42091 ], [ -75.63575, 45.42091 ], [ -75.63575, 45.42091 ], [ -75.63575, 45.42091 ], [ -75.63575, 45.42091 ], [ -75.63575, 45.42091 ], [ -75.63575, 45.42091 ], [ -75.63575, 45.42091 ], [ -75.63575, 45.42091 ], [ -75.63575, 45.42091 ], [ -75.63575, 45.42091 ], [ -75.63575, 45.42091 ], [ -75.63575, 45.42091 ], [ -75.63575, 45.42091 ], [ -75.63575, 45.42091 ], [ -75.63575, 45.42091 ], [ -75.63575, 45.42091 ], [ -75.63575, 45.42091 ], [ -75.63575, 45.42091 ], [ -75.63575, 45.42091 ], [ -75.63575, 45.42091 ], [ -75.63575, 45.42091 ], [ -75.63575, 45.42091 ], [ -75.63575, 45.42091 ], [ -75.63575, 45.42091 ], [ -75.63575, 45.42091 ], [ -75.63575, 45.42091 ], [ -75.63575, 45.42091 ], [ -75.63575, 45.42091 ], [ -75.63575, 45.42091 ], [ -75.63575, 45.42091 ], [ -75.63575, 45.42091 ], [ -75.63575, 45.42091 ], [ -75.63575, 45.42091 ], [ -75.63575, 45.42091 ], [ -75.63575, 45.42091 ], [ -75.63575, 45.42091 ], [ -75.63575, 45.42091 ], [ -75.63575, 45.42091 ], [ -75.63575, 45.42091 ], [ -75.63575, 45.42091 ], [ -75.63575, 45.42091 ], [ -75.63575, 45.42091 ], [ -75.63575, 45.42091 ], [ -75.63575, 45.42091 ], [ -75.63575, 45.42091 ], [ -75.63575, 45.42091 ], [ -75.63575, 45.42091 ], [ -75.63575, 45.42091 ], [ -75.63575, 45.42091 ], [ -75.63575, 45.42091 ], [ -75.63575, 45.42091 ], [ -75.63575, 45.42091 ], [ -75.63575, 45.42091 ], [ -75.63575, 45.42091 ], [ -75.63575, 45.42091 ], [ -75.63575, 45.42091 ], [ -75.63575, 45.42091 ], [ -75.63575, 45.42091 ], [ -75.63575, 45.42091 ], [ -75.63575, 45.42091 ], [ -75.63575, 45.42091 ], [ -75.63575, 45.42091 ], [ -75.63575, 45.42091 ], [ -75.63575, 45.42091 ], [ -75.63575, 45.42091 ], [ -75.63575, 45.42091 ], [ -75.63575, 45.42091 ], [ -75.63575, 45.42091 ], [ -75.63575, 45.42091 ], [ -75.63575, 45.42091 ], [ -75.63575, 45.42091 ], [ -75.63575, 45.42091 ], [ -75.63575, 45.42091 ], [ -75.63575, 45.42091 ], [ -75.63575, 45.42091 ], [ -75.63575, 45.42091 ], [ -75.63575, 45.42091 ], [ -75.63575, 45.42091 ], [ -75.63575, 45.42091 ], [ -75.63575, 45.42091 ], [ -75.63575, 45.42091 ], [ -75.63575, 45.42091 ], [ -75.63575, 45.42091 ], [ -75.63575, 45.42091 ], [ -75.63575, 45.42091 ], [ -75.63575, 45.42091 ], [ -75.63575, 45.42091 ], [ -75.63575, 45.42091 ], [ -75.63575, 45.42091 ], [ -75.63575, 45.42091 ], [ -75.63575, 45.42091 ], [ -75.63575, 45.42091 ], [ -75.63575, 45.42091 ], [ -75.63575, 45.42091 ], [ -75.63575, 45.42091 ], [ -75.63575, 45.42091 ], [ -75.63575, 45.42091 ], [ -75.63575, 45.42091 ], [ -75.63575, 45.42091 ], [ -75.63575, 45.42091 ], [ -75.63575, 45.42091 ], [ -75.63575, 45.42091 ], [ -75.63575, 45.42091 ], [ -75.63575, 45.42091 ], [ -75.63575, 45.42091 ], [ -75.63575, 45.42091 ], [ -75.63575, 45.42091 ], [ -75.63575, 45.42091 ], [ -75.63575, 45.42091 ], [ -75.63575, 45.42091 ], [ -75.63575, 45.42091 ], [ -75.63575, 45.42091 ], [ -75.63575, 45.42091 ], [ -75.63575, 45.42091 ], [ -75.63575, 45.42091 ], [ -75.63575, 45.42091 ], [ -75.63575, 45.42091 ], [ -75.63575, 45.42091 ], [ -75.63575, 45.42091 ], [ -75.63575, 45.42091 ], [ -75.63575, 45.42091 ], [ -75.63575, 45.42091 ], [ -75.63575, 45.42091 ], [ -75.63575, 45.42091 ], [ -75.63575, 45.42091 ], [ -75.63575, 45.42091 ], [ -75.63575, 45.42091 ], [ -75.63575, 45.42091 ], [ -75.63575, 45.42091 ], [ -75.63575, 45.42091 ], [ -75.63575, 45.42091 ], [ -75.63575, 45.42091 ], [ -75.63575, 45.42091 ], [ -75.63575, 45.42091 ], [ -75.63575, 45.42091 ], [ -75.63575, 45.42091 ], [ -75.63575, 45.42091 ], [ -75.63575, 45.42091 ], [ -75.63575, 45.42091 ], [ -75.63575, 45.42091 ], [ -75.63575, 45.42091 ], [ -75.63575, 45.42091 ], [ -75.63575, 45.42091 ], [ -75.63575, 45.42091 ], [ -75.63575, 45.42091 ], [ -75.63575, 45.42091 ], [ -75.63575, 45.42091 ], [ -75.63575, 45.42091 ], [ -75.63575, 45.42091 ], [ -75.63575, 45.42091 ], [ -75.63575, 45.42091 ], [ -75.63575, 45.42091 ], [ -75.63575, 45.42091 ], [ -75.63575, 45.42091 ], [ -75.63575, 45.42091 ], [ -75.63575, 45.42091 ], [ -75.63575, 45.42091 ], [ -75.63575, 45.42091 ], [ -75.63575, 45.42091 ], [ -75.63575, 45.42091 ], [ -75.63575, 45.42091 ], [ -75.63575, 45.42091 ], [ -75.63575, 45.42091 ], [ -75.63575, 45.42091 ], [ -75.63575, 45.42091 ], [ -75.63575, 45.42091 ], [ -75.63575, 45.42091 ], [ -75.63575, 45.42091 ], [ -75.63575, 45.42091 ], [ -75.63575, 45.42091 ], [ -75.63575, 45.42091 ], [ -75.63575, 45.42091 ], [ -75.63575, 45.42091 ], [ -75.63575, 45.42091 ], [ -75.63575, 45.42091 ], [ -75.63575, 45.42091 ], [ -75.63575, 45.42091 ], [ -75.63575, 45.42091 ], [ -75.63575, 45.42091 ], [ -75.63575, 45.42091 ], [ -75.63575, 45.42091 ], [ -75.63575, 45.42091 ], [ -75.63575, 45.42091 ], [ -75.63575, 45.42091 ], [ -75.63575, 45.42091 ], [ -75.63575, 45.42091 ], [ -75.63575, 45.42091 ], [ -75.63575, 45.42091 ], [ -75.63575, 45.42091 ], [ -75.63575, 45.42091 ], [ -75.63575, 45.42091 ], [ -75.63575, 45.42091 ], [ -75.63575, 45.42091 ], [ -75.63575, 45.42091 ], [ -75.63575, 45.42091 ], [ -75.63575, 45.42091 ], [ -75.63575, 45.42091 ], [ -75.63575, 45.42091 ], [ -75.63575, 45.42091 ], [ -75.63575, 45.42091 ], [ -75.63575, 45.42091 ], [ -75.63575, 45.42091 ], [ -75.63575, 45.42091 ], [ -75.63575, 45.42091 ], [ -75.63575, 45.42091 ], [ -75.63575, 45.42091 ], [ -75.63575, 45.42091 ], [ -75.63575, 45.42091 ], [ -75.63575, 45.42091 ], [ -75.63575, 45.42091 ], [ -75.63575, 45.42091 ], [ -75.63575, 45.42091 ], [ -75.63575, 45.42091 ], [ -75.63575, 45.42091 ], [ -75.63575, 45.42091 ], [ -75.63575, 45.42091 ], [ -75.63575, 45.42091 ], [ -75.63575, 45.42091 ], [ -75.63575, 45.42091 ], [ -75.63575, 45.42091 ], [ -75.63575, 45.42091 ], [ -75.63575, 45.42091 ], [ -75.63575, 45.42091 ], [ -75.63575, 45.42091 ], [ -75.63575, 45.42091 ], [ -75.63575, 45.42091 ], [ -75.63575, 45.42091 ], [ -75.63575, 45.42091 ], [ -75.63575, 45.42091 ], [ -75.63575, 45.42091 ], [ -75.63575, 45.42091 ], [ -75.63575, 45.42091 ], [ -75.63575, 45.42091 ], [ -75.63575, 45.42091 ], [ -75.63575, 45.42091 ], [ -75.63575, 45.42091 ], [ -75.63575, 45.42091 ], [ -75.63575, 45.42091 ], [ -75.63575, 45.42091 ], [ -75.63575, 45.42091 ], [ -75.63575, 45.42091 ], [ -75.63575, 45.42091 ], [ -75.63575, 45.42091 ], [ -75.63575, 45.42091 ], [ -75.63575, 45.42091 ], [ -75.63575, 45.42091 ], [ -75.63575, 45.42091 ], [ -75.63575, 45.42091 ], [ -75.63575, 45.42091 ], [ -75.63575, 45.42091 ], [ -75.63575, 45.42091 ], [ -75.63575, 45.42091 ], [ -75.63575, 45.42091 ], [ -75.63575, 45.42091 ], [ -75.63575, 45.42091 ], [ -75.63575, 45.42091 ], [ -75.63575, 45.42091 ], [ -75.63575, 45.42091 ], [ -75.63575, 45.42091 ], [ -75.63575, 45.42091 ], [ -75.63575, 45.42091 ], [ -75.63575, 45.42091 ], [ -75.63575, 45.42091 ], [ -75.63575, 45.42091 ], [ -75.63575, 45.42091 ], [ -75.63575, 45.42091 ], [ -75.63575, 45.42091 ], [ -75.63575, 45.42091 ], [ -75.63575, 45.42091 ], [ -75.63575, 45.42091 ], [ -75.63575, 45.42091 ], [ -75.63575, 45.42091 ], [ -75.63575, 45.42091 ], [ -75.63575, 45.42091 ], [ -75.63575, 45.42091 ], [ -75.63575, 45.42091 ], [ -75.63575, 45.42091 ], [ -75.63575, 45.42091 ], [ -75.63575, 45.42091 ], [ -75.63575, 45.42091 ], [ -75.63575, 45.42091 ], [ -75.63575, 45.42091 ], [ -75.63575, 45.42091 ], [ -75.63575, 45.42091 ], [ -75.63575, 45.42091 ], [ -75.63575, 45.42091 ], [ -75.63575, 45.42091 ], [ -75.63575, 45.42091 ], [ -75.63575, 45.42091 ], [ -75.63575, 45.42091 ], [ -75.63575, 45.42091 ], [ -75.63575, 45.42091 ], [ -75.63575, 45.42091 ], [ -75.63575, 45.42091 ], [ -75.63575, 45.42091 ], [ -75.63575, 45.42091 ], [ -75.63575, 45.42091 ], [ -75.63575, 45.42091 ], [ -75.63575, 45.42091 ], [ -75.63575, 45.42091 ], [ -75.63575, 45.42091 ], [ -75.63575, 45.42091 ], [ -75.63575, 45.42091 ], [ -75.63575, 45.42091 ], [ -75.63575, 45.42091 ], [ -75.63575, 45.42091 ], [ -75.63575, 45.42091 ], [ -75.63575, 45.42091 ], [ -75.63575, 45.42091 ], [ -75.63575, 45.42091 ], [ -75.63575, 45.42091 ], [ -75.63575, 45.42091 ], [ -75.63575, 45.42091 ], [ -75.63575, 45.42091 ], [ -75.63575, 45.42091 ], [ -75.63575, 45.42091 ], [ -75.63575, 45.42091 ], [ -75.63575, 45.42091 ], [ -75.63575, 45.42091 ], [ -75.63575, 45.42091 ], [ -75.63575, 45.42091 ], [ -75.63575, 45.42091 ], [ -75.63575, 45.42091 ], [ -75.63575, 45.42091 ], [ -75.63575, 45.42091 ], [ -75.63575, 45.42091 ], [ -75.63575, 45.42091 ], [ -75.63575, 45.42091 ], [ -75.63575, 45.42091 ], [ -75.63575, 45.42091 ], [ -75.63575, 45.42091 ], [ -75.63575, 45.42091 ], [ -75.63575, 45.42091 ], [ -75.63575, 45.42091 ], [ -75.63575, 45.42091 ], [ -75.63575, 45.42091 ], [ -75.63575, 45.42091 ], [ -75.63575, 45.42091 ], [ -75.63575, 45.42091 ], [ -75.63575, 45.42091 ], [ -75.63575, 45.42091 ], [ -75.63575, 45.42091 ], [ -75.63575, 45.42091 ], [ -75.63575, 45.42091 ], [ -75.63575, 45.42091 ], [ -75.63575, 45.42091 ], [ -75.63575, 45.42091 ], [ -75.63575, 45.42091 ], [ -75.63575, 45.42091 ], [ -75.63575, 45.42091 ], [ -75.63575, 45.42091 ], [ -75.63575, 45.42091 ], [ -75.63575, 45.42091 ], [ -75.63575, 45.42091 ], [ -75.63575, 45.42091 ], [ -75.63575, 45.42091 ], [ -75.63575, 45.42091 ], [ -75.63575, 45.42091 ], [ -75.63575, 45.42091 ], [ -75.63575, 45.42091 ], [ -75.63575, 45.42091 ], [ -75.63575, 45.42091 ], [ -75.63575, 45.42091 ], [ -75.63575, 45.42091 ], [ -75.63575, 45.42091 ], [ -75.63575, 45.42091 ], [ -75.63575, 45.42091 ], [ -75.63575, 45.42091 ], [ -75.63575, 45.42091 ], [ -75.63575, 45.42091 ], [ -75.63575, 45.42091 ], [ -75.63575, 45.42091 ], [ -75.63575, 45.42091 ], [ -75.63575, 45.42091 ], [ -75.63575, 45.42091 ], [ -75.63575, 45.42091 ], [ -75.63575, 45.42091 ], [ -75.63575, 45.42091 ], [ -75.63575, 45.42091 ], [ -75.63575, 45.42091 ], [ -75.63575, 45.42091 ], [ -75.63575, 45.42091 ], [ -75.63575, 45.42091 ], [ -75.63575, 45.42091 ], [ -75.63575, 45.42091 ], [ -75.63575, 45.42091 ], [ -75.63575, 45.42091 ], [ -75.63575, 45.42091 ], [ -75.63575, 45.42091 ], [ -75.63575, 45.42091 ], [ -75.63575, 45.42091 ], [ -75.63575, 45.42091 ], [ -75.63575, 45.42091 ], [ -75.63575, 45.42091 ], [ -75.63575, 45.42091 ], [ -75.63575, 45.42091 ], [ -75.63575, 45.42091 ], [ -75.63575, 45.42091 ], [ -75.63575, 45.42091 ], [ -75.63575, 45.42091 ], [ -75.63575, 45.42091 ], [ -75.63575, 45.42091 ], [ -75.63575, 45.42091 ], [ -75.63575, 45.42091 ], [ -75.63575, 45.42091 ], [ -75.63575, 45.42091 ], [ -75.63575, 45.42091 ], [ -75.63575, 45.42091 ], [ -75.63575, 45.42091 ], [ -75.63575, 45.42091 ], [ -75.63575, 45.42091 ], [ -75.63575, 45.42091 ], [ -75.63575, 45.42091 ], [ -75.63575, 45.42091 ], [ -75.63575, 45.42091 ], [ -75.63575, 45.42091 ], [ -75.63575, 45.42091 ], [ -75.63575, 45.42091 ], [ -75.63575, 45.42091 ], [ -75.63575, 45.42091 ], [ -75.63575, 45.42091 ], [ -75.63575, 45.42091 ], [ -75.63575, 45.42091 ], [ -75.63575, 45.42091 ], [ -75.63575, 45.42091 ], [ -75.63575, 45.42091 ], [ -75.63575, 45.42091 ], [ -75.63575, 45.42091 ], [ -75.63575, 45.42091 ], [ -75.63575, 45.42091 ], [ -75.63575, 45.42091 ], [ -75.63575, 45.42091 ], [ -75.63575, 45.42091 ], [ -75.63575, 45.42091 ], [ -75.63575, 45.42091 ], [ -75.63575, 45.42091 ], [ -75.63575, 45.42091 ], [ -75.63575, 45.42091 ], [ -75.63575, 45.42091 ], [ -75.63575, 45.42091 ], [ -75.63575, 45.42091 ], [ -75.63575, 45.42091 ], [ -75.63575, 45.42091 ], [ -75.63575, 45.42091 ], [ -75.63575, 45.42091 ], [ -75.63575, 45.42091 ], [ -75.63575, 45.42091 ], [ -75.63575, 45.42091 ], [ -75.63575, 45.42091 ], [ -75.63575, 45.42091 ], [ -75.63575, 45.42091 ], [ -75.63575, 45.42091 ], [ -75.63575, 45.42091 ], [ -75.63575, 45.42091 ], [ -75.63575, 45.42091 ], [ -75.63575, 45.42091 ], [ -75.63575, 45.42091 ], [ -75.63575, 45.42091 ], [ -75.63575, 45.42091 ], [ -75.63575, 45.42091 ], [ -75.63575, 45.42091 ], [ -75.63575, 45.42091 ], [ -75.63575, 45.42091 ], [ -75.63575, 45.42091 ], [ -75.63575, 45.42091 ], [ -75.63575, 45.42091 ], [ -75.63575, 45.42091 ], [ -75.63575, 45.42091 ], [ -75.63575, 45.42091 ], [ -75.63575, 45.42091 ], [ -75.63575, 45.42091 ], [ -75.63575, 45.42091 ], [ -75.63575, 45.42091 ], [ -75.63575, 45.42091 ], [ -75.63575, 45.42091 ], [ -75.63575, 45.42091 ], [ -75.63575, 45.42091 ], [ -75.63575, 45.42091 ], [ -75.63575, 45.42091 ], [ -75.63575, 45.42091 ], [ -75.63575, 45.42091 ], [ -75.63575, 45.42091 ], [ -75.63575, 45.42091 ], [ -75.63575, 45.42091 ], [ -75.63575, 45.42091 ], [ -75.63575, 45.42091 ], [ -75.63575, 45.42091 ], [ -75.63575, 45.42091 ], [ -75.63575, 45.42091 ], [ -75.63575, 45.42091 ], [ -75.63575, 45.42091 ], [ -75.63575, 45.42091 ], [ -75.63575, 45.42091 ], [ -75.63575, 45.42091 ], [ -75.63575, 45.42091 ], [ -75.63575, 45.42091 ], [ -75.63575, 45.42091 ], [ -75.63575, 45.42091 ], [ -75.63575, 45.42091 ], [ -75.63575, 45.42091 ], [ -75.63575, 45.42091 ], [ -75.63575, 45.42091 ], [ -75.63575, 45.42091 ], [ -75.63575, 45.42091 ], [ -75.63575, 45.42091 ], [ -75.63575, 45.42091 ], [ -75.63575, 45.42091 ], [ -75.63575, 45.42091 ], [ -75.63575, 45.42091 ], [ -75.63575, 45.42091 ], [ -75.63575, 45.42091 ], [ -75.63575, 45.42091 ], [ -75.63575, 45.42091 ], [ -75.63575, 45.42091 ], [ -75.63575, 45.42091 ], [ -75.63575, 45.42091 ], [ -75.63575, 45.42091 ], [ -75.63575, 45.42091 ], [ -75.63575, 45.42091 ], [ -75.63575, 45.42091 ], [ -75.63575, 45.42091 ], [ -75.63575, 45.42091 ], [ -75.63575, 45.42091 ], [ -75.63575, 45.42091 ], [ -75.63575, 45.42091 ], [ -75.63575, 45.42091 ], [ -75.63575, 45.42091 ], [ -75.63575, 45.42091 ], [ -75.63575, 45.42091 ], [ -75.63575, 45.42091 ], [ -75.63575, 45.42091 ], [ -75.63575, 45.42091 ], [ -75.63575, 45.42091 ], [ -75.63575, 45.42091 ], [ -75.63575, 45.42091 ], [ -75.63575, 45.42091 ], [ -75.63575, 45.42091 ], [ -75.63575, 45.42091 ], [ -75.63575, 45.42091 ], [ -75.63575, 45.42091 ], [ -75.63575, 45.42091 ], [ -75.63575, 45.42091 ], [ -75.63575, 45.42091 ], [ -75.63575, 45.42091 ], [ -75.63575, 45.42091 ], [ -75.63575, 45.42091 ], [ -75.63575, 45.42091 ], [ -75.63575, 45.42091 ], [ -75.63575, 45.42091 ], [ -75.63575, 45.42091 ], [ -75.63575, 45.42091 ], [ -75.63575, 45.42091 ], [ -75.63575, 45.42091 ], [ -75.63575, 45.42091 ], [ -75.63575, 45.42091 ], [ -75.63575, 45.42091 ], [ -75.63575, 45.42091 ], [ -75.63575, 45.42091 ], [ -75.63575, 45.42091 ], [ -75.63575, 45.42091 ], [ -75.63575, 45.42091 ], [ -75.63575, 45.42091 ], [ -75.63575, 45.42091 ], [ -75.63575, 45.42091 ], [ -75.63575, 45.42091 ], [ -75.63575, 45.42091 ], [ -75.63575, 45.42091 ], [ -75.63575, 45.42091 ], [ -75.63575, 45.42091 ], [ -75.63575, 45.42091 ], [ -75.63575, 45.42091 ], [ -75.63575, 45.42091 ], [ -75.63575, 45.42091 ], [ -75.63575, 45.42091 ], [ -75.63575, 45.42091 ], [ -75.63575, 45.42091 ], [ -75.63575, 45.42091 ], [ -75.63575, 45.42091 ], [ -75.63575, 45.42091 ], [ -75.63575, 45.42091 ], [ -75.63575, 45.42091 ], [ -75.63575, 45.42091 ], [ -75.63575, 45.42091 ], [ -75.63575, 45.42091 ], [ -75.63575, 45.42091 ], [ -75.63575, 45.42091 ], [ -75.63575, 45.42091 ], [ -75.63575, 45.42091 ], [ -75.63575, 45.42091 ], [ -75.63575, 45.42091 ], [ -75.63575, 45.42091 ], [ -75.63575, 45.42091 ], [ -75.63575, 45.42091 ], [ -75.63575, 45.42091 ], [ -75.63575, 45.42091 ], [ -75.63575, 45.42091 ], [ -75.63575, 45.42091 ], [ -75.63575, 45.42091 ], [ -75.63575, 45.42091 ], [ -75.63575, 45.42091 ], [ -75.63575, 45.42091 ], [ -75.63575, 45.42091 ], [ -75.63575, 45.42091 ], [ -75.63575, 45.42091 ], [ -75.63575, 45.42091 ], [ -75.63575, 45.42091 ], [ -75.63575, 45.42091 ], [ -75.63575, 45.42091 ], [ -75.63575, 45.42091 ], [ -75.63575, 45.42091 ], [ -75.63575, 45.42091 ], [ -75.63575, 45.42091 ], [ -75.63575, 45.42091 ], [ -75.63575, 45.42091 ], [ -75.63575, 45.42091 ], [ -75.63575, 45.42091 ], [ -75.63575, 45.42091 ], [ -75.63575, 45.42091 ], [ -75.63575, 45.42091 ], [ -75.63575, 45.42091 ], [ -75.63575, 45.42091 ], [ -75.63575, 45.42091 ], [ -75.63575, 45.42091 ], [ -75.63575, 45.42091 ], [ -75.63575, 45.42091 ], [ -75.63575, 45.42091 ], [ -75.63575, 45.42091 ], [ -75.63575, 45.42091 ], [ -75.63575, 45.42091 ], [ -75.63575, 45.42091 ], [ -75.63575, 45.42091 ], [ -75.63575, 45.42091 ], [ -75.63575, 45.42091 ], [ -75.63575, 45.42091 ], [ -75.63575, 45.42091 ], [ -75.63575, 45.42091 ], [ -75.63575, 45.42091 ], [ -75.63575, 45.42091 ], [ -75.63575, 45.42091 ], [ -75.63575, 45.42091 ], [ -75.63575, 45.42091 ], [ -75.63575, 45.42091 ], [ -75.63575, 45.42091 ], [ -75.63575, 45.42091 ], [ -75.63575, 45.42091 ], [ -75.63575, 45.42091 ], [ -75.63575, 45.42091 ], [ -75.63575, 45.42091 ], [ -75.63575, 45.42091 ], [ -75.63575, 45.42091 ], [ -75.63575, 45.42091 ], [ -75.63575, 45.42091 ], [ -75.63575, 45.42091 ], [ -75.63575, 45.42091 ], [ -75.63575, 45.42091 ], [ -75.63575, 45.42091 ], [ -75.63575, 45.42091 ], [ -75.63575, 45.42091 ], [ -75.63575, 45.42091 ], [ -75.63575, 45.42091 ], [ -75.63575, 45.42091 ], [ -75.63575, 45.42091 ], [ -75.63575, 45.42091 ], [ -75.63575, 45.42091 ], [ -75.63575, 45.42091 ], [ -75.63575, 45.42091 ], [ -75.63575, 45.42091 ], [ -75.63575, 45.42091 ], [ -75.63575, 45.42091 ], [ -75.63575, 45.42091 ], [ -75.63575, 45.42091 ], [ -75.63575, 45.42091 ], [ -75.63575, 45.42091 ], [ -75.63575, 45.42091 ], [ -75.63575, 45.42091 ], [ -75.63575, 45.42091 ], [ -75.63575, 45.42091 ], [ -75.63575, 45.42091 ], [ -75.63575, 45.42091 ], [ -75.63575, 45.42091 ], [ -75.63575, 45.42091 ], [ -75.63575, 45.42091 ], [ -75.63575, 45.42091 ], [ -75.63575, 45.42091 ], [ -75.63575, 45.42091 ], [ -75.63575, 45.42091 ], [ -75.63575, 45.42091 ], [ -75.63575, 45.42091 ], [ -75.63575, 45.42091 ], [ -75.63575, 45.42091 ], [ -75.63575, 45.42091 ], [ -75.63575, 45.42091 ], [ -75.63575, 45.42091 ], [ -75.63575, 45.42091 ], [ -75.63575, 45.42091 ], [ -75.63575, 45.42091 ], [ -75.63575, 45.42091 ], [ -75.63575, 45.42091 ], [ -75.63575, 45.42091 ], [ -75.63575, 45.42091 ], [ -75.63575, 45.42091 ], [ -75.63575, 45.42091 ], [ -75.63575, 45.42091 ], [ -75.63575, 45.42091 ], [ -75.63575, 45.42091 ], [ -75.63575, 45.42091 ], [ -75.63575, 45.42091 ], [ -75.63575, 45.42091 ], [ -75.63575, 45.42091 ], [ -75.63575, 45.42091 ], [ -75.63575, 45.42091 ], [ -75.63575, 45.42091 ], [ -75.63575, 45.42091 ], [ -75.63575, 45.42091 ], [ -75.63575, 45.42091 ], [ -75.63575, 45.42091 ], [ -75.63575, 45.42091 ], [ -75.63575, 45.42091 ], [ -75.63575, 45.42091 ], [ -75.63575, 45.42091 ], [ -75.63575, 45.42091 ], [ -75.63553, 45.42093 ], [ -75.63497, 45.42097 ], [ -75.63484, 45.42099 ], [ -75.63446, 45.42128 ], [ -75.63459, 45.42157 ], [ -75.63492, 45.42161 ], [ -75.63569, 45.42117 ], [ -75.63563, 45.42105 ], [ -75.63563, 45.42105 ], [ -75.63563, 45.42105 ], [ -75.63563, 45.42105 ], [ -75.63563, 45.42105 ], [ -75.63563, 45.42105 ], [ -75.63563, 45.42105 ], [ -75.63563, 45.42105 ], [ -75.63563, 45.42105 ], [ -75.63563, 45.42105 ], [ -75.63563, 45.42105 ], [ -75.63563, 45.42105 ], [ -75.63563, 45.42105 ], [ -75.63563, 45.42105 ], [ -75.63563, 45.42105 ], [ -75.63563, 45.42105 ], [ -75.63563, 45.42105 ], [ -75.63563, 45.42105 ], [ -75.63563, 45.42105 ], [ -75.63563, 45.42105 ], [ -75.63563, 45.42105 ], [ -75.63563, 45.42105 ], [ -75.63563, 45.42105 ], [ -75.63563, 45.42105 ], [ -75.63563, 45.42105 ], [ -75.63563, 45.42105 ], [ -75.63563, 45.42105 ], [ -75.63563, 45.42105 ], [ -75.63563, 45.42105 ], [ -75.63563, 45.42105 ], [ -75.63563, 45.42105 ], [ -75.63563, 45.42105 ], [ -75.63563, 45.42105 ], [ -75.63563, 45.42105 ], [ -75.63563, 45.42105 ], [ -75.63563, 45.42105 ], [ -75.63563, 45.42105 ], [ -75.63563, 45.42105 ], [ -75.63563, 45.42105 ], [ -75.63563, 45.42105 ], [ -75.63563, 45.42105 ], [ -75.63563, 45.42105 ], [ -75.63563, 45.42105 ], [ -75.63563, 45.42105 ], [ -75.63563, 45.42105 ], [ -75.63563, 45.42105 ], [ -75.63563, 45.42105 ], [ -75.63563, 45.42105 ], [ -75.63563, 45.42105 ], [ -75.63563, 45.42105 ], [ -75.63563, 45.42105 ], [ -75.63563, 45.42105 ], [ -75.63563, 45.42105 ], [ -75.63563, 45.42105 ], [ -75.63563, 45.42105 ], [ -75.63563, 45.42105 ], [ -75.63563, 45.42105 ], [ -75.63563, 45.42105 ], [ -75.63563, 45.42105 ], [ -75.63563, 45.42105 ], [ -75.63563, 45.42105 ], [ -75.63563, 45.42105 ], [ -75.63563, 45.42105 ], [ -75.63563, 45.42105 ], [ -75.63563, 45.42105 ], [ -75.63563, 45.42105 ], [ -75.63563, 45.42105 ], [ -75.63563, 45.42105 ], [ -75.63563, 45.42105 ], [ -75.63563, 45.42105 ], [ -75.63563, 45.42105 ], [ -75.63563, 45.42105 ], [ -75.63563, 45.42105 ], [ -75.63563, 45.42105 ], [ -75.63563, 45.42105 ], [ -75.63563, 45.42105 ], [ -75.63563, 45.42105 ], [ -75.63563, 45.42105 ], [ -75.63563, 45.42105 ], [ -75.63563, 45.42105 ], [ -75.63563, 45.42105 ], [ -75.63563, 45.42105 ], [ -75.63563, 45.42105 ], [ -75.63563, 45.42105 ], [ -75.63563, 45.42105 ], [ -75.63563, 45.42105 ], [ -75.63563, 45.42105 ], [ -75.63563, 45.42105 ], [ -75.63563, 45.42105 ], [ -75.63563, 45.42105 ], [ -75.63563, 45.42105 ], [ -75.63563, 45.42105 ], [ -75.63563, 45.42105 ], [ -75.63563, 45.42105 ], [ -75.63563, 45.42105 ], [ -75.63563, 45.42105 ], [ -75.63563, 45.42105 ], [ -75.63563, 45.42105 ], [ -75.63563, 45.42105 ], [ -75.63563, 45.42105 ], [ -75.63563, 45.42105 ], [ -75.63563, 45.42105 ], [ -75.63563, 45.42105 ], [ -75.63563, 45.42105 ], [ -75.63563, 45.42105 ], [ -75.63563, 45.42105 ], [ -75.63563, 45.42105 ], [ -75.63563, 45.42105 ], [ -75.63563, 45.42105 ], [ -75.63563, 45.42105 ], [ -75.63563, 45.42105 ], [ -75.63563, 45.42105 ], [ -75.63563, 45.42105 ], [ -75.63563, 45.42105 ], [ -75.63563, 45.42105 ], [ -75.63563, 45.42105 ], [ -75.63563, 45.42105 ], [ -75.63563, 45.42105 ], [ -75.63563, 45.42105 ], [ -75.63563, 45.42105 ], [ -75.63563, 45.42105 ], [ -75.63563, 45.42105 ], [ -75.63563, 45.42105 ], [ -75.63563, 45.42105 ], [ -75.63563, 45.42105 ], [ -75.63563, 45.42105 ], [ -75.63563, 45.42105 ], [ -75.63563, 45.42105 ], [ -75.63563, 45.42105 ], [ -75.63563, 45.42105 ], [ -75.63563, 45.42105 ], [ -75.63563, 45.42105 ], [ -75.63563, 45.42105 ], [ -75.63563, 45.42105 ], [ -75.63563, 45.42105 ], [ -75.63563, 45.42105 ], [ -75.63563, 45.42105 ], [ -75.63563, 45.42105 ], [ -75.63563, 45.42105 ], [ -75.63563, 45.42105 ], [ -75.63563, 45.42105 ], [ -75.63563, 45.42105 ], [ -75.63563, 45.42105 ], [ -75.63563, 45.42105 ], [ -75.63563, 45.42105 ], [ -75.63563, 45.42105 ], [ -75.63563, 45.42105 ], [ -75.63563, 45.42105 ], [ -75.63563, 45.42105 ], [ -75.63563, 45.42105 ], [ -75.63563, 45.42105 ], [ -75.63563, 45.42105 ], [ -75.63563, 45.42105 ], [ -75.63563, 45.42105 ], [ -75.63563, 45.42105 ], [ -75.63563, 45.42105 ], [ -75.63563, 45.42105 ], [ -75.63563, 45.42105 ], [ -75.63563, 45.42105 ], [ -75.63563, 45.42105 ], [ -75.63563, 45.42105 ], [ -75.63563, 45.42105 ], [ -75.63563, 45.42105 ], [ -75.63563, 45.42105 ], [ -75.63563, 45.42105 ], [ -75.63563, 45.42105 ], [ -75.63563, 45.42105 ], [ -75.63563, 45.42105 ], [ -75.63563, 45.42105 ], [ -75.63563, 45.42105 ], [ -75.63563, 45.42105 ], [ -75.63563, 45.42105 ], [ -75.63563, 45.42105 ], [ -75.63563, 45.42105 ], [ -75.63563, 45.42105 ], [ -75.63563, 45.42105 ], [ -75.63563, 45.42105 ], [ -75.63563, 45.42105 ], [ -75.63563, 45.42105 ], [ -75.63563, 45.42105 ], [ -75.63563, 45.42105 ], [ -75.63563, 45.42105 ], [ -75.63563, 45.42105 ], [ -75.63563, 45.42105 ], [ -75.63563, 45.42105 ], [ -75.63563, 45.42105 ], [ -75.63563, 45.42105 ], [ -75.63563, 45.42105 ], [ -75.63563, 45.42105 ], [ -75.63563, 45.42105 ], [ -75.63563, 45.42105 ], [ -75.63563, 45.42105 ], [ -75.63563, 45.42105 ], [ -75.63563, 45.42105 ], [ -75.63563, 45.42105 ], [ -75.63563, 45.42105 ], [ -75.63563, 45.42105 ], [ -75.63563, 45.42105 ], [ -75.63563, 45.42105 ], [ -75.63563, 45.42105 ], [ -75.63563, 45.42105 ], [ -75.63563, 45.42105 ], [ -75.63563, 45.42105 ], [ -75.63563, 45.42105 ], [ -75.63563, 45.42105 ], [ -75.63563, 45.42105 ], [ -75.63563, 45.42105 ], [ -75.63563, 45.42105 ], [ -75.63563, 45.42105 ], [ -75.63563, 45.42105 ], [ -75.63563, 45.42105 ], [ -75.63563, 45.42105 ], [ -75.63563, 45.42105 ], [ -75.63563, 45.42105 ], [ -75.63563, 45.42105 ], [ -75.63563, 45.42105 ], [ -75.63563, 45.42105 ], [ -75.63563, 45.42105 ], [ -75.63563, 45.42105 ], [ -75.63563, 45.42105 ], [ -75.63563, 45.42105 ], [ -75.63563, 45.42105 ], [ -75.63563, 45.42105 ], [ -75.63563, 45.42105 ], [ -75.63563, 45.42105 ], [ -75.63563, 45.42105 ], [ -75.63563, 45.42105 ], [ -75.63563, 45.42105 ], [ -75.63563, 45.42105 ], [ -75.63563, 45.42105 ], [ -75.63563, 45.42105 ], [ -75.63563, 45.42105 ], [ -75.63563, 45.42105 ], [ -75.63563, 45.42105 ], [ -75.63563, 45.42105 ], [ -75.63563, 45.42105 ], [ -75.63563, 45.42105 ], [ -75.63563, 45.42105 ], [ -75.63563, 45.42105 ], [ -75.63563, 45.42105 ], [ -75.63563, 45.42105 ], [ -75.63563, 45.42105 ], [ -75.63563, 45.42105 ], [ -75.63563, 45.42105 ], [ -75.63563, 45.42105 ], [ -75.63563, 45.42105 ], [ -75.63563, 45.42105 ], [ -75.63563, 45.42105 ], [ -75.63563, 45.42105 ], [ -75.63563, 45.42105 ], [ -75.63563, 45.42105 ], [ -75.63563, 45.42105 ], [ -75.63563, 45.42105 ], [ -75.63563, 45.42105 ], [ -75.63563, 45.42105 ], [ -75.63563, 45.42105 ], [ -75.63563, 45.42105 ], [ -75.63563, 45.42105 ], [ -75.63563, 45.42105 ], [ -75.63563, 45.42105 ], [ -75.63563, 45.42105 ], [ -75.63563, 45.42105 ], [ -75.63563, 45.42105 ], [ -75.63563, 45.42105 ], [ -75.63563, 45.42105 ], [ -75.63563, 45.42105 ], [ -75.63563, 45.42105 ], [ -75.63563, 45.42105 ], [ -75.63563, 45.42105 ], [ -75.63563, 45.42105 ], [ -75.63563, 45.42105 ], [ -75.63563, 45.42105 ], [ -75.63563, 45.42105 ], [ -75.63563, 45.42105 ], [ -75.63563, 45.42105 ], [ -75.63563, 45.42105 ], [ -75.63563, 45.42105 ], [ -75.63563, 45.42105 ], [ -75.63563, 45.42105 ], [ -75.63563, 45.42105 ], [ -75.63563, 45.42105 ], [ -75.63563, 45.42105 ], [ -75.63563, 45.42105 ], [ -75.63563, 45.42105 ], [ -75.63563, 45.42105 ], [ -75.63563, 45.42105 ], [ -75.63563, 45.42105 ], [ -75.63563, 45.42105 ], [ -75.63563, 45.42105 ], [ -75.63563, 45.42105 ], [ -75.63563, 45.42105 ], [ -75.63563, 45.42105 ], [ -75.63563, 45.42105 ], [ -75.63563, 45.42105 ], [ -75.63563, 45.42105 ], [ -75.63563, 45.42105 ], [ -75.63563, 45.42105 ], [ -75.63563, 45.42105 ], [ -75.63563, 45.42105 ], [ -75.63563, 45.42105 ], [ -75.63563, 45.42105 ], [ -75.63563, 45.42105 ], [ -75.63563, 45.42105 ], [ -75.63563, 45.42105 ], [ -75.63563, 45.42105 ], [ -75.63563, 45.42105 ], [ -75.63563, 45.42105 ], [ -75.63563, 45.42105 ], [ -75.63563, 45.42105 ], [ -75.63563, 45.42105 ], [ -75.63563, 45.42105 ], [ -75.63563, 45.42105 ], [ -75.63563, 45.42105 ], [ -75.63563, 45.42105 ], [ -75.63563, 45.42105 ], [ -75.63563, 45.42105 ], [ -75.63563, 45.42105 ], [ -75.63563, 45.42105 ], [ -75.63563, 45.42105 ], [ -75.63563, 45.42105 ], [ -75.63563, 45.42105 ], [ -75.63563, 45.42105 ], [ -75.63563, 45.42105 ], [ -75.63563, 45.42105 ], [ -75.63563, 45.42105 ], [ -75.63563, 45.42105 ], [ -75.63563, 45.42105 ], [ -75.63563, 45.42105 ], [ -75.63563, 45.42105 ], [ -75.63563, 45.42105 ], [ -75.63563, 45.42105 ], [ -75.63563, 45.42105 ], [ -75.63563, 45.42105 ], [ -75.63563, 45.42105 ], [ -75.63563, 45.42105 ], [ -75.63563, 45.42105 ], [ -75.63563, 45.42105 ], [ -75.63563, 45.42105 ], [ -75.63563, 45.42105 ], [ -75.63563, 45.42105 ], [ -75.63563, 45.42105 ], [ -75.63563, 45.42105 ], [ -75.63563, 45.42105 ], [ -75.63563, 45.42105 ], [ -75.63563, 45.42105 ], [ -75.63563, 45.42105 ], [ -75.63563, 45.42105 ], [ -75.63563, 45.42105 ], [ -75.63563, 45.42105 ], [ -75.63563, 45.42105 ], [ -75.63563, 45.42105 ], [ -75.63563, 45.42105 ], [ -75.63563, 45.42105 ], [ -75.63563, 45.42105 ], [ -75.63563, 45.42105 ], [ -75.63563, 45.42105 ], [ -75.63563, 45.42105 ], [ -75.63563, 45.42105 ], [ -75.63563, 45.42105 ], [ -75.63563, 45.42105 ], [ -75.63563, 45.42105 ], [ -75.63563, 45.42105 ], [ -75.63563, 45.42105 ], [ -75.63563, 45.42105 ], [ -75.63563, 45.42105 ], [ -75.63563, 45.42105 ], [ -75.63563, 45.42105 ], [ -75.63563, 45.42105 ], [ -75.63563, 45.42105 ], [ -75.63563, 45.42105 ], [ -75.63563, 45.42105 ], [ -75.63563, 45.42105 ], [ -75.63563, 45.42105 ], [ -75.63563, 45.42105 ], [ -75.63563, 45.42105 ], [ -75.63563, 45.42105 ], [ -75.63563, 45.42105 ], [ -75.63563, 45.42105 ], [ -75.63563, 45.42105 ], [ -75.63563, 45.42105 ], [ -75.63563, 45.42105 ], [ -75.63563, 45.42105 ], [ -75.63563, 45.42105 ], [ -75.63563, 45.42105 ], [ -75.63563, 45.42105 ], [ -75.63563, 45.42105 ], [ -75.63563, 45.42105 ], [ -75.63563, 45.42105 ], [ -75.63563, 45.42105 ], [ -75.63563, 45.42105 ], [ -75.63563, 45.42105 ], [ -75.63563, 45.42105 ], [ -75.63563, 45.42105 ], [ -75.63563, 45.42105 ], [ -75.63563, 45.42105 ], [ -75.63563, 45.42105 ], [ -75.63563, 45.42105 ], [ -75.63563, 45.42105 ], [ -75.63563, 45.42105 ], [ -75.63563, 45.42105 ], [ -75.63563, 45.42105 ], [ -75.63563, 45.42105 ], [ -75.63563, 45.42105 ], [ -75.63563, 45.42105 ], [ -75.63563, 45.42105 ], [ -75.63563, 45.42105 ], [ -75.63563, 45.42105 ], [ -75.63563, 45.42105 ], [ -75.63563, 45.42105 ], [ -75.63563, 45.42105 ], [ -75.63563, 45.42105 ], [ -75.63563, 45.42105 ], [ -75.63563, 45.42105 ], [ -75.63563, 45.42105 ], [ -75.63563, 45.42105 ], [ -75.63563, 45.42105 ], [ -75.63563, 45.42105 ], [ -75.63563, 45.42105 ], [ -75.63563, 45.42105 ], [ -75.63563, 45.42105 ], [ -75.63563, 45.42105 ], [ -75.63563, 45.42105 ], [ -75.63563, 45.42105 ], [ -75.63563, 45.42105 ], [ -75.63563, 45.42105 ], [ -75.63563, 45.42105 ], [ -75.63563, 45.42105 ], [ -75.63563, 45.42105 ], [ -75.63563, 45.42105 ], [ -75.63563, 45.42105 ], [ -75.63563, 45.42105 ], [ -75.63563, 45.42105 ], [ -75.63563, 45.42105 ], [ -75.63563, 45.42105 ], [ -75.63563, 45.42105 ], [ -75.63563, 45.42105 ], [ -75.63563, 45.42105 ], [ -75.63563, 45.42105 ], [ -75.63563, 45.42105 ], [ -75.63563, 45.42105 ], [ -75.63563, 45.42105 ], [ -75.63563, 45.42105 ], [ -75.63563, 45.42105 ], [ -75.63563, 45.42105 ], [ -75.63563, 45.42105 ], [ -75.63563, 45.42105 ], [ -75.63563, 45.42105 ], [ -75.63563, 45.42105 ], [ -75.63563, 45.42105 ], [ -75.63563, 45.42105 ], [ -75.63563, 45.42105 ], [ -75.63563, 45.42105 ], [ -75.63563, 45.42105 ], [ -75.63563, 45.42105 ], [ -75.63563, 45.42105 ], [ -75.63563, 45.42105 ], [ -75.63563, 45.42105 ], [ -75.63563, 45.42105 ], [ -75.63563, 45.42105 ], [ -75.63563, 45.42105 ], [ -75.63563, 45.42105 ], [ -75.63563, 45.42105 ], [ -75.63563, 45.42105 ], [ -75.63563, 45.42105 ], [ -75.63563, 45.42105 ], [ -75.63563, 45.42105 ], [ -75.63563, 45.42105 ], [ -75.63563, 45.42105 ], [ -75.63563, 45.42105 ], [ -75.63563, 45.42105 ], [ -75.63563, 45.42105 ], [ -75.63563, 45.42105 ], [ -75.63563, 45.42105 ], [ -75.63563, 45.42105 ], [ -75.63563, 45.42105 ], [ -75.63563, 45.42105 ], [ -75.63563, 45.42105 ], [ -75.63563, 45.42105 ], [ -75.63563, 45.42105 ], [ -75.63563, 45.42105 ], [ -75.63563, 45.42105 ], [ -75.63563, 45.42105 ], [ -75.63563, 45.42105 ], [ -75.63563, 45.42105 ], [ -75.63563, 45.42105 ], [ -75.63563, 45.42105 ], [ -75.63563, 45.42105 ], [ -75.63563, 45.42105 ], [ -75.63563, 45.42105 ], [ -75.63563, 45.42105 ], [ -75.63563, 45.42105 ], [ -75.63563, 45.42105 ], [ -75.63563, 45.42105 ], [ -75.63563, 45.42105 ], [ -75.63563, 45.42105 ], [ -75.63563, 45.42105 ], [ -75.63563, 45.42105 ], [ -75.63563, 45.42105 ], [ -75.63563, 45.42105 ], [ -75.63563, 45.42105 ], [ -75.63563, 45.42105 ], [ -75.63563, 45.42105 ], [ -75.63563, 45.42105 ], [ -75.63563, 45.42105 ], [ -75.63563, 45.42105 ], [ -75.63563, 45.42105 ], [ -75.63563, 45.42105 ], [ -75.63563, 45.42105 ], [ -75.63563, 45.42105 ], [ -75.63563, 45.42105 ], [ -75.63563, 45.42105 ], [ -75.63563, 45.42105 ], [ -75.63563, 45.42105 ], [ -75.63563, 45.42105 ], [ -75.63563, 45.42105 ], [ -75.63563, 45.42105 ], [ -75.63563, 45.42105 ], [ -75.63563, 45.42105 ], [ -75.63563, 45.42105 ], [ -75.63563, 45.42105 ], [ -75.63563, 45.42105 ], [ -75.63563, 45.42105 ], [ -75.63563, 45.42105 ], [ -75.63563, 45.42105 ], [ -75.63563, 45.42105 ], [ -75.63563, 45.42105 ], [ -75.63563, 45.42105 ], [ -75.63563, 45.42105 ], [ -75.63563, 45.42105 ], [ -75.63563, 45.42105 ], [ -75.63563, 45.42105 ], [ -75.63563, 45.42105 ], [ -75.63563, 45.42105 ], [ -75.63563, 45.42105 ], [ -75.63563, 45.42105 ], [ -75.63563, 45.42105 ], [ -75.63563, 45.42105 ], [ -75.63563, 45.42105 ], [ -75.63563, 45.42105 ], [ -75.63563, 45.42105 ], [ -75.63563, 45.42105 ], [ -75.63563, 45.42105 ], [ -75.63563, 45.42105 ], [ -75.63563, 45.42105 ], [ -75.63563, 45.42105 ], [ -75.63563, 45.42105 ], [ -75.63563, 45.42105 ], [ -75.63563, 45.42105 ], [ -75.63563, 45.42105 ], [ -75.63563, 45.42105 ], [ -75.63563, 45.42105 ], [ -75.63563, 45.42105 ], [ -75.63563, 45.42105 ], [ -75.63563, 45.42105 ], [ -75.63563, 45.42105 ], [ -75.63563, 45.42105 ], [ -75.63563, 45.42105 ], [ -75.63563, 45.42105 ], [ -75.63563, 45.42105 ], [ -75.63563, 45.42105 ], [ -75.63563, 45.42105 ], [ -75.63563, 45.42105 ], [ -75.63563, 45.42105 ], [ -75.63563, 45.42105 ], [ -75.63563, 45.42105 ], [ -75.63563, 45.42105 ], [ -75.63563, 45.42105 ], [ -75.63563, 45.42105 ], [ -75.63563, 45.42105 ], [ -75.63563, 45.42105 ], [ -75.63563, 45.42105 ], [ -75.63563, 45.42105 ], [ -75.63563, 45.42105 ], [ -75.63563, 45.42105 ], [ -75.63563, 45.42105 ], [ -75.63563, 45.42105 ], [ -75.63563, 45.42105 ], [ -75.63563, 45.42105 ], [ -75.63563, 45.42105 ], [ -75.63563, 45.42105 ], [ -75.63563, 45.42105 ], [ -75.63563, 45.42105 ], [ -75.63563, 45.42105 ], [ -75.63563, 45.42105 ], [ -75.63563, 45.42105 ], [ -75.63563, 45.42105 ], [ -75.63563, 45.42105 ], [ -75.63563, 45.42105 ], [ -75.63563, 45.42105 ], [ -75.63563, 45.42105 ], [ -75.63563, 45.42105 ], [ -75.63563, 45.42105 ], [ -75.63563, 45.42105 ], [ -75.63563, 45.42105 ], [ -75.63563, 45.42105 ], [ -75.63563, 45.42105 ], [ -75.63563, 45.42105 ], [ -75.63563, 45.42105 ], [ -75.63563, 45.42105 ], [ -75.63563, 45.42105 ], [ -75.63563, 45.42105 ], [ -75.63563, 45.42105 ], [ -75.63563, 45.42105 ], [ -75.63563, 45.42105 ], [ -75.63563, 45.42105 ], [ -75.63563, 45.42105 ], [ -75.63563, 45.42105 ], [ -75.63563, 45.42105 ], [ -75.63563, 45.42105 ], [ -75.63563, 45.42105 ], [ -75.63563, 45.42105 ], [ -75.63563, 45.42105 ], [ -75.63563, 45.42105 ], [ -75.63563, 45.42105 ], [ -75.63563, 45.42105 ], [ -75.63563, 45.42105 ], [ -75.63563, 45.42105 ], [ -75.63563, 45.42105 ], [ -75.63563, 45.42105 ], [ -75.63563, 45.42105 ], [ -75.63563, 45.42105 ], [ -75.63563, 45.42105 ], [ -75.63563, 45.42105 ], [ -75.63563, 45.42105 ], [ -75.63563, 45.42105 ], [ -75.63563, 45.42105 ], [ -75.63563, 45.42105 ], [ -75.63563, 45.42105 ], [ -75.63563, 45.42105 ], [ -75.63563, 45.42105 ], [ -75.63563, 45.42105 ], [ -75.63563, 45.42105 ], [ -75.63563, 45.42105 ], [ -75.63563, 45.42105 ], [ -75.63563, 45.42105 ], [ -75.63563, 45.42105 ], [ -75.63563, 45.42105 ], [ -75.63563, 45.42105 ], [ -75.63563, 45.42105 ], [ -75.63563, 45.42105 ], [ -75.63563, 45.42105 ], [ -75.63563, 45.42105 ], [ -75.63563, 45.42105 ], [ -75.63563, 45.42105 ], [ -75.63563, 45.42105 ], [ -75.63563, 45.42105 ], [ -75.63563, 45.42105 ], [ -75.63563, 45.42105 ], [ -75.63563, 45.42105 ], [ -75.63563, 45.42105 ], [ -75.63563, 45.42105 ], [ -75.63563, 45.42105 ], [ -75.63563, 45.42105 ], [ -75.63563, 45.42105 ], [ -75.63563, 45.42105 ], [ -75.63563, 45.42105 ], [ -75.63563, 45.42105 ], [ -75.63563, 45.42105 ], [ -75.63563, 45.42105 ], [ -75.63563, 45.42105 ], [ -75.63563, 45.42105 ], [ -75.63563, 45.42105 ], [ -75.63563, 45.42105 ], [ -75.63563, 45.42105 ], [ -75.63563, 45.42105 ], [ -75.63563, 45.42105 ], [ -75.63563, 45.42105 ], [ -75.63563, 45.42105 ], [ -75.63563, 45.42105 ], [ -75.63563, 45.42105 ], [ -75.63563, 45.42105 ], [ -75.63563, 45.42105 ], [ -75.63563, 45.42105 ], [ -75.63563, 45.42105 ], [ -75.63563, 45.42105 ], [ -75.63563, 45.42105 ], [ -75.63563, 45.42105 ], [ -75.63563, 45.42105 ], [ -75.63563, 45.42105 ], [ -75.63563, 45.42105 ], [ -75.63563, 45.42105 ], [ -75.63563, 45.42105 ], [ -75.63563, 45.42105 ], [ -75.63563, 45.42105 ], [ -75.63563, 45.42105 ], [ -75.63563, 45.42105 ], [ -75.63563, 45.42105 ], [ -75.63563, 45.42105 ], [ -75.63563, 45.42105 ], [ -75.63563, 45.42105 ], [ -75.63563, 45.42105 ], [ -75.63563, 45.42105 ], [ -75.63563, 45.42105 ], [ -75.63563, 45.42105 ], [ -75.63563, 45.42105 ], [ -75.63563, 45.42105 ], [ -75.63563, 45.42105 ], [ -75.63563, 45.42105 ], [ -75.63563, 45.42105 ], [ -75.63563, 45.42105 ], [ -75.63563, 45.42105 ], [ -75.63563, 45.42105 ], [ -75.63563, 45.42105 ], [ -75.63563, 45.42105 ], [ -75.63563, 45.42105 ], [ -75.63563, 45.42105 ], [ -75.63563, 45.42105 ], [ -75.63563, 45.42105 ], [ -75.63563, 45.42105 ], [ -75.63563, 45.42105 ], [ -75.63563, 45.42105 ], [ -75.63563, 45.42105 ], [ -75.63563, 45.42105 ], [ -75.63563, 45.42105 ], [ -75.63563, 45.42105 ], [ -75.63563, 45.42105 ], [ -75.63563, 45.42105 ], [ -75.63563, 45.42105 ], [ -75.63563, 45.42105 ], [ -75.63563, 45.42105 ], [ -75.63563, 45.42105 ], [ -75.63563, 45.42105 ], [ -75.63563, 45.42105 ], [ -75.63563, 45.42105 ], [ -75.63563, 45.42105 ], [ -75.63563, 45.42105 ], [ -75.63563, 45.42105 ], [ -75.63563, 45.42105 ], [ -75.63563, 45.42105 ], [ -75.63563, 45.42105 ], [ -75.63563, 45.42105 ], [ -75.63563, 45.42105 ], [ -75.63563, 45.42105 ], [ -75.63563, 45.42105 ], [ -75.63563, 45.42105 ], [ -75.63563, 45.42105 ], [ -75.63563, 45.42105 ], [ -75.63563, 45.42105 ], [ -75.63563, 45.42105 ], [ -75.63563, 45.42105 ], [ -75.63563, 45.42105 ], [ -75.63563, 45.42105 ], [ -75.63563, 45.42105 ], [ -75.63563, 45.42105 ], [ -75.63563, 45.42105 ], [ -75.63563, 45.42105 ], [ -75.63563, 45.42105 ], [ -75.63563, 45.42105 ], [ -75.63563, 45.42105 ], [ -75.63563, 45.42105 ], [ -75.63563, 45.42105 ], [ -75.63563, 45.42105 ], [ -75.63563, 45.42105 ], [ -75.63563, 45.42105 ], [ -75.63563, 45.42105 ], [ -75.63563, 45.42105 ], [ -75.63563, 45.42105 ], [ -75.63563, 45.42105 ], [ -75.63563, 45.42105 ], [ -75.63563, 45.42105 ], [ -75.63563, 45.42105 ], [ -75.63563, 45.42105 ], [ -75.63563, 45.42105 ], [ -75.63563, 45.42105 ], [ -75.63563, 45.42105 ], [ -75.63563, 45.42105 ], [ -75.63563, 45.42105 ], [ -75.63563, 45.42105 ], [ -75.63563, 45.42105 ], [ -75.63563, 45.42105 ], [ -75.63563, 45.42105 ], [ -75.63563, 45.42105 ], [ -75.63563, 45.42105 ], [ -75.63563, 45.42105 ], [ -75.63563, 45.42105 ], [ -75.63563, 45.42105 ], [ -75.63563, 45.42105 ], [ -75.63563, 45.42105 ], [ -75.63563, 45.42105 ], [ -75.63563, 45.42105 ], [ -75.63563, 45.42105 ], [ -75.63563, 45.42105 ], [ -75.63563, 45.42105 ], [ -75.63563, 45.42105 ], [ -75.63563, 45.42105 ], [ -75.63563, 45.42105 ], [ -75.63563, 45.42105 ], [ -75.63563, 45.42105 ], [ -75.63563, 45.42105 ], [ -75.63563, 45.42105 ], [ -75.63563, 45.42105 ], [ -75.63563, 45.42105 ], [ -75.63563, 45.42105 ], [ -75.63563, 45.42105 ], [ -75.63563, 45.42105 ], [ -75.63563, 45.42105 ], [ -75.63563, 45.42105 ], [ -75.63563, 45.42105 ], [ -75.63563, 45.42105 ], [ -75.63563, 45.42105 ], [ -75.63563, 45.42105 ], [ -75.63563, 45.42105 ], [ -75.63563, 45.42105 ], [ -75.63563, 45.42105 ], [ -75.63563, 45.42105 ], [ -75.63563, 45.42105 ], [ -75.63563, 45.42105 ], [ -75.63563, 45.42105 ], [ -75.63563, 45.42105 ], [ -75.63563, 45.42105 ], [ -75.63563, 45.42105 ], [ -75.63563, 45.42105 ], [ -75.63563, 45.42105 ], [ -75.63563, 45.42105 ], [ -75.63563, 45.42105 ], [ -75.63563, 45.42105 ], [ -75.63563, 45.42105 ], [ -75.63563, 45.42105 ], [ -75.63563, 45.42105 ], [ -75.63563, 45.42105 ], [ -75.63563, 45.42105 ], [ -75.63563, 45.42105 ], [ -75.63563, 45.42105 ], [ -75.63563, 45.42105 ], [ -75.63563, 45.42105 ], [ -75.63563, 45.42105 ], [ -75.63563, 45.42105 ], [ -75.63563, 45.42105 ], [ -75.63563, 45.42105 ], [ -75.63563, 45.42105 ], [ -75.63563, 45.42105 ], [ -75.63563, 45.42105 ], [ -75.63563, 45.42105 ], [ -75.63563, 45.42105 ], [ -75.63563, 45.42105 ], [ -75.63563, 45.42105 ], [ -75.63563, 45.42105 ], [ -75.63563, 45.42105 ], [ -75.63563, 45.42105 ], [ -75.63563, 45.42105 ], [ -75.63563, 45.42105 ], [ -75.63563, 45.42105 ], [ -75.63563, 45.42105 ], [ -75.63563, 45.42105 ], [ -75.63563, 45.42105 ], [ -75.63563, 45.42105 ], [ -75.63563, 45.42105 ], [ -75.63563, 45.42105 ], [ -75.63563, 45.42105 ], [ -75.63563, 45.42105 ], [ -75.63563, 45.42105 ], [ -75.63563, 45.42105 ], [ -75.63563, 45.42105 ], [ -75.63563, 45.42105 ], [ -75.63563, 45.42105 ], [ -75.63563, 45.42105 ], [ -75.63563, 45.42105 ], [ -75.63563, 45.42105 ], [ -75.63563, 45.42105 ], [ -75.63563, 45.42105 ], [ -75.63563, 45.42105 ], [ -75.63563, 45.42105 ], [ -75.63563, 45.42105 ], [ -75.63563, 45.42105 ], [ -75.63563, 45.42105 ], [ -75.63563, 45.42105 ], [ -75.63563, 45.42105 ], [ -75.63563, 45.42105 ], [ -75.63563, 45.42105 ], [ -75.63563, 45.42105 ], [ -75.63563, 45.42105 ], [ -75.63563, 45.42105 ], [ -75.63563, 45.42105 ], [ -75.63563, 45.42105 ], [ -75.63563, 45.42105 ], [ -75.63563, 45.42105 ], [ -75.63563, 45.42105 ], [ -75.63563, 45.42105 ], [ -75.63563, 45.42105 ], [ -75.63563, 45.42105 ], [ -75.63563, 45.42105 ], [ -75.63563, 45.42105 ], [ -75.63563, 45.42105 ], [ -75.63563, 45.42105 ], [ -75.63563, 45.42105 ], [ -75.63563, 45.42105 ], [ -75.63563, 45.42105 ], [ -75.63563, 45.42105 ], [ -75.63563, 45.42105 ], [ -75.63563, 45.42105 ], [ -75.63563, 45.42105 ], [ -75.63563, 45.42105 ], [ -75.63563, 45.42105 ], [ -75.63563, 45.42105 ], [ -75.63563, 45.42105 ], [ -75.63563, 45.42105 ], [ -75.63563, 45.42105 ], [ -75.63563, 45.42105 ], [ -75.63563, 45.42105 ], [ -75.63563, 45.42105 ], [ -75.63563, 45.42105 ], [ -75.63563, 45.42105 ], [ -75.63563, 45.42105 ], [ -75.63563, 45.42105 ], [ -75.63563, 45.42105 ], [ -75.63563, 45.42105 ], [ -75.63563, 45.42105 ], [ -75.63563, 45.42105 ], [ -75.63563, 45.42105 ], [ -75.63563, 45.42105 ], [ -75.63563, 45.42105 ], [ -75.63563, 45.42105 ], [ -75.63563, 45.42105 ], [ -75.63563, 45.42105 ], [ -75.63563, 45.42105 ], [ -75.63563, 45.42105 ], [ -75.63563, 45.42105 ], [ -75.63563, 45.42105 ], [ -75.63563, 45.42105 ], [ -75.63563, 45.42105 ], [ -75.63563, 45.42105 ], [ -75.63563, 45.42105 ], [ -75.63563, 45.42105 ], [ -75.63563, 45.42105 ], [ -75.63563, 45.42105 ], [ -75.635575, 45.42096 ], [ -75.635575, 45.42096 ], [ -75.635575, 45.42096 ], [ -75.635575, 45.42096 ], [ -75.635575, 45.42096 ], [ -75.635575, 45.42096 ], [ -75.635575, 45.42096 ], [ -75.635575, 45.42096 ], [ -75.635575, 45.42096 ], [ -75.635575, 45.42096 ], [ -75.635575, 45.42096 ], [ -75.635575, 45.42096 ], [ -75.635575, 45.42096 ], [ -75.635575, 45.42096 ], [ -75.635575, 45.42096 ], [ -75.635575, 45.42096 ], [ -75.635575, 45.42096 ], [ -75.635575, 45.42096 ], [ -75.635575, 45.42096 ], [ -75.635575, 45.42096 ], [ -75.635575, 45.42096 ], [ -75.635575, 45.42096 ], [ -75.635575, 45.42096 ], [ -75.635575, 45.42096 ], [ -75.635575, 45.42096 ], [ -75.635575, 45.42096 ], [ -75.635575, 45.42096 ], [ -75.635575, 45.42096 ], [ -75.635575, 45.42096 ], [ -75.635575, 45.42096 ], [ -75.635575, 45.42096 ], [ -75.635575, 45.42096 ], [ -75.635575, 45.42096 ], [ -75.635575, 45.42096 ], [ -75.635575, 45.42096 ], [ -75.635575, 45.42096 ], [ -75.635575, 45.42096 ], [ -75.635575, 45.42096 ], [ -75.635575, 45.42096 ], [ -75.635575, 45.42096 ], [ -75.635575, 45.42096 ], [ -75.635575, 45.42096 ], [ -75.635575, 45.42096 ], [ -75.635575, 45.42096 ], [ -75.635575, 45.42096 ], [ -75.635575, 45.42096 ], [ -75.635575, 45.42096 ], [ -75.635575, 45.42096 ], [ -75.635575, 45.42096 ], [ -75.635575, 45.42096 ], [ -75.635575, 45.42096 ], [ -75.635575, 45.42096 ], [ -75.635575, 45.42096 ], [ -75.635575, 45.42096 ], [ -75.635575, 45.42096 ], [ -75.635575, 45.42096 ], [ -75.635575, 45.42096 ], [ -75.635575, 45.42096 ], [ -75.635575, 45.42096 ], [ -75.635575, 45.42096 ], [ -75.635575, 45.42096 ], [ -75.635575, 45.42096 ], [ -75.635575, 45.42096 ], [ -75.635575, 45.42096 ], [ -75.635575, 45.42096 ], [ -75.635575, 45.42096 ], [ -75.635575, 45.42096 ], [ -75.635575, 45.42096 ], [ -75.635575, 45.42096 ], [ -75.635575, 45.42096 ], [ -75.635575, 45.42096 ], [ -75.635575, 45.42096 ], [ -75.635575, 45.42096 ], [ -75.635575, 45.42096 ], [ -75.635575, 45.42096 ], [ -75.635575, 45.42096 ], [ -75.635575, 45.42096 ], [ -75.635575, 45.42096 ], [ -75.635575, 45.42096 ], [ -75.635575, 45.42096 ], [ -75.635575, 45.42096 ], [ -75.635575, 45.42096 ], [ -75.635575, 45.42096 ], [ -75.635575, 45.42096 ], [ -75.635575, 45.42096 ], [ -75.635575, 45.42096 ], [ -75.635575, 45.42096 ], [ -75.635575, 45.42096 ], [ -75.635575, 45.42096 ], [ -75.635575, 45.42096 ], [ -75.635575, 45.42096 ], [ -75.635575, 45.42096 ], [ -75.635575, 45.42096 ], [ -75.635575, 45.42096 ], [ -75.635575, 45.42096 ], [ -75.635575, 45.42096 ], [ -75.635575, 45.42096 ], [ -75.635575, 45.42096 ], [ -75.635575, 45.42096 ], [ -75.635575, 45.42096 ], [ -75.635575, 45.42096 ], [ -75.635575, 45.42096 ], [ -75.635575, 45.42096 ], [ -75.635575, 45.42096 ], [ -75.635575, 45.42096 ], [ -75.635575, 45.42096 ], [ -75.635575, 45.42096 ], [ -75.635575, 45.42096 ], [ -75.635575, 45.42096 ], [ -75.635575, 45.42096 ], [ -75.635575, 45.42096 ], [ -75.635575, 45.42096 ], [ -75.635575, 45.42096 ], [ -75.635575, 45.42096 ], [ -75.635575, 45.42096 ], [ -75.635575, 45.42096 ], [ -75.635575, 45.42096 ], [ -75.635575, 45.42096 ], [ -75.635575, 45.42096 ], [ -75.635575, 45.42096 ], [ -75.635575, 45.42096 ], [ -75.635575, 45.42096 ], [ -75.635575, 45.42096 ], [ -75.635575, 45.42096 ], [ -75.635575, 45.42096 ], [ -75.635575, 45.42096 ], [ -75.635575, 45.42096 ], [ -75.635575, 45.42096 ], [ -75.635575, 45.42096 ], [ -75.635575, 45.42096 ], [ -75.635575, 45.42096 ], [ -75.635575, 45.42096 ], [ -75.635575, 45.42096 ], [ -75.635575, 45.42096 ], [ -75.635575, 45.42096 ], [ -75.635575, 45.42096 ], [ -75.635575, 45.42096 ], [ -75.635575, 45.42096 ], [ -75.635575, 45.42096 ], [ -75.635575, 45.42096 ], [ -75.635575, 45.42096 ], [ -75.635575, 45.42096 ], [ -75.635575, 45.42096 ], [ -75.635575, 45.42096 ], [ -75.635575, 45.42096 ], [ -75.635575, 45.42096 ], [ -75.635575, 45.42096 ], [ -75.635575, 45.42096 ], [ -75.635575, 45.42096 ], [ -75.635575, 45.42096 ], [ -75.635575, 45.42096 ], [ -75.635575, 45.42096 ], [ -75.635575, 45.42096 ], [ -75.635575, 45.42096 ], [ -75.635575, 45.42096 ], [ -75.635575, 45.42096 ], [ -75.635575, 45.42096 ], [ -75.635575, 45.42096 ], [ -75.635575, 45.42096 ], [ -75.635575, 45.42096 ], [ -75.635575, 45.42096 ], [ -75.635575, 45.42096 ], [ -75.635575, 45.42096 ], [ -75.635575, 45.42096 ], [ -75.635575, 45.42096 ], [ -75.635575, 45.42096 ], [ -75.635575, 45.42096 ], [ -75.635575, 45.42096 ], [ -75.635575, 45.42096 ], [ -75.635575, 45.42096 ], [ -75.635575, 45.42096 ], [ -75.635575, 45.42096 ], [ -75.635575, 45.42096 ], [ -75.635575, 45.42096 ], [ -75.635575, 45.42096 ], [ -75.635575, 45.42096 ], [ -75.635575, 45.42096 ], [ -75.635575, 45.42096 ], [ -75.635575, 45.42096 ], [ -75.635575, 45.42096 ], [ -75.635575, 45.42096 ], [ -75.635575, 45.42096 ], [ -75.635575, 45.42096 ], [ -75.635575, 45.42096 ], [ -75.635575, 45.42096 ], [ -75.635575, 45.42096 ], [ -75.635575, 45.42096 ], [ -75.635575, 45.42096 ], [ -75.635575, 45.42096 ], [ -75.635575, 45.42096 ], [ -75.635575, 45.42096 ], [ -75.635575, 45.42096 ], [ -75.635575, 45.42096 ], [ -75.635575, 45.42096 ], [ -75.635575, 45.42096 ], [ -75.635575, 45.42096 ], [ -75.635575, 45.42096 ], [ -75.635575, 45.42096 ], [ -75.635575, 45.42096 ], [ -75.635575, 45.42096 ], [ -75.635575, 45.42096 ], [ -75.635575, 45.42096 ], [ -75.635575, 45.42096 ], [ -75.635575, 45.42096 ], [ -75.635575, 45.42096 ], [ -75.635575, 45.42096 ], [ -75.635575, 45.42096 ], [ -75.635575, 45.42096 ], [ -75.635575, 45.42096 ], [ -75.635575, 45.42096 ], [ -75.635575, 45.42096 ], [ -75.635575, 45.42096 ], [ -75.635575, 45.42096 ], [ -75.635575, 45.42096 ], [ -75.635575, 45.42096 ], [ -75.635575, 45.42096 ], [ -75.635575, 45.42096 ], [ -75.635575, 45.42096 ], [ -75.635575, 45.42096 ], [ -75.635575, 45.42096 ], [ -75.635575, 45.42096 ], [ -75.635575, 45.42096 ], [ -75.635575, 45.42096 ], [ -75.635575, 45.42096 ], [ -75.635575, 45.42096 ], [ -75.635575, 45.42096 ], [ -75.635575, 45.42096 ], [ -75.635575, 45.42096 ], [ -75.635575, 45.42096 ], [ -75.635575, 45.42096 ], [ -75.635575, 45.42096 ], [ -75.635575, 45.42096 ], [ -75.635575, 45.42096 ], [ -75.635575, 45.42096 ], [ -75.635575, 45.42096 ], [ -75.635575, 45.42096 ], [ -75.635575, 45.42096 ], [ -75.635575, 45.42096 ], [ -75.635575, 45.42096 ], [ -75.635575, 45.42096 ], [ -75.635575, 45.42096 ], [ -75.635575, 45.42096 ], [ -75.635575, 45.42096 ], [ -75.635575, 45.42096 ], [ -75.635575, 45.42096 ], [ -75.635575, 45.42096 ], [ -75.635575, 45.42096 ], [ -75.635575, 45.42096 ], [ -75.635575, 45.42096 ], [ -75.635575, 45.42096 ], [ -75.635575, 45.42096 ], [ -75.635575, 45.42096 ], [ -75.635575, 45.42096 ], [ -75.635575, 45.42096 ], [ -75.635575, 45.42096 ], [ -75.635575, 45.42096 ], [ -75.635575, 45.42096 ], [ -75.635575, 45.42096 ], [ -75.635575, 45.42096 ], [ -75.635575, 45.42096 ], [ -75.635575, 45.42096 ], [ -75.635575, 45.42096 ], [ -75.635575, 45.42096 ], [ -75.635575, 45.42096 ], [ -75.635575, 45.42096 ], [ -75.635575, 45.42096 ], [ -75.635575, 45.42096 ], [ -75.635575, 45.42096 ], [ -75.635575, 45.42096 ], [ -75.635575, 45.42096 ], [ -75.635575, 45.42096 ], [ -75.635575, 45.42096 ], [ -75.635575, 45.42096 ], [ -75.635575, 45.42096 ], [ -75.635575, 45.42096 ], [ -75.635575, 45.42096 ], [ -75.635575, 45.42096 ], [ -75.635575, 45.42096 ], [ -75.635575, 45.42096 ], [ -75.635575, 45.42096 ], [ -75.635575, 45.42096 ], [ -75.635575, 45.42096 ], [ -75.635575, 45.42096 ], [ -75.635575, 45.42096 ], [ -75.635575, 45.42096 ], [ -75.635575, 45.42096 ], [ -75.635575, 45.42096 ], [ -75.635575, 45.42096 ], [ -75.635575, 45.42096 ], [ -75.635575, 45.42096 ], [ -75.635575, 45.42096 ], [ -75.635575, 45.42096 ], [ -75.635575, 45.42096 ], [ -75.635575, 45.42096 ], [ -75.635575, 45.42096 ], [ -75.635575, 45.42096 ], [ -75.635575, 45.42096 ], [ -75.635575, 45.42096 ], [ -75.635575, 45.42096 ], [ -75.635575, 45.42096 ], [ -75.635575, 45.42096 ], [ -75.635575, 45.42096 ], [ -75.635575, 45.42096 ], [ -75.635575, 45.42096 ], [ -75.635575, 45.42096 ], [ -75.635575, 45.42096 ], [ -75.635575, 45.42096 ], [ -75.635575, 45.42096 ], [ -75.635575, 45.42096 ], [ -75.635575, 45.42096 ], [ -75.635575, 45.42096 ], [ -75.635575, 45.42096 ], [ -75.635575, 45.42096 ], [ -75.635575, 45.42096 ], [ -75.635575, 45.42096 ], [ -75.635575, 45.42096 ], [ -75.635575, 45.42096 ], [ -75.635575, 45.42096 ], [ -75.635575, 45.42096 ], [ -75.635575, 45.42096 ], [ -75.635575, 45.42096 ], [ -75.635575, 45.42096 ], [ -75.635575, 45.42096 ], [ -75.635575, 45.42096 ], [ -75.635575, 45.42096 ], [ -75.635575, 45.42096 ], [ -75.635575, 45.42096 ], [ -75.635575, 45.42096 ], [ -75.635575, 45.42096 ], [ -75.635575, 45.42096 ], [ -75.635575, 45.42096 ], [ -75.635575, 45.42096 ], [ -75.635575, 45.42096 ], [ -75.635575, 45.42096 ], [ -75.635575, 45.42096 ], [ -75.635575, 45.42096 ], [ -75.635575, 45.42096 ], [ -75.635575, 45.42096 ], [ -75.635575, 45.42096 ], [ -75.635575, 45.42096 ], [ -75.635575, 45.42096 ], [ -75.635575, 45.42096 ], [ -75.635575, 45.42096 ], [ -75.635575, 45.42096 ], [ -75.635575, 45.42096 ], [ -75.635575, 45.42096 ], [ -75.635575, 45.42096 ], [ -75.635575, 45.42096 ], [ -75.635575, 45.42096 ], [ -75.635575, 45.42096 ], [ -75.635575, 45.42096 ], [ -75.635575, 45.42096 ], [ -75.635575, 45.42096 ], [ -75.635575, 45.42096 ], [ -75.635575, 45.42096 ], [ -75.635575, 45.42096 ], [ -75.635575, 45.42096 ], [ -75.635575, 45.42096 ], [ -75.635575, 45.42096 ], [ -75.635575, 45.42096 ], [ -75.635575, 45.42096 ], [ -75.635575, 45.42096 ], [ -75.635575, 45.42096 ], [ -75.635575, 45.42096 ], [ -75.635575, 45.42096 ], [ -75.635575, 45.42096 ], [ -75.635575, 45.42096 ], [ -75.635575, 45.42096 ], [ -75.635575, 45.42096 ], [ -75.635575, 45.42096 ], [ -75.635575, 45.42096 ], [ -75.635575, 45.42096 ], [ -75.635575, 45.42096 ], [ -75.635575, 45.42096 ], [ -75.635575, 45.42096 ], [ -75.635575, 45.42096 ], [ -75.635575, 45.42096 ], [ -75.635575, 45.42096 ], [ -75.635575, 45.42096 ], [ -75.635575, 45.42096 ], [ -75.635575, 45.42096 ], [ -75.635575, 45.42096 ], [ -75.635575, 45.42096 ], [ -75.635575, 45.42096 ], [ -75.635575, 45.42096 ], [ -75.635575, 45.42096 ], [ -75.635575, 45.42096 ], [ -75.635575, 45.42096 ], [ -75.635575, 45.42096 ], [ -75.635575, 45.42096 ], [ -75.635575, 45.42096 ], [ -75.635575, 45.42096 ], [ -75.635575, 45.42096 ], [ -75.635575, 45.42096 ], [ -75.635575, 45.42096 ], [ -75.635575, 45.42096 ], [ -75.635575, 45.42096 ], [ -75.635575, 45.42096 ], [ -75.635575, 45.42096 ], [ -75.635575, 45.42096 ], [ -75.635575, 45.42096 ], [ -75.635575, 45.42096 ], [ -75.635575, 45.42096 ], [ -75.635575, 45.42096 ], [ -75.635575, 45.42096 ], [ -75.635575, 45.42096 ], [ -75.635575, 45.42096 ], [ -75.635575, 45.42096 ], [ -75.635575, 45.42096 ], [ -75.635575, 45.42096 ], [ -75.635575, 45.42096 ], [ -75.635575, 45.42096 ], [ -75.635575, 45.42096 ], [ -75.635575, 45.42096 ], [ -75.635575, 45.42096 ], [ -75.635575, 45.42096 ], [ -75.635575, 45.42096 ], [ -75.635575, 45.42096 ], [ -75.635575, 45.42096 ], [ -75.635575, 45.42096 ], [ -75.635575, 45.42096 ], [ -75.635575, 45.42096 ], [ -75.635575, 45.42096 ], [ -75.635575, 45.42096 ], [ -75.635575, 45.42096 ], [ -75.635575, 45.42096 ], [ -75.635575, 45.42096 ], [ -75.635575, 45.42096 ], [ -75.635575, 45.42096 ], [ -75.635575, 45.42096 ], [ -75.635575, 45.42096 ], [ -75.635575, 45.42096 ], [ -75.635575, 45.42096 ], [ -75.635575, 45.42096 ], [ -75.635575, 45.42096 ], [ -75.635575, 45.42096 ], [ -75.635575, 45.42096 ], [ -75.635575, 45.42096 ], [ -75.635575, 45.42096 ], [ -75.635575, 45.42096 ], [ -75.635575, 45.42096 ], [ -75.635575, 45.42096 ], [ -75.635575, 45.42096 ], [ -75.635575, 45.42096 ], [ -75.635575, 45.42096 ], [ -75.635575, 45.42096 ], [ -75.635575, 45.42096 ], [ -75.635575, 45.42096 ], [ -75.635575, 45.42096 ], [ -75.635575, 45.42096 ], [ -75.635575, 45.42096 ], [ -75.635575, 45.42096 ], [ -75.635575, 45.42096 ], [ -75.635575, 45.42096 ], [ -75.635575, 45.42096 ], [ -75.635575, 45.42096 ], [ -75.635575, 45.42096 ], [ -75.635575, 45.42096 ], [ -75.635575, 45.42096 ], [ -75.635575, 45.42096 ], [ -75.635575, 45.42096 ], [ -75.635575, 45.42096 ], [ -75.635575, 45.42096 ], [ -75.635575, 45.42096 ], [ -75.635575, 45.42096 ], [ -75.635575, 45.42096 ], [ -75.635575, 45.42096 ], [ -75.635575, 45.42096 ], [ -75.635575, 45.42096 ], [ -75.635575, 45.42096 ], [ -75.635575, 45.42096 ], [ -75.635575, 45.42096 ], [ -75.635575, 45.42096 ], [ -75.635575, 45.42096 ], [ -75.635575, 45.42096 ], [ -75.635575, 45.42096 ], [ -75.635575, 45.42096 ], [ -75.635575, 45.42096 ], [ -75.635575, 45.42096 ], [ -75.635575, 45.42096 ], [ -75.635575, 45.42096 ], [ -75.635575, 45.42096 ], [ -75.635575, 45.42096 ], [ -75.635575, 45.42096 ], [ -75.635575, 45.42096 ], [ -75.635575, 45.42096 ], [ -75.635575, 45.42096 ], [ -75.635575, 45.42096 ], [ -75.635575, 45.42096 ], [ -75.635575, 45.42096 ], [ -75.635575, 45.42096 ], [ -75.635575, 45.42096 ], [ -75.635575, 45.42096 ], [ -75.635575, 45.42096 ], [ -75.635575, 45.42096 ], [ -75.635575, 45.42096 ], [ -75.635575, 45.42096 ], [ -75.635575, 45.42096 ], [ -75.635575, 45.42096 ], [ -75.635575, 45.42096 ], [ -75.635575, 45.42096 ], [ -75.635575, 45.42096 ], [ -75.635575, 45.42096 ], [ -75.635575, 45.42096 ], [ -75.635575, 45.42096 ], [ -75.635575, 45.42096 ], [ -75.635575, 45.42096 ], [ -75.635575, 45.42096 ], [ -75.635575, 45.42096 ], [ -75.635575, 45.42096 ], [ -75.635575, 45.42096 ], [ -75.635575, 45.42096 ], [ -75.635575, 45.42096 ], [ -75.635575, 45.42096 ], [ -75.635575, 45.42096 ], [ -75.635575, 45.42096 ], [ -75.635575, 45.42096 ], [ -75.635575, 45.42096 ], [ -75.635575, 45.42096 ], [ -75.635575, 45.42096 ], [ -75.635575, 45.42096 ], [ -75.635575, 45.42096 ], [ -75.635575, 45.42096 ], [ -75.635575, 45.42096 ], [ -75.635575, 45.42096 ], [ -75.635575, 45.42096 ], [ -75.635575, 45.42096 ], [ -75.635575, 45.42096 ], [ -75.635575, 45.42096 ], [ -75.635575, 45.42096 ], [ -75.635575, 45.42096 ], [ -75.635575, 45.42096 ], [ -75.635575, 45.42096 ], [ -75.635575, 45.42096 ], [ -75.635575, 45.42096 ], [ -75.635575, 45.42096 ], [ -75.635575, 45.42096 ], [ -75.635575, 45.42096 ], [ -75.635575, 45.42096 ], [ -75.635575, 45.42096 ], [ -75.635575, 45.42096 ], [ -75.635575, 45.42096 ], [ -75.635575, 45.42096 ], [ -75.635575, 45.42096 ], [ -75.635575, 45.42096 ], [ -75.635575, 45.42096 ], [ -75.635575, 45.42096 ], [ -75.635575, 45.42096 ], [ -75.635575, 45.42096 ], [ -75.635575, 45.42096 ], [ -75.635575, 45.42096 ], [ -75.635575, 45.42096 ], [ -75.635575, 45.42096 ], [ -75.635575, 45.42096 ], [ -75.635575, 45.42096 ], [ -75.635575, 45.42096 ], [ -75.635575, 45.42096 ], [ -75.635575, 45.42096 ], [ -75.635575, 45.42096 ], [ -75.635575, 45.42096 ], [ -75.635575, 45.42096 ], [ -75.635575, 45.42096 ], [ -75.635575, 45.42096 ], [ -75.635575, 45.42096 ], [ -75.635575, 45.42096 ], [ -75.635575, 45.42096 ], [ -75.635575, 45.42096 ], [ -75.635575, 45.42096 ], [ -75.635575, 45.42096 ], [ -75.635575, 45.42096 ], [ -75.635575, 45.42096 ], [ -75.635575, 45.42096 ], [ -75.635575, 45.42096 ], [ -75.635575, 45.42096 ], [ -75.635575, 45.42096 ], [ -75.635575, 45.42096 ], [ -75.635575, 45.42096 ], [ -75.635575, 45.42096 ], [ -75.635575, 45.42096 ], [ -75.635575, 45.42096 ], [ -75.635575, 45.42096 ], [ -75.635575, 45.42096 ], [ -75.635575, 45.42096 ], [ -75.635575, 45.42096 ], [ -75.635575, 45.42096 ], [ -75.635575, 45.42096 ], [ -75.635575, 45.42096 ], [ -75.635575, 45.42096 ], [ -75.635575, 45.42096 ], [ -75.635575, 45.42096 ], [ -75.635575, 45.42096 ], [ -75.635575, 45.42096 ], [ -75.635575, 45.42096 ], [ -75.635575, 45.42096 ], [ -75.635575, 45.42096 ], [ -75.635575, 45.42096 ], [ -75.635575, 45.42096 ], [ -75.635575, 45.42096 ], [ -75.635575, 45.42096 ], [ -75.635575, 45.42096 ], [ -75.635575, 45.42096 ], [ -75.635575, 45.42096 ], [ -75.635575, 45.42096 ], [ -75.635575, 45.42096 ], [ -75.635575, 45.42096 ], [ -75.635575, 45.42096 ], [ -75.635575, 45.42096 ], [ -75.635575, 45.42096 ], [ -75.635575, 45.42096 ], [ -75.635575, 45.42096 ], [ -75.635575, 45.42096 ], [ -75.635575, 45.42096 ], [ -75.635575, 45.42096 ], [ -75.635575, 45.42096 ], [ -75.635575, 45.42096 ], [ -75.635575, 45.42096 ], [ -75.635575, 45.42096 ], [ -75.635575, 45.42096 ], [ -75.635575, 45.42096 ], [ -75.635575, 45.42096 ], [ -75.635575, 45.42096 ], [ -75.635575, 45.42096 ], [ -75.635575, 45.42096 ], [ -75.635575, 45.42096 ], [ -75.635575, 45.42096 ], [ -75.635575, 45.42096 ], [ -75.635575, 45.42096 ], [ -75.635575, 45.42096 ], [ -75.635575, 45.42096 ], [ -75.635575, 45.42096 ], [ -75.635575, 45.42096 ], [ -75.635575, 45.42096 ], [ -75.635575, 45.42096 ], [ -75.635575, 45.42096 ], [ -75.635575, 45.42096 ], [ -75.635575, 45.42096 ], [ -75.635575, 45.42096 ], [ -75.635575, 45.42096 ], [ -75.635575, 45.42096 ], [ -75.635575, 45.42096 ], [ -75.635575, 45.42096 ], [ -75.635575, 45.42096 ], [ -75.635575, 45.42096 ], [ -75.635575, 45.42096 ], [ -75.635575, 45.42096 ], [ -75.635575, 45.42096 ], [ -75.635575, 45.42096 ], [ -75.635575, 45.42096 ], [ -75.635575, 45.42096 ], [ -75.635575, 45.42096 ], [ -75.635575, 45.42096 ], [ -75.635575, 45.42096 ], [ -75.635575, 45.42096 ], [ -75.635575, 45.42096 ], [ -75.635575, 45.42096 ], [ -75.635575, 45.42096 ], [ -75.635575, 45.42096 ], [ -75.635575, 45.42096 ], [ -75.635575, 45.42096 ], [ -75.635575, 45.42096 ], [ -75.635575, 45.42096 ], [ -75.635575, 45.42096 ], [ -75.635575, 45.42096 ], [ -75.635575, 45.42096 ], [ -75.635575, 45.42096 ], [ -75.635575, 45.42096 ], [ -75.635575, 45.42096 ], [ -75.635575, 45.42096 ], [ -75.635575, 45.42096 ], [ -75.635575, 45.42096 ], [ -75.635575, 45.42096 ], [ -75.635575, 45.42096 ], [ -75.635575, 45.42096 ], [ -75.635575, 45.42096 ], [ -75.635575, 45.42096 ], [ -75.635575, 45.42096 ], [ -75.635575, 45.42096 ], [ -75.635575, 45.42096 ], [ -75.635575, 45.42096 ], [ -75.635575, 45.42096 ], [ -75.635575, 45.42096 ], [ -75.635575, 45.42096 ], [ -75.635575, 45.42096 ], [ -75.635575, 45.42096 ], [ -75.635575, 45.42096 ], [ -75.635575, 45.42096 ], [ -75.635575, 45.42096 ], [ -75.635575, 45.42096 ], [ -75.635575, 45.42096 ], [ -75.635575, 45.42096 ], [ -75.635575, 45.42096 ], [ -75.635575, 45.42096 ], [ -75.635575, 45.42096 ], [ -75.635575, 45.42096 ], [ -75.635575, 45.42096 ], [ -75.635575, 45.42096 ], [ -75.635575, 45.42096 ], [ -75.635575, 45.42096 ], [ -75.635575, 45.42096 ], [ -75.635575, 45.42096 ], [ -75.635575, 45.42096 ], [ -75.635575, 45.42096 ], [ -75.635575, 45.42096 ], [ -75.635575, 45.42096 ], [ -75.635575, 45.42096 ], [ -75.635575, 45.42096 ], [ -75.635575, 45.42096 ], [ -75.635575, 45.42096 ], [ -75.635575, 45.42096 ], [ -75.635575, 45.42096 ], [ -75.635575, 45.42096 ], [ -75.635575, 45.42096 ], [ -75.635575, 45.42096 ], [ -75.635575, 45.42096 ], [ -75.635575, 45.42096 ], [ -75.635575, 45.42096 ], [ -75.635575, 45.42096 ], [ -75.635575, 45.42096 ], [ -75.635575, 45.42096 ], [ -75.635575, 45.42096 ], [ -75.635575, 45.42096 ], [ -75.635575, 45.42096 ], [ -75.635575, 45.42096 ], [ -75.635575, 45.42096 ], [ -75.635575, 45.42096 ], [ -75.635575, 45.42096 ], [ -75.635575, 45.42096 ], [ -75.635575, 45.42096 ], [ -75.635575, 45.42096 ], [ -75.635575, 45.42096 ], [ -75.635575, 45.42096 ], [ -75.635575, 45.42096 ], [ -75.635575, 45.42096 ], [ -75.635575, 45.42096 ], [ -75.635575, 45.42096 ], [ -75.635575, 45.42096 ], [ -75.635575, 45.42096 ], [ -75.635575, 45.42096 ], [ -75.635575, 45.42096 ], [ -75.635575, 45.42096 ], [ -75.635575, 45.42096 ], [ -75.635575, 45.42096 ], [ -75.635575, 45.42096 ], [ -75.635575, 45.42096 ], [ -75.635575, 45.42096 ], [ -75.635575, 45.42096 ], [ -75.635575, 45.42096 ], [ -75.635575, 45.42096 ], [ -75.635575, 45.42096 ], [ -75.635575, 45.42096 ], [ -75.635575, 45.42096 ], [ -75.635575, 45.42096 ], [ -75.635575, 45.42096 ], [ -75.635575, 45.42096 ], [ -75.635575, 45.42096 ], [ -75.635575, 45.42096 ], [ -75.635575, 45.42096 ], [ -75.635575, 45.42096 ], [ -75.635575, 45.42096 ], [ -75.635575, 45.42096 ], [ -75.635575, 45.42096 ], [ -75.635575, 45.42096 ], [ -75.635575, 45.42096 ], [ -75.635575, 45.42096 ], [ -75.635575, 45.42096 ], [ -75.635575, 45.42096 ], [ -75.635575, 45.42096 ], [ -75.635575, 45.42096 ], [ -75.635575, 45.42096 ], [ -75.635575, 45.42096 ], [ -75.635575, 45.42096 ], [ -75.635575, 45.42096 ], [ -75.635575, 45.42096 ], [ -75.635575, 45.42096 ], [ -75.635575, 45.42096 ], [ -75.635575, 45.42096 ], [ -75.635575, 45.42096 ], [ -75.635575, 45.42096 ], [ -75.635575, 45.42096 ], [ -75.635575, 45.42096 ], [ -75.635575, 45.42096 ], [ -75.635575, 45.42096 ], [ -75.635575, 45.42096 ], [ -75.635575, 45.42096 ], [ -75.635575, 45.42096 ], [ -75.635575, 45.42096 ], [ -75.635575, 45.42096 ], [ -75.635575, 45.42096 ], [ -75.635575, 45.42096 ], [ -75.635575, 45.42096 ], [ -75.635575, 45.42096 ], [ -75.635575, 45.42096 ], [ -75.635575, 45.42096 ], [ -75.635575, 45.42096 ], [ -75.635575, 45.42096 ], [ -75.635575, 45.42096 ], [ -75.635575, 45.42096 ], [ -75.635575, 45.42096 ], [ -75.635575, 45.42096 ], [ -75.635575, 45.42096 ], [ -75.635575, 45.42096 ], [ -75.635575, 45.42096 ], [ -75.635575, 45.42096 ], [ -75.635575, 45.42096 ], [ -75.635575, 45.42096 ], [ -75.635575, 45.42096 ], [ -75.635575, 45.42096 ], [ -75.635575, 45.42096 ], [ -75.635575, 45.42096 ], [ -75.635575, 45.42096 ], [ -75.635575, 45.42096 ], [ -75.635575, 45.42096 ], [ -75.635575, 45.42096 ], [ -75.635575, 45.42096 ], [ -75.635575, 45.42096 ], [ -75.635575, 45.42096 ], [ -75.635575, 45.42096 ], [ -75.635575, 45.42096 ], [ -75.635575, 45.42096 ], [ -75.635575, 45.42096 ], [ -75.635575, 45.42096 ], [ -75.635575, 45.42096 ], [ -75.635575, 45.42096 ], [ -75.635575, 45.42096 ], [ -75.635575, 45.42096 ], [ -75.635575, 45.42096 ], [ -75.635575, 45.42096 ], [ -75.635575, 45.42096 ], [ -75.635575, 45.42096 ], [ -75.635575, 45.42096 ], [ -75.635575, 45.42096 ], [ -75.635575, 45.42096 ], [ -75.635575, 45.42096 ], [ -75.635575, 45.42096 ], [ -75.635575, 45.42096 ], [ -75.635575, 45.42096 ], [ -75.635575, 45.42096 ], [ -75.635575, 45.42096 ], [ -75.635575, 45.42096 ], [ -75.635575, 45.42096 ], [ -75.635575, 45.42096 ], [ -75.635575, 45.42096 ], [ -75.635575, 45.42096 ], [ -75.635575, 45.42096 ], [ -75.635575, 45.42096 ], [ -75.635575, 45.42096 ], [ -75.635575, 45.42096 ], [ -75.635575, 45.42096 ], [ -75.635575, 45.42096 ], [ -75.635575, 45.42096 ], [ -75.635575, 45.42096 ], [ -75.635575, 45.42096 ], [ -75.635575, 45.42096 ], [ -75.635575, 45.42096 ], [ -75.635575, 45.42096 ], [ -75.635575, 45.42096 ], [ -75.635575, 45.42096 ], [ -75.635575, 45.42096 ], [ -75.635575, 45.42096 ], [ -75.635575, 45.42096 ], [ -75.635575, 45.42096 ], [ -75.635575, 45.42096 ], [ -75.635575, 45.42096 ], [ -75.635575, 45.42096 ], [ -75.635575, 45.42096 ], [ -75.635575, 45.42096 ], [ -75.635575, 45.42096 ], [ -75.635575, 45.42096 ], [ -75.635575, 45.42096 ], [ -75.635575, 45.42096 ], [ -75.635575, 45.42096 ], [ -75.635575, 45.42096 ], [ -75.635575, 45.42096 ], [ -75.635575, 45.42096 ], [ -75.635575, 45.42096 ], [ -75.635575, 45.42096 ], [ -75.635575, 45.42096 ], [ -75.635575, 45.42096 ], [ -75.635575, 45.42096 ], [ -75.635575, 45.42096 ], [ -75.635575, 45.42096 ], [ -75.635575, 45.42096 ], [ -75.635575, 45.42096 ], [ -75.635575, 45.42096 ], [ -75.635575, 45.42096 ], [ -75.635575, 45.42096 ], [ -75.635575, 45.42096 ], [ -75.635575, 45.42096 ], [ -75.635575, 45.42096 ], [ -75.635575, 45.42096 ], [ -75.635575, 45.42096 ], [ -75.635575, 45.42096 ], [ -75.635575, 45.42096 ], [ -75.635575, 45.42096 ], [ -75.635575, 45.42096 ], [ -75.635575, 45.42096 ], [ -75.635575, 45.42096 ], [ -75.635575, 45.42096 ], [ -75.635575, 45.42096 ], [ -75.635575, 45.42096 ], [ -75.635575, 45.42096 ], [ -75.635575, 45.42096 ], [ -75.635575, 45.42096 ], [ -75.635575, 45.42096 ], [ -75.635575, 45.42096 ], [ -75.635575, 45.42096 ], [ -75.635575, 45.42096 ], [ -75.635575, 45.42096 ], [ -75.635575, 45.42096 ], [ -75.635575, 45.42096 ], [ -75.635575, 45.42096 ], [ -75.635575, 45.42096 ], [ -75.635575, 45.42096 ], [ -75.635575, 45.42096 ], [ -75.635575, 45.42096 ], [ -75.635575, 45.42096 ], [ -75.635575, 45.42096 ], [ -75.635575, 45.42096 ], [ -75.635575, 45.42096 ], [ -75.635575, 45.42096 ], [ -75.635575, 45.42096 ], [ -75.635575, 45.42096 ], [ -75.635575, 45.42096 ], [ -75.635575, 45.42096 ], [ -75.635575, 45.42096 ], [ -75.63552, 45.42087 ], [ -75.63541, 45.42069 ], [ -75.63463, 45.41928 ], [ -75.63445, 45.419 ], [ -75.63416, 45.41839 ], [ -75.634273, 45.418362 ], [ -75.63416, 45.41839 ], [ -75.63383, 45.41775 ], [ -75.63462, 45.41775 ], [ -75.63483, 45.41856 ], [ -75.63515, 45.41882 ], [ -75.63782, 45.41923 ], [ -75.64701, 45.41867 ], [ -75.647235, 45.421052 ], [ -75.64743, 45.42158 ], [ -75.65072, 45.42134 ], [ -75.65092, 45.42241 ], [ -75.65217, 45.42399 ], [ -75.65235, 45.42517 ], [ -75.65282, 45.42513 ], [ -75.652844, 45.425287 ], [ -75.65282, 45.42513 ], [ -75.65719, 45.42482 ], [ -75.657213, 45.424954 ], [ -75.65719, 45.42482 ], [ -75.65739, 45.4248 ], [ -75.66584, 45.42422 ], [ -75.66998, 45.43293 ], [ -75.67325, 45.4337 ], [ -75.67391, 45.43365 ], [ -75.67476, 45.43333 ], [ -75.674837, 45.433422 ], [ -75.67476, 45.43333 ], [ -75.683857, 45.42963 ], [ -75.6965, 45.42416 ], [ -75.69657, 45.42401 ], [ -75.69637, 45.42386 ], [ -75.69482, 45.42314 ], [ -75.699766, 45.421031 ] ] } },
{ "type": "Feature", "properties": { "route_id": "20", "route_long_name": "Vanier - St-Laurent" }, "geometry": { "type": "LineString", "coordinates": [ [ -75.636704, 45.420561 ], [ -75.63899, 45.42047 ], [ -75.637593, 45.420925 ], [ -75.634954, 45.420962 ], [ -75.634461, 45.421263 ], [ -75.634611, 45.421595 ], [ -75.634825, 45.421632 ], [ -75.635501, 45.421316 ], [ -75.63988, 45.42889 ], [ -75.63745, 45.42906 ], [ -75.63452, 45.42835 ], [ -75.633498, 45.428245 ], [ -75.63292, 45.42835 ], [ -75.64092, 45.44307 ], [ -75.63744, 45.44413 ], [ -75.63839, 45.44564 ], [ -75.63801, 45.44595 ], [ -75.63803, 45.44615 ], [ -75.63845, 45.44599 ], [ -75.63839, 45.44564 ], [ -75.63753, 45.44426 ], [ -75.6421, 45.44268 ], [ -75.64384, 45.44558 ], [ -75.644327, 45.445978 ], [ -75.64644, 45.446177 ], [ -75.64951, 45.44578 ], [ -75.64695, 45.44112 ], [ -75.65449, 45.43859 ], [ -75.65522, 45.43967 ], [ -75.6569, 45.43914 ], [ -75.66326, 45.43873 ], [ -75.66363, 45.43925 ], [ -75.66575, 45.43992 ], [ -75.662105, 45.442545 ], [ -75.662105, 45.442545 ], [ -75.662105, 45.442545 ], [ -75.662105, 45.442545 ], [ -75.662105, 45.442545 ], [ -75.662105, 45.442545 ], [ -75.662105, 45.442545 ], [ -75.662105, 45.442545 ], [ -75.662105, 45.442545 ], [ -75.662105, 45.442545 ], [ -75.662105, 45.442545 ], [ -75.662105, 45.442545 ], [ -75.662105, 45.442545 ], [ -75.662105, 45.442545 ], [ -75.662105, 45.442545 ], [ -75.662105, 45.442545 ], [ -75.662105, 45.442545 ], [ -75.662105, 45.442545 ], [ -75.662105, 45.442545 ], [ -75.662105, 45.442545 ], [ -75.662105, 45.442545 ], [ -75.662105, 45.442545 ], [ -75.662105, 45.442545 ], [ -75.662105, 45.442545 ], [ -75.662105, 45.442545 ], [ -75.662105, 45.442545 ], [ -75.662105, 45.442545 ], [ -75.662105, 45.442545 ], [ -75.662105, 45.442545 ], [ -75.662105, 45.442545 ], [ -75.662105, 45.442545 ], [ -75.662105, 45.442545 ], [ -75.662105, 45.442545 ], [ -75.662105, 45.442545 ], [ -75.662105, 45.442545 ], [ -75.662105, 45.442545 ], [ -75.662105, 45.442545 ], [ -75.662105, 45.442545 ], [ -75.662105, 45.442545 ], [ -75.662105, 45.442545 ], [ -75.662105, 45.442545 ], [ -75.662105, 45.442545 ], [ -75.662105, 45.442545 ], [ -75.662105, 45.442545 ], [ -75.662105, 45.442545 ], [ -75.662105, 45.442545 ], [ -75.662105, 45.442545 ], [ -75.662105, 45.442545 ], [ -75.662105, 45.442545 ], [ -75.662105, 45.442545 ], [ -75.662105, 45.442545 ], [ -75.662105, 45.442545 ], [ -75.662105, 45.442545 ], [ -75.662105, 45.442545 ], [ -75.662105, 45.442545 ], [ -75.662105, 45.442545 ], [ -75.662105, 45.442545 ], [ -75.662105, 45.442545 ], [ -75.662105, 45.442545 ], [ -75.662105, 45.442545 ], [ -75.662105, 45.442545 ], [ -75.662105, 45.442545 ], [ -75.662105, 45.442545 ], [ -75.662105, 45.442545 ], [ -75.662105, 45.442545 ], [ -75.662105, 45.442545 ], [ -75.662105, 45.442545 ], [ -75.662105, 45.442545 ], [ -75.662105, 45.442545 ], [ -75.662105, 45.442545 ], [ -75.662105, 45.442545 ], [ -75.662105, 45.442545 ], [ -75.662105, 45.442545 ], [ -75.662105, 45.442545 ], [ -75.662105, 45.442545 ], [ -75.662105, 45.442545 ], [ -75.662105, 45.442545 ], [ -75.662105, 45.442545 ], [ -75.662105, 45.442545 ], [ -75.662105, 45.442545 ], [ -75.662105, 45.442545 ], [ -75.662105, 45.442545 ], [ -75.662105, 45.442545 ], [ -75.662105, 45.442545 ], [ -75.662105, 45.442545 ], [ -75.662105, 45.442545 ], [ -75.662105, 45.442545 ], [ -75.662105, 45.442545 ], [ -75.662105, 45.442545 ], [ -75.662105, 45.442545 ], [ -75.662105, 45.442545 ], [ -75.662105, 45.442545 ], [ -75.662105, 45.442545 ], [ -75.662105, 45.442545 ], [ -75.662105, 45.442545 ], [ -75.662105, 45.442545 ], [ -75.662105, 45.442545 ], [ -75.662105, 45.442545 ], [ -75.662105, 45.442545 ], [ -75.662105, 45.442545 ], [ -75.662105, 45.442545 ], [ -75.662105, 45.442545 ], [ -75.662105, 45.442545 ], [ -75.662105, 45.442545 ], [ -75.662105, 45.442545 ], [ -75.662105, 45.442545 ], [ -75.662105, 45.442545 ], [ -75.662105, 45.442545 ], [ -75.662105, 45.442545 ], [ -75.662105, 45.442545 ], [ -75.662105, 45.442545 ], [ -75.662105, 45.442545 ], [ -75.662105, 45.442545 ], [ -75.662105, 45.442545 ], [ -75.662105, 45.442545 ], [ -75.662105, 45.442545 ], [ -75.662105, 45.442545 ], [ -75.662105, 45.442545 ], [ -75.662105, 45.442545 ], [ -75.662105, 45.442545 ], [ -75.662105, 45.442545 ], [ -75.662105, 45.442545 ], [ -75.662105, 45.442545 ], [ -75.662105, 45.442545 ], [ -75.662105, 45.442545 ], [ -75.662105, 45.442545 ], [ -75.662105, 45.442545 ], [ -75.662105, 45.442545 ], [ -75.662105, 45.442545 ], [ -75.662105, 45.442545 ], [ -75.662105, 45.442545 ], [ -75.662105, 45.442545 ], [ -75.662105, 45.442545 ], [ -75.662105, 45.442545 ], [ -75.662105, 45.442545 ], [ -75.662105, 45.442545 ], [ -75.662105, 45.442545 ], [ -75.662105, 45.442545 ], [ -75.662105, 45.442545 ], [ -75.662105, 45.442545 ], [ -75.662105, 45.442545 ], [ -75.662105, 45.442545 ], [ -75.662105, 45.442545 ], [ -75.662105, 45.442545 ], [ -75.662105, 45.442545 ], [ -75.662105, 45.442545 ], [ -75.662105, 45.442545 ], [ -75.662105, 45.442545 ], [ -75.662105, 45.442545 ], [ -75.662105, 45.442545 ], [ -75.662105, 45.442545 ], [ -75.662105, 45.442545 ], [ -75.662105, 45.442545 ], [ -75.662105, 45.442545 ], [ -75.662105, 45.442545 ], [ -75.662105, 45.442545 ], [ -75.662105, 45.442545 ], [ -75.662105, 45.442545 ], [ -75.662105, 45.442545 ], [ -75.662105, 45.442545 ], [ -75.662105, 45.442545 ], [ -75.662105, 45.442545 ], [ -75.662105, 45.442545 ], [ -75.662105, 45.442545 ], [ -75.662105, 45.442545 ], [ -75.662105, 45.442545 ], [ -75.662105, 45.442545 ], [ -75.662105, 45.442545 ], [ -75.662105, 45.442545 ], [ -75.662105, 45.442545 ], [ -75.662105, 45.442545 ], [ -75.662105, 45.442545 ], [ -75.662105, 45.442545 ], [ -75.662105, 45.442545 ], [ -75.662105, 45.442545 ], [ -75.662105, 45.442545 ], [ -75.662105, 45.442545 ], [ -75.662105, 45.442545 ], [ -75.662105, 45.442545 ], [ -75.662105, 45.442545 ], [ -75.662105, 45.442545 ], [ -75.662105, 45.442545 ], [ -75.662105, 45.442545 ], [ -75.662105, 45.442545 ], [ -75.662105, 45.442545 ], [ -75.662105, 45.442545 ], [ -75.662105, 45.442545 ], [ -75.662105, 45.442545 ], [ -75.662105, 45.442545 ], [ -75.662105, 45.442545 ], [ -75.662105, 45.442545 ], [ -75.662105, 45.442545 ], [ -75.662105, 45.442545 ], [ -75.662105, 45.442545 ], [ -75.662105, 45.442545 ], [ -75.662105, 45.442545 ], [ -75.662105, 45.442545 ], [ -75.662105, 45.442545 ], [ -75.662105, 45.442545 ], [ -75.662105, 45.442545 ], [ -75.662105, 45.442545 ], [ -75.662105, 45.442545 ], [ -75.662105, 45.442545 ], [ -75.662105, 45.442545 ], [ -75.662105, 45.442545 ], [ -75.662105, 45.442545 ], [ -75.662105, 45.442545 ], [ -75.662105, 45.442545 ], [ -75.662105, 45.442545 ], [ -75.662105, 45.442545 ], [ -75.662105, 45.442545 ], [ -75.662105, 45.442545 ], [ -75.662105, 45.442545 ], [ -75.662105, 45.442545 ], [ -75.662105, 45.442545 ], [ -75.662105, 45.442545 ], [ -75.662105, 45.442545 ], [ -75.662105, 45.442545 ], [ -75.662105, 45.442545 ], [ -75.662105, 45.442545 ], [ -75.662105, 45.442545 ], [ -75.662105, 45.442545 ], [ -75.662105, 45.442545 ], [ -75.662105, 45.442545 ], [ -75.662105, 45.442545 ], [ -75.662105, 45.442545 ], [ -75.662105, 45.442545 ], [ -75.662105, 45.442545 ], [ -75.662105, 45.442545 ], [ -75.662105, 45.442545 ], [ -75.662105, 45.442545 ], [ -75.662105, 45.442545 ], [ -75.662105, 45.442545 ], [ -75.662105, 45.442545 ], [ -75.662105, 45.442545 ], [ -75.662105, 45.442545 ], [ -75.662105, 45.442545 ], [ -75.662105, 45.442545 ], [ -75.662105, 45.442545 ], [ -75.662105, 45.442545 ], [ -75.662105, 45.442545 ], [ -75.662105, 45.442545 ], [ -75.662105, 45.442545 ], [ -75.662105, 45.442545 ], [ -75.662105, 45.442545 ], [ -75.662105, 45.442545 ], [ -75.662105, 45.442545 ], [ -75.662105, 45.442545 ], [ -75.662105, 45.442545 ], [ -75.662105, 45.442545 ], [ -75.662105, 45.442545 ], [ -75.662105, 45.442545 ], [ -75.662105, 45.442545 ], [ -75.662105, 45.442545 ], [ -75.662105, 45.442545 ], [ -75.662105, 45.442545 ], [ -75.662105, 45.442545 ], [ -75.662105, 45.442545 ], [ -75.662105, 45.442545 ], [ -75.662105, 45.442545 ], [ -75.662105, 45.442545 ], [ -75.662105, 45.442545 ], [ -75.662105, 45.442545 ], [ -75.662105, 45.442545 ], [ -75.662105, 45.442545 ], [ -75.662105, 45.442545 ], [ -75.662105, 45.442545 ], [ -75.662105, 45.442545 ], [ -75.662105, 45.442545 ], [ -75.662105, 45.442545 ], [ -75.662105, 45.442545 ], [ -75.662105, 45.442545 ], [ -75.662105, 45.442545 ], [ -75.662105, 45.442545 ], [ -75.662105, 45.442545 ], [ -75.662105, 45.442545 ], [ -75.662105, 45.442545 ], [ -75.662105, 45.442545 ], [ -75.662105, 45.442545 ], [ -75.662105, 45.442545 ], [ -75.662105, 45.442545 ], [ -75.662105, 45.442545 ], [ -75.662105, 45.442545 ], [ -75.662105, 45.442545 ], [ -75.662105, 45.442545 ], [ -75.662105, 45.442545 ], [ -75.662105, 45.442545 ], [ -75.662105, 45.442545 ], [ -75.662105, 45.442545 ], [ -75.662105, 45.442545 ], [ -75.662105, 45.442545 ], [ -75.662105, 45.442545 ], [ -75.662105, 45.442545 ], [ -75.662105, 45.442545 ], [ -75.662105, 45.442545 ], [ -75.662105, 45.442545 ], [ -75.662105, 45.442545 ], [ -75.662105, 45.442545 ], [ -75.662105, 45.442545 ], [ -75.662105, 45.442545 ], [ -75.662105, 45.442545 ], [ -75.662105, 45.442545 ], [ -75.662105, 45.442545 ], [ -75.662105, 45.442545 ], [ -75.662105, 45.442545 ], [ -75.662105, 45.442545 ], [ -75.662105, 45.442545 ], [ -75.662105, 45.442545 ], [ -75.662105, 45.442545 ], [ -75.662105, 45.442545 ], [ -75.662105, 45.442545 ], [ -75.662105, 45.442545 ], [ -75.662105, 45.442545 ], [ -75.662105, 45.442545 ], [ -75.662105, 45.442545 ], [ -75.662105, 45.442545 ], [ -75.662105, 45.442545 ], [ -75.662105, 45.442545 ], [ -75.662105, 45.442545 ], [ -75.662105, 45.442545 ], [ -75.662105, 45.442545 ], [ -75.662105, 45.442545 ], [ -75.662105, 45.442545 ], [ -75.662105, 45.442545 ], [ -75.662105, 45.442545 ], [ -75.662105, 45.442545 ], [ -75.662105, 45.442545 ], [ -75.662105, 45.442545 ], [ -75.662105, 45.442545 ], [ -75.662105, 45.442545 ], [ -75.662105, 45.442545 ], [ -75.662105, 45.442545 ], [ -75.662105, 45.442545 ], [ -75.662105, 45.442545 ], [ -75.662105, 45.442545 ], [ -75.662105, 45.442545 ], [ -75.662105, 45.442545 ], [ -75.662105, 45.442545 ], [ -75.662105, 45.442545 ], [ -75.662105, 45.442545 ], [ -75.662105, 45.442545 ], [ -75.662105, 45.442545 ], [ -75.662105, 45.442545 ], [ -75.662105, 45.442545 ], [ -75.662105, 45.442545 ], [ -75.662105, 45.442545 ], [ -75.662105, 45.442545 ], [ -75.662105, 45.442545 ], [ -75.662105, 45.442545 ], [ -75.662105, 45.442545 ], [ -75.662105, 45.442545 ], [ -75.662105, 45.442545 ], [ -75.662105, 45.442545 ], [ -75.662105, 45.442545 ], [ -75.662105, 45.442545 ], [ -75.662105, 45.442545 ], [ -75.662105, 45.442545 ], [ -75.662105, 45.442545 ], [ -75.662105, 45.442545 ], [ -75.662105, 45.442545 ], [ -75.662105, 45.442545 ], [ -75.662105, 45.442545 ], [ -75.662105, 45.442545 ], [ -75.662105, 45.442545 ], [ -75.662105, 45.442545 ], [ -75.662105, 45.442545 ], [ -75.662105, 45.442545 ], [ -75.662105, 45.442545 ], [ -75.662105, 45.442545 ], [ -75.662105, 45.442545 ], [ -75.662105, 45.442545 ], [ -75.662105, 45.442545 ], [ -75.662105, 45.442545 ], [ -75.662105, 45.442545 ], [ -75.662105, 45.442545 ], [ -75.662105, 45.442545 ], [ -75.662105, 45.442545 ], [ -75.662105, 45.442545 ], [ -75.662105, 45.442545 ], [ -75.662105, 45.442545 ], [ -75.662105, 45.442545 ], [ -75.662105, 45.442545 ], [ -75.662105, 45.442545 ], [ -75.662105, 45.442545 ], [ -75.662105, 45.442545 ], [ -75.662105, 45.442545 ], [ -75.662105, 45.442545 ], [ -75.662105, 45.442545 ], [ -75.662105, 45.442545 ], [ -75.662105, 45.442545 ], [ -75.662105, 45.442545 ], [ -75.662105, 45.442545 ], [ -75.662105, 45.442545 ], [ -75.662105, 45.442545 ], [ -75.662105, 45.442545 ], [ -75.662105, 45.442545 ], [ -75.662105, 45.442545 ], [ -75.662105, 45.442545 ], [ -75.662105, 45.442545 ], [ -75.662105, 45.442545 ], [ -75.662105, 45.442545 ], [ -75.662105, 45.442545 ], [ -75.662105, 45.442545 ], [ -75.662105, 45.442545 ], [ -75.662105, 45.442545 ], [ -75.662105, 45.442545 ], [ -75.662105, 45.442545 ], [ -75.662105, 45.442545 ], [ -75.662105, 45.442545 ], [ -75.662105, 45.442545 ], [ -75.662105, 45.442545 ], [ -75.662105, 45.442545 ], [ -75.662105, 45.442545 ], [ -75.662105, 45.442545 ], [ -75.662105, 45.442545 ], [ -75.662105, 45.442545 ], [ -75.662105, 45.442545 ], [ -75.662105, 45.442545 ], [ -75.662105, 45.442545 ], [ -75.662105, 45.442545 ], [ -75.662105, 45.442545 ], [ -75.662105, 45.442545 ], [ -75.662105, 45.442545 ], [ -75.662105, 45.442545 ], [ -75.662105, 45.442545 ], [ -75.662105, 45.442545 ], [ -75.662105, 45.442545 ], [ -75.662105, 45.442545 ], [ -75.662105, 45.442545 ], [ -75.662105, 45.442545 ], [ -75.662105, 45.442545 ], [ -75.662105, 45.442545 ], [ -75.662105, 45.442545 ], [ -75.662105, 45.442545 ], [ -75.662105, 45.442545 ], [ -75.662105, 45.442545 ], [ -75.662105, 45.442545 ], [ -75.662105, 45.442545 ], [ -75.662105, 45.442545 ], [ -75.662105, 45.442545 ], [ -75.662105, 45.442545 ], [ -75.662105, 45.442545 ], [ -75.662105, 45.442545 ], [ -75.662105, 45.442545 ], [ -75.662105, 45.442545 ], [ -75.662105, 45.442545 ], [ -75.662105, 45.442545 ], [ -75.662105, 45.442545 ], [ -75.662105, 45.442545 ], [ -75.662105, 45.442545 ], [ -75.662105, 45.442545 ], [ -75.662105, 45.442545 ], [ -75.662105, 45.442545 ], [ -75.662105, 45.442545 ], [ -75.662105, 45.442545 ], [ -75.662105, 45.442545 ], [ -75.662105, 45.442545 ], [ -75.662105, 45.442545 ], [ -75.662105, 45.442545 ], [ -75.662105, 45.442545 ], [ -75.662105, 45.442545 ], [ -75.662105, 45.442545 ], [ -75.662105, 45.442545 ], [ -75.662105, 45.442545 ], [ -75.662105, 45.442545 ], [ -75.662105, 45.442545 ], [ -75.662105, 45.442545 ], [ -75.662105, 45.442545 ], [ -75.662105, 45.442545 ], [ -75.662105, 45.442545 ], [ -75.662105, 45.442545 ], [ -75.662105, 45.442545 ], [ -75.662105, 45.442545 ], [ -75.662105, 45.442545 ], [ -75.662105, 45.442545 ], [ -75.662105, 45.442545 ], [ -75.662105, 45.442545 ], [ -75.662105, 45.442545 ], [ -75.662105, 45.442545 ], [ -75.662105, 45.442545 ], [ -75.662105, 45.442545 ], [ -75.662105, 45.442545 ], [ -75.662105, 45.442545 ], [ -75.662105, 45.442545 ], [ -75.662105, 45.442545 ], [ -75.662105, 45.442545 ], [ -75.662105, 45.442545 ], [ -75.662105, 45.442545 ], [ -75.662105, 45.442545 ], [ -75.662105, 45.442545 ], [ -75.662105, 45.442545 ], [ -75.662105, 45.442545 ], [ -75.662105, 45.442545 ], [ -75.662105, 45.442545 ], [ -75.662105, 45.442545 ], [ -75.662105, 45.442545 ], [ -75.662105, 45.442545 ], [ -75.662105, 45.442545 ], [ -75.662105, 45.442545 ], [ -75.662105, 45.442545 ], [ -75.662105, 45.442545 ], [ -75.662105, 45.442545 ], [ -75.662105, 45.442545 ], [ -75.662105, 45.442545 ], [ -75.662105, 45.442545 ], [ -75.662105, 45.442545 ], [ -75.662105, 45.442545 ], [ -75.662105, 45.442545 ], [ -75.662105, 45.442545 ], [ -75.662105, 45.442545 ], [ -75.662105, 45.442545 ], [ -75.662105, 45.442545 ], [ -75.662105, 45.442545 ], [ -75.662105, 45.442545 ], [ -75.662105, 45.442545 ], [ -75.662105, 45.442545 ], [ -75.662105, 45.442545 ], [ -75.662105, 45.442545 ], [ -75.662105, 45.442545 ], [ -75.662105, 45.442545 ], [ -75.662105, 45.442545 ], [ -75.662105, 45.442545 ], [ -75.662105, 45.442545 ], [ -75.662105, 45.442545 ], [ -75.662105, 45.442545 ], [ -75.662105, 45.442545 ], [ -75.662105, 45.442545 ], [ -75.662105, 45.442545 ], [ -75.662105, 45.442545 ], [ -75.662105, 45.442545 ], [ -75.662105, 45.442545 ], [ -75.662105, 45.442545 ], [ -75.662105, 45.442545 ], [ -75.662105, 45.442545 ], [ -75.662105, 45.442545 ], [ -75.662105, 45.442545 ], [ -75.662105, 45.442545 ], [ -75.662105, 45.442545 ], [ -75.662105, 45.442545 ], [ -75.662105, 45.442545 ], [ -75.662105, 45.442545 ], [ -75.662105, 45.442545 ], [ -75.662105, 45.442545 ], [ -75.662105, 45.442545 ], [ -75.662105, 45.442545 ], [ -75.662105, 45.442545 ], [ -75.662105, 45.442545 ], [ -75.662105, 45.442545 ], [ -75.662105, 45.442545 ], [ -75.662105, 45.442545 ], [ -75.662105, 45.442545 ], [ -75.662105, 45.442545 ], [ -75.662105, 45.442545 ], [ -75.662105, 45.442545 ], [ -75.662105, 45.442545 ], [ -75.662105, 45.442545 ], [ -75.662105, 45.442545 ], [ -75.662105, 45.442545 ], [ -75.662105, 45.442545 ], [ -75.662105, 45.442545 ], [ -75.662105, 45.442545 ], [ -75.662105, 45.442545 ], [ -75.662105, 45.442545 ], [ -75.662105, 45.442545 ], [ -75.662105, 45.442545 ], [ -75.662105, 45.442545 ], [ -75.662105, 45.442545 ], [ -75.662105, 45.442545 ], [ -75.662105, 45.442545 ], [ -75.662105, 45.442545 ], [ -75.662105, 45.442545 ], [ -75.662105, 45.442545 ], [ -75.662105, 45.442545 ], [ -75.662105, 45.442545 ], [ -75.662105, 45.442545 ], [ -75.662105, 45.442545 ], [ -75.662105, 45.442545 ], [ -75.662105, 45.442545 ], [ -75.662105, 45.442545 ], [ -75.662105, 45.442545 ], [ -75.662105, 45.442545 ], [ -75.662105, 45.442545 ], [ -75.662105, 45.442545 ], [ -75.662105, 45.442545 ], [ -75.662105, 45.442545 ], [ -75.662105, 45.442545 ], [ -75.662105, 45.442545 ], [ -75.662105, 45.442545 ], [ -75.662105, 45.442545 ], [ -75.662105, 45.442545 ], [ -75.662105, 45.442545 ], [ -75.662105, 45.442545 ], [ -75.662105, 45.442545 ], [ -75.662105, 45.442545 ], [ -75.662105, 45.442545 ], [ -75.662105, 45.442545 ], [ -75.662105, 45.442545 ], [ -75.662105, 45.442545 ], [ -75.662105, 45.442545 ], [ -75.662105, 45.442545 ], [ -75.662105, 45.442545 ], [ -75.662105, 45.442545 ], [ -75.662105, 45.442545 ], [ -75.662105, 45.442545 ], [ -75.662105, 45.442545 ], [ -75.662105, 45.442545 ], [ -75.662105, 45.442545 ], [ -75.662105, 45.442545 ], [ -75.662105, 45.442545 ], [ -75.662105, 45.442545 ], [ -75.662105, 45.442545 ], [ -75.662105, 45.442545 ], [ -75.662105, 45.442545 ], [ -75.662105, 45.442545 ], [ -75.662105, 45.442545 ], [ -75.662105, 45.442545 ], [ -75.662105, 45.442545 ], [ -75.662105, 45.442545 ], [ -75.662105, 45.442545 ], [ -75.662105, 45.442545 ], [ -75.662105, 45.442545 ], [ -75.662105, 45.442545 ], [ -75.662105, 45.442545 ], [ -75.662105, 45.442545 ], [ -75.662105, 45.442545 ], [ -75.662105, 45.442545 ], [ -75.662105, 45.442545 ], [ -75.662105, 45.442545 ], [ -75.662105, 45.442545 ], [ -75.662105, 45.442545 ], [ -75.662105, 45.442545 ], [ -75.662105, 45.442545 ], [ -75.662105, 45.442545 ], [ -75.662105, 45.442545 ], [ -75.662105, 45.442545 ], [ -75.662105, 45.442545 ], [ -75.662105, 45.442545 ], [ -75.662105, 45.442545 ], [ -75.662105, 45.442545 ], [ -75.662105, 45.442545 ], [ -75.662105, 45.442545 ], [ -75.662105, 45.442545 ], [ -75.662105, 45.442545 ], [ -75.662105, 45.442545 ], [ -75.662105, 45.442545 ], [ -75.662105, 45.442545 ], [ -75.662105, 45.442545 ], [ -75.662105, 45.442545 ], [ -75.662105, 45.442545 ], [ -75.662105, 45.442545 ], [ -75.662105, 45.442545 ], [ -75.662105, 45.442545 ], [ -75.662105, 45.442545 ], [ -75.662105, 45.442545 ], [ -75.662105, 45.442545 ], [ -75.662105, 45.442545 ], [ -75.662105, 45.442545 ], [ -75.662105, 45.442545 ], [ -75.662105, 45.442545 ], [ -75.662105, 45.442545 ], [ -75.662105, 45.442545 ], [ -75.662105, 45.442545 ], [ -75.662105, 45.442545 ], [ -75.662105, 45.442545 ], [ -75.662105, 45.442545 ], [ -75.662105, 45.442545 ], [ -75.662105, 45.442545 ], [ -75.662105, 45.442545 ], [ -75.662105, 45.442545 ], [ -75.662105, 45.442545 ], [ -75.662105, 45.442545 ], [ -75.662105, 45.442545 ], [ -75.662105, 45.442545 ], [ -75.662105, 45.442545 ], [ -75.662105, 45.442545 ], [ -75.662105, 45.442545 ], [ -75.662105, 45.442545 ], [ -75.662105, 45.442545 ], [ -75.662105, 45.442545 ], [ -75.662105, 45.442545 ], [ -75.662105, 45.442545 ], [ -75.662105, 45.442545 ], [ -75.662105, 45.442545 ], [ -75.662105, 45.442545 ], [ -75.662105, 45.442545 ], [ -75.662105, 45.442545 ], [ -75.662105, 45.442545 ], [ -75.662105, 45.442545 ], [ -75.662105, 45.442545 ], [ -75.662105, 45.442545 ], [ -75.662105, 45.442545 ], [ -75.662105, 45.442545 ], [ -75.662105, 45.442545 ], [ -75.662105, 45.442545 ], [ -75.662105, 45.442545 ], [ -75.662105, 45.442545 ], [ -75.662105, 45.442545 ], [ -75.662105, 45.442545 ], [ -75.662105, 45.442545 ], [ -75.662105, 45.442545 ], [ -75.662105, 45.442545 ], [ -75.662105, 45.442545 ], [ -75.662105, 45.442545 ], [ -75.662105, 45.442545 ], [ -75.662105, 45.442545 ], [ -75.662105, 45.442545 ], [ -75.662105, 45.442545 ], [ -75.662105, 45.442545 ], [ -75.662105, 45.442545 ], [ -75.662105, 45.442545 ], [ -75.662105, 45.442545 ], [ -75.662105, 45.442545 ], [ -75.662105, 45.442545 ], [ -75.662105, 45.442545 ], [ -75.662105, 45.442545 ], [ -75.662105, 45.442545 ], [ -75.662105, 45.442545 ], [ -75.662105, 45.442545 ], [ -75.662105, 45.442545 ], [ -75.662105, 45.442545 ], [ -75.662105, 45.442545 ], [ -75.662105, 45.442545 ], [ -75.662105, 45.442545 ], [ -75.662105, 45.442545 ], [ -75.662105, 45.442545 ], [ -75.662105, 45.442545 ], [ -75.662105, 45.442545 ], [ -75.662105, 45.442545 ], [ -75.662105, 45.442545 ], [ -75.662105, 45.442545 ], [ -75.662105, 45.442545 ], [ -75.662105, 45.442545 ], [ -75.662105, 45.442545 ], [ -75.662105, 45.442545 ], [ -75.662105, 45.442545 ], [ -75.662105, 45.442545 ], [ -75.662105, 45.442545 ], [ -75.662105, 45.442545 ], [ -75.662105, 45.442545 ], [ -75.662105, 45.442545 ], [ -75.662105, 45.442545 ], [ -75.662105, 45.442545 ], [ -75.662105, 45.442545 ], [ -75.662105, 45.442545 ], [ -75.662105, 45.442545 ], [ -75.662105, 45.442545 ], [ -75.662105, 45.442545 ], [ -75.662105, 45.442545 ], [ -75.662105, 45.442545 ], [ -75.662105, 45.442545 ], [ -75.662105, 45.442545 ], [ -75.662105, 45.442545 ], [ -75.662105, 45.442545 ], [ -75.662105, 45.442545 ], [ -75.662105, 45.442545 ], [ -75.662105, 45.442545 ], [ -75.662105, 45.442545 ], [ -75.662105, 45.442545 ], [ -75.662105, 45.442545 ], [ -75.662105, 45.442545 ], [ -75.662105, 45.442545 ], [ -75.662105, 45.442545 ], [ -75.662105, 45.442545 ], [ -75.662105, 45.442545 ], [ -75.662105, 45.442545 ], [ -75.662105, 45.442545 ], [ -75.662105, 45.442545 ], [ -75.662105, 45.442545 ], [ -75.662105, 45.442545 ], [ -75.662105, 45.442545 ], [ -75.662105, 45.442545 ], [ -75.662105, 45.442545 ], [ -75.662105, 45.442545 ], [ -75.662105, 45.442545 ], [ -75.662105, 45.442545 ], [ -75.662105, 45.442545 ], [ -75.662105, 45.442545 ], [ -75.662105, 45.442545 ], [ -75.662105, 45.442545 ], [ -75.662105, 45.442545 ], [ -75.662105, 45.442545 ], [ -75.662105, 45.442545 ], [ -75.662105, 45.442545 ], [ -75.662105, 45.442545 ], [ -75.662105, 45.442545 ], [ -75.662105, 45.442545 ], [ -75.662105, 45.442545 ], [ -75.662105, 45.442545 ], [ -75.662105, 45.442545 ], [ -75.662105, 45.442545 ], [ -75.662105, 45.442545 ], [ -75.662105, 45.442545 ], [ -75.662105, 45.442545 ], [ -75.662105, 45.442545 ], [ -75.662105, 45.442545 ], [ -75.662105, 45.442545 ], [ -75.662105, 45.442545 ], [ -75.662105, 45.442545 ], [ -75.662105, 45.442545 ], [ -75.662105, 45.442545 ], [ -75.662105, 45.442545 ], [ -75.662105, 45.442545 ], [ -75.662105, 45.442545 ], [ -75.662105, 45.442545 ], [ -75.662105, 45.442545 ], [ -75.662105, 45.442545 ], [ -75.662105, 45.442545 ], [ -75.662105, 45.442545 ], [ -75.662105, 45.442545 ], [ -75.662105, 45.442545 ], [ -75.662105, 45.442545 ], [ -75.662105, 45.442545 ], [ -75.662105, 45.442545 ], [ -75.662105, 45.442545 ], [ -75.662105, 45.442545 ], [ -75.662105, 45.442545 ], [ -75.662105, 45.442545 ], [ -75.662105, 45.442545 ], [ -75.662105, 45.442545 ], [ -75.662105, 45.442545 ], [ -75.662105, 45.442545 ], [ -75.662105, 45.442545 ], [ -75.662105, 45.442545 ], [ -75.662105, 45.442545 ], [ -75.662105, 45.442545 ], [ -75.662105, 45.442545 ], [ -75.662105, 45.442545 ], [ -75.662105, 45.442545 ], [ -75.662105, 45.442545 ], [ -75.662105, 45.442545 ], [ -75.662105, 45.442545 ], [ -75.662105, 45.442545 ], [ -75.662105, 45.442545 ], [ -75.662105, 45.442545 ], [ -75.662105, 45.442545 ], [ -75.662105, 45.442545 ], [ -75.662105, 45.442545 ], [ -75.662105, 45.442545 ], [ -75.662105, 45.442545 ], [ -75.662105, 45.442545 ], [ -75.662105, 45.442545 ], [ -75.662105, 45.442545 ], [ -75.662105, 45.442545 ], [ -75.662105, 45.442545 ], [ -75.662105, 45.442545 ], [ -75.662105, 45.442545 ], [ -75.662105, 45.442545 ], [ -75.662105, 45.442545 ], [ -75.662105, 45.442545 ], [ -75.662105, 45.442545 ], [ -75.662105, 45.442545 ], [ -75.662105, 45.442545 ], [ -75.662105, 45.442545 ], [ -75.662105, 45.442545 ], [ -75.662105, 45.442545 ], [ -75.662105, 45.442545 ], [ -75.662105, 45.442545 ], [ -75.662105, 45.442545 ], [ -75.66213, 45.44256 ], [ -75.6608, 45.44354 ], [ -75.66011, 45.443777 ], [ -75.66042, 45.44399 ], [ -75.66063, 45.4439 ], [ -75.66074, 45.44358 ], [ -75.6608, 45.44354 ], [ -75.66144, 45.44304 ], [ -75.66192, 45.4427 ], [ -75.662105, 45.442575 ], [ -75.662105, 45.442575 ], [ -75.662105, 45.442575 ], [ -75.662105, 45.442575 ], [ -75.662105, 45.442575 ], [ -75.662105, 45.442575 ], [ -75.662105, 45.442575 ], [ -75.662105, 45.442575 ], [ -75.662105, 45.442575 ], [ -75.662105, 45.442575 ], [ -75.662105, 45.442575 ], [ -75.662105, 45.442575 ], [ -75.662105, 45.442575 ], [ -75.662105, 45.442575 ], [ -75.662105, 45.442575 ], [ -75.662105, 45.442575 ], [ -75.662105, 45.442575 ], [ -75.662105, 45.442575 ], [ -75.662105, 45.442575 ], [ -75.662105, 45.442575 ], [ -75.662105, 45.442575 ], [ -75.662105, 45.442575 ], [ -75.662105, 45.442575 ], [ -75.662105, 45.442575 ], [ -75.662105, 45.442575 ], [ -75.662105, 45.442575 ], [ -75.662105, 45.442575 ], [ -75.662105, 45.442575 ], [ -75.662105, 45.442575 ], [ -75.662105, 45.442575 ], [ -75.662105, 45.442575 ], [ -75.662105, 45.442575 ], [ -75.662105, 45.442575 ], [ -75.662105, 45.442575 ], [ -75.662105, 45.442575 ], [ -75.662105, 45.442575 ], [ -75.662105, 45.442575 ], [ -75.662105, 45.442575 ], [ -75.662105, 45.442575 ], [ -75.662105, 45.442575 ], [ -75.662105, 45.442575 ], [ -75.662105, 45.442575 ], [ -75.662105, 45.442575 ], [ -75.662105, 45.442575 ], [ -75.662105, 45.442575 ], [ -75.662105, 45.442575 ], [ -75.662105, 45.442575 ], [ -75.662105, 45.442575 ], [ -75.662105, 45.442575 ], [ -75.662105, 45.442575 ], [ -75.662105, 45.442575 ], [ -75.662105, 45.442575 ], [ -75.662105, 45.442575 ], [ -75.662105, 45.442575 ], [ -75.662105, 45.442575 ], [ -75.662105, 45.442575 ], [ -75.662105, 45.442575 ], [ -75.662105, 45.442575 ], [ -75.662105, 45.442575 ], [ -75.662105, 45.442575 ], [ -75.662105, 45.442575 ], [ -75.662105, 45.442575 ], [ -75.662105, 45.442575 ], [ -75.662105, 45.442575 ], [ -75.662105, 45.442575 ], [ -75.662105, 45.442575 ], [ -75.662105, 45.442575 ], [ -75.662105, 45.442575 ], [ -75.662105, 45.442575 ], [ -75.662105, 45.442575 ], [ -75.662105, 45.442575 ], [ -75.662105, 45.442575 ], [ -75.662105, 45.442575 ], [ -75.662105, 45.442575 ], [ -75.662105, 45.442575 ], [ -75.662105, 45.442575 ], [ -75.662105, 45.442575 ], [ -75.662105, 45.442575 ], [ -75.662105, 45.442575 ], [ -75.662105, 45.442575 ], [ -75.662105, 45.442575 ], [ -75.662105, 45.442575 ], [ -75.662105, 45.442575 ], [ -75.662105, 45.442575 ], [ -75.662105, 45.442575 ], [ -75.662105, 45.442575 ], [ -75.662105, 45.442575 ], [ -75.662105, 45.442575 ], [ -75.662105, 45.442575 ], [ -75.662105, 45.442575 ], [ -75.662105, 45.442575 ], [ -75.662105, 45.442575 ], [ -75.662105, 45.442575 ], [ -75.662105, 45.442575 ], [ -75.662105, 45.442575 ], [ -75.662105, 45.442575 ], [ -75.662105, 45.442575 ], [ -75.662105, 45.442575 ], [ -75.662105, 45.442575 ], [ -75.662105, 45.442575 ], [ -75.662105, 45.442575 ], [ -75.662105, 45.442575 ], [ -75.662105, 45.442575 ], [ -75.662105, 45.442575 ], [ -75.662105, 45.442575 ], [ -75.662105, 45.442575 ], [ -75.662105, 45.442575 ], [ -75.662105, 45.442575 ], [ -75.662105, 45.442575 ], [ -75.662105, 45.442575 ], [ -75.662105, 45.442575 ], [ -75.662105, 45.442575 ], [ -75.662105, 45.442575 ], [ -75.662105, 45.442575 ], [ -75.662105, 45.442575 ], [ -75.662105, 45.442575 ], [ -75.662105, 45.442575 ], [ -75.662105, 45.442575 ], [ -75.662105, 45.442575 ], [ -75.662105, 45.442575 ], [ -75.662105, 45.442575 ], [ -75.662105, 45.442575 ], [ -75.662105, 45.442575 ], [ -75.662105, 45.442575 ], [ -75.662105, 45.442575 ], [ -75.662105, 45.442575 ], [ -75.662105, 45.442575 ], [ -75.662105, 45.442575 ], [ -75.662105, 45.442575 ], [ -75.662105, 45.442575 ], [ -75.662105, 45.442575 ], [ -75.662105, 45.442575 ], [ -75.662105, 45.442575 ], [ -75.662105, 45.442575 ], [ -75.662105, 45.442575 ], [ -75.662105, 45.442575 ], [ -75.662105, 45.442575 ], [ -75.662105, 45.442575 ], [ -75.662105, 45.442575 ], [ -75.662105, 45.442575 ], [ -75.662105, 45.442575 ], [ -75.662105, 45.442575 ], [ -75.662105, 45.442575 ], [ -75.662105, 45.442575 ], [ -75.662105, 45.442575 ], [ -75.662105, 45.442575 ], [ -75.662105, 45.442575 ], [ -75.662105, 45.442575 ], [ -75.662105, 45.442575 ], [ -75.662105, 45.442575 ], [ -75.662105, 45.442575 ], [ -75.662105, 45.442575 ], [ -75.662105, 45.442575 ], [ -75.662105, 45.442575 ], [ -75.662105, 45.442575 ], [ -75.662105, 45.442575 ], [ -75.662105, 45.442575 ], [ -75.662105, 45.442575 ], [ -75.662105, 45.442575 ], [ -75.662105, 45.442575 ], [ -75.662105, 45.442575 ], [ -75.662105, 45.442575 ], [ -75.662105, 45.442575 ], [ -75.662105, 45.442575 ], [ -75.662105, 45.442575 ], [ -75.662105, 45.442575 ], [ -75.662105, 45.442575 ], [ -75.662105, 45.442575 ], [ -75.662105, 45.442575 ], [ -75.662105, 45.442575 ], [ -75.662105, 45.442575 ], [ -75.662105, 45.442575 ], [ -75.662105, 45.442575 ], [ -75.662105, 45.442575 ], [ -75.662105, 45.442575 ], [ -75.662105, 45.442575 ], [ -75.662105, 45.442575 ], [ -75.662105, 45.442575 ], [ -75.662105, 45.442575 ], [ -75.662105, 45.442575 ], [ -75.662105, 45.442575 ], [ -75.662105, 45.442575 ], [ -75.662105, 45.442575 ], [ -75.662105, 45.442575 ], [ -75.662105, 45.442575 ], [ -75.662105, 45.442575 ], [ -75.662105, 45.442575 ], [ -75.662105, 45.442575 ], [ -75.662105, 45.442575 ], [ -75.662105, 45.442575 ], [ -75.662105, 45.442575 ], [ -75.662105, 45.442575 ], [ -75.662105, 45.442575 ], [ -75.662105, 45.442575 ], [ -75.662105, 45.442575 ], [ -75.662105, 45.442575 ], [ -75.662105, 45.442575 ], [ -75.662105, 45.442575 ], [ -75.662105, 45.442575 ], [ -75.662105, 45.442575 ], [ -75.662105, 45.442575 ], [ -75.662105, 45.442575 ], [ -75.662105, 45.442575 ], [ -75.662105, 45.442575 ], [ -75.662105, 45.442575 ], [ -75.662105, 45.442575 ], [ -75.662105, 45.442575 ], [ -75.662105, 45.442575 ], [ -75.662105, 45.442575 ], [ -75.662105, 45.442575 ], [ -75.662105, 45.442575 ], [ -75.662105, 45.442575 ], [ -75.662105, 45.442575 ], [ -75.662105, 45.442575 ], [ -75.662105, 45.442575 ], [ -75.662105, 45.442575 ], [ -75.662105, 45.442575 ], [ -75.662105, 45.442575 ], [ -75.662105, 45.442575 ], [ -75.662105, 45.442575 ], [ -75.662105, 45.442575 ], [ -75.662105, 45.442575 ], [ -75.662105, 45.442575 ], [ -75.662105, 45.442575 ], [ -75.662105, 45.442575 ], [ -75.662105, 45.442575 ], [ -75.662105, 45.442575 ], [ -75.662105, 45.442575 ], [ -75.662105, 45.442575 ], [ -75.662105, 45.442575 ], [ -75.662105, 45.442575 ], [ -75.662105, 45.442575 ], [ -75.662105, 45.442575 ], [ -75.662105, 45.442575 ], [ -75.662105, 45.442575 ], [ -75.662105, 45.442575 ], [ -75.662105, 45.442575 ], [ -75.662105, 45.442575 ], [ -75.662105, 45.442575 ], [ -75.662105, 45.442575 ], [ -75.662105, 45.442575 ], [ -75.662105, 45.442575 ], [ -75.662105, 45.442575 ], [ -75.662105, 45.442575 ], [ -75.662105, 45.442575 ], [ -75.662105, 45.442575 ], [ -75.662105, 45.442575 ], [ -75.662105, 45.442575 ], [ -75.662105, 45.442575 ], [ -75.662105, 45.442575 ], [ -75.662105, 45.442575 ], [ -75.662105, 45.442575 ], [ -75.662105, 45.442575 ], [ -75.662105, 45.442575 ], [ -75.662105, 45.442575 ], [ -75.662105, 45.442575 ], [ -75.662105, 45.442575 ], [ -75.662105, 45.442575 ], [ -75.662105, 45.442575 ], [ -75.662105, 45.442575 ], [ -75.662105, 45.442575 ], [ -75.662105, 45.442575 ], [ -75.662105, 45.442575 ], [ -75.662105, 45.442575 ], [ -75.662105, 45.442575 ], [ -75.662105, 45.442575 ], [ -75.662105, 45.442575 ], [ -75.662105, 45.442575 ], [ -75.662105, 45.442575 ], [ -75.662105, 45.442575 ], [ -75.662105, 45.442575 ], [ -75.662105, 45.442575 ], [ -75.662105, 45.442575 ], [ -75.662105, 45.442575 ], [ -75.662105, 45.442575 ], [ -75.662105, 45.442575 ], [ -75.662105, 45.442575 ], [ -75.662105, 45.442575 ], [ -75.662105, 45.442575 ], [ -75.662105, 45.442575 ], [ -75.662105, 45.442575 ], [ -75.662105, 45.442575 ], [ -75.662105, 45.442575 ], [ -75.662105, 45.442575 ], [ -75.662105, 45.442575 ], [ -75.662105, 45.442575 ], [ -75.662105, 45.442575 ], [ -75.662105, 45.442575 ], [ -75.662105, 45.442575 ], [ -75.662105, 45.442575 ], [ -75.662105, 45.442575 ], [ -75.662105, 45.442575 ], [ -75.662105, 45.442575 ], [ -75.662105, 45.442575 ], [ -75.662105, 45.442575 ], [ -75.662105, 45.442575 ], [ -75.662105, 45.442575 ], [ -75.662105, 45.442575 ], [ -75.662105, 45.442575 ], [ -75.662105, 45.442575 ], [ -75.662105, 45.442575 ], [ -75.662105, 45.442575 ], [ -75.662105, 45.442575 ], [ -75.662105, 45.442575 ], [ -75.662105, 45.442575 ], [ -75.662105, 45.442575 ], [ -75.662105, 45.442575 ], [ -75.662105, 45.442575 ], [ -75.662105, 45.442575 ], [ -75.662105, 45.442575 ], [ -75.662105, 45.442575 ], [ -75.662105, 45.442575 ], [ -75.662105, 45.442575 ], [ -75.662105, 45.442575 ], [ -75.662105, 45.442575 ], [ -75.662105, 45.442575 ], [ -75.662105, 45.442575 ], [ -75.662105, 45.442575 ], [ -75.662105, 45.442575 ], [ -75.662105, 45.442575 ], [ -75.662105, 45.442575 ], [ -75.662105, 45.442575 ], [ -75.662105, 45.442575 ], [ -75.662105, 45.442575 ], [ -75.662105, 45.442575 ], [ -75.662105, 45.442575 ], [ -75.662105, 45.442575 ], [ -75.662105, 45.442575 ], [ -75.662105, 45.442575 ], [ -75.662105, 45.442575 ], [ -75.662105, 45.442575 ], [ -75.662105, 45.442575 ], [ -75.662105, 45.442575 ], [ -75.662105, 45.442575 ], [ -75.662105, 45.442575 ], [ -75.662105, 45.442575 ], [ -75.662105, 45.442575 ], [ -75.662105, 45.442575 ], [ -75.662105, 45.442575 ], [ -75.662105, 45.442575 ], [ -75.662105, 45.442575 ], [ -75.662105, 45.442575 ], [ -75.662105, 45.442575 ], [ -75.662105, 45.442575 ], [ -75.662105, 45.442575 ], [ -75.662105, 45.442575 ], [ -75.662105, 45.442575 ], [ -75.662105, 45.442575 ], [ -75.662105, 45.442575 ], [ -75.662105, 45.442575 ], [ -75.662105, 45.442575 ], [ -75.662105, 45.442575 ], [ -75.662105, 45.442575 ], [ -75.662105, 45.442575 ], [ -75.662105, 45.442575 ], [ -75.662105, 45.442575 ], [ -75.662105, 45.442575 ], [ -75.662105, 45.442575 ], [ -75.662105, 45.442575 ], [ -75.662105, 45.442575 ], [ -75.662105, 45.442575 ], [ -75.662105, 45.442575 ], [ -75.662105, 45.442575 ], [ -75.662105, 45.442575 ], [ -75.662105, 45.442575 ], [ -75.662105, 45.442575 ], [ -75.662105, 45.442575 ], [ -75.662105, 45.442575 ], [ -75.662105, 45.442575 ], [ -75.662105, 45.442575 ], [ -75.662105, 45.442575 ], [ -75.662105, 45.442575 ], [ -75.662105, 45.442575 ], [ -75.662105, 45.442575 ], [ -75.662105, 45.442575 ], [ -75.662105, 45.442575 ], [ -75.662105, 45.442575 ], [ -75.662105, 45.442575 ], [ -75.662105, 45.442575 ], [ -75.662105, 45.442575 ], [ -75.662105, 45.442575 ], [ -75.662105, 45.442575 ], [ -75.662105, 45.442575 ], [ -75.662105, 45.442575 ], [ -75.662105, 45.442575 ], [ -75.662105, 45.442575 ], [ -75.662105, 45.442575 ], [ -75.662105, 45.442575 ], [ -75.662105, 45.442575 ], [ -75.662105, 45.442575 ], [ -75.662105, 45.442575 ], [ -75.662105, 45.442575 ], [ -75.662105, 45.442575 ], [ -75.662105, 45.442575 ], [ -75.662105, 45.442575 ], [ -75.662105, 45.442575 ], [ -75.662105, 45.442575 ], [ -75.662105, 45.442575 ], [ -75.662105, 45.442575 ], [ -75.662105, 45.442575 ], [ -75.662105, 45.442575 ], [ -75.662105, 45.442575 ], [ -75.662105, 45.442575 ], [ -75.662105, 45.442575 ], [ -75.662105, 45.442575 ], [ -75.662105, 45.442575 ], [ -75.662105, 45.442575 ], [ -75.662105, 45.442575 ], [ -75.662105, 45.442575 ], [ -75.662105, 45.442575 ], [ -75.662105, 45.442575 ], [ -75.662105, 45.442575 ], [ -75.662105, 45.442575 ], [ -75.662105, 45.442575 ], [ -75.662105, 45.442575 ], [ -75.662105, 45.442575 ], [ -75.662105, 45.442575 ], [ -75.662105, 45.442575 ], [ -75.662105, 45.442575 ], [ -75.662105, 45.442575 ], [ -75.662105, 45.442575 ], [ -75.662105, 45.442575 ], [ -75.662105, 45.442575 ], [ -75.662105, 45.442575 ], [ -75.662105, 45.442575 ], [ -75.662105, 45.442575 ], [ -75.662105, 45.442575 ], [ -75.662105, 45.442575 ], [ -75.662105, 45.442575 ], [ -75.662105, 45.442575 ], [ -75.662105, 45.442575 ], [ -75.662105, 45.442575 ], [ -75.662105, 45.442575 ], [ -75.662105, 45.442575 ], [ -75.662105, 45.442575 ], [ -75.662105, 45.442575 ], [ -75.662105, 45.442575 ], [ -75.662105, 45.442575 ], [ -75.662105, 45.442575 ], [ -75.662105, 45.442575 ], [ -75.662105, 45.442575 ], [ -75.662105, 45.442575 ], [ -75.662105, 45.442575 ], [ -75.662105, 45.442575 ], [ -75.662105, 45.442575 ], [ -75.662105, 45.442575 ], [ -75.662105, 45.442575 ], [ -75.662105, 45.442575 ], [ -75.662105, 45.442575 ], [ -75.662105, 45.442575 ], [ -75.662105, 45.442575 ], [ -75.662105, 45.442575 ], [ -75.662105, 45.442575 ], [ -75.662105, 45.442575 ], [ -75.662105, 45.442575 ], [ -75.662105, 45.442575 ], [ -75.662105, 45.442575 ], [ -75.662105, 45.442575 ], [ -75.662105, 45.442575 ], [ -75.662105, 45.442575 ], [ -75.662105, 45.442575 ], [ -75.662105, 45.442575 ], [ -75.662105, 45.442575 ], [ -75.662105, 45.442575 ], [ -75.662105, 45.442575 ], [ -75.662105, 45.442575 ], [ -75.662105, 45.442575 ], [ -75.662105, 45.442575 ], [ -75.662105, 45.442575 ], [ -75.662105, 45.442575 ], [ -75.662105, 45.442575 ], [ -75.662105, 45.442575 ], [ -75.662105, 45.442575 ], [ -75.662105, 45.442575 ], [ -75.662105, 45.442575 ], [ -75.662105, 45.442575 ], [ -75.662105, 45.442575 ], [ -75.662105, 45.442575 ], [ -75.662105, 45.442575 ], [ -75.662105, 45.442575 ], [ -75.662105, 45.442575 ], [ -75.662105, 45.442575 ], [ -75.662105, 45.442575 ], [ -75.662105, 45.442575 ], [ -75.662105, 45.442575 ], [ -75.662105, 45.442575 ], [ -75.662105, 45.442575 ], [ -75.662105, 45.442575 ], [ -75.662105, 45.442575 ], [ -75.662105, 45.442575 ], [ -75.662105, 45.442575 ], [ -75.662105, 45.442575 ], [ -75.662105, 45.442575 ], [ -75.662105, 45.442575 ], [ -75.662105, 45.442575 ], [ -75.662105, 45.442575 ], [ -75.662105, 45.442575 ], [ -75.662105, 45.442575 ], [ -75.662105, 45.442575 ], [ -75.662105, 45.442575 ], [ -75.662105, 45.442575 ], [ -75.662105, 45.442575 ], [ -75.662105, 45.442575 ], [ -75.662105, 45.442575 ], [ -75.662105, 45.442575 ], [ -75.662105, 45.442575 ], [ -75.662105, 45.442575 ], [ -75.662105, 45.442575 ], [ -75.662105, 45.442575 ], [ -75.662105, 45.442575 ], [ -75.662105, 45.442575 ], [ -75.662105, 45.442575 ], [ -75.662105, 45.442575 ], [ -75.662105, 45.442575 ], [ -75.662105, 45.442575 ], [ -75.662105, 45.442575 ], [ -75.662105, 45.442575 ], [ -75.662105, 45.442575 ], [ -75.662105, 45.442575 ], [ -75.662105, 45.442575 ], [ -75.662105, 45.442575 ], [ -75.662105, 45.442575 ], [ -75.662105, 45.442575 ], [ -75.662105, 45.442575 ], [ -75.662105, 45.442575 ], [ -75.662105, 45.442575 ], [ -75.662105, 45.442575 ], [ -75.662105, 45.442575 ], [ -75.662105, 45.442575 ], [ -75.662105, 45.442575 ], [ -75.662105, 45.442575 ], [ -75.662105, 45.442575 ], [ -75.662105, 45.442575 ], [ -75.662105, 45.442575 ], [ -75.662105, 45.442575 ], [ -75.662105, 45.442575 ], [ -75.662105, 45.442575 ], [ -75.662105, 45.442575 ], [ -75.662105, 45.442575 ], [ -75.662105, 45.442575 ], [ -75.662105, 45.442575 ], [ -75.662105, 45.442575 ], [ -75.662105, 45.442575 ], [ -75.662105, 45.442575 ], [ -75.662105, 45.442575 ], [ -75.662105, 45.442575 ], [ -75.662105, 45.442575 ], [ -75.662105, 45.442575 ], [ -75.662105, 45.442575 ], [ -75.662105, 45.442575 ], [ -75.662105, 45.442575 ], [ -75.662105, 45.442575 ], [ -75.662105, 45.442575 ], [ -75.662105, 45.442575 ], [ -75.662105, 45.442575 ], [ -75.662105, 45.442575 ], [ -75.662105, 45.442575 ], [ -75.662105, 45.442575 ], [ -75.662105, 45.442575 ], [ -75.662105, 45.442575 ], [ -75.662105, 45.442575 ], [ -75.662105, 45.442575 ], [ -75.662105, 45.442575 ], [ -75.662105, 45.442575 ], [ -75.662105, 45.442575 ], [ -75.662105, 45.442575 ], [ -75.662105, 45.442575 ], [ -75.662105, 45.442575 ], [ -75.662105, 45.442575 ], [ -75.662105, 45.442575 ], [ -75.662105, 45.442575 ], [ -75.662105, 45.442575 ], [ -75.662105, 45.442575 ], [ -75.662105, 45.442575 ], [ -75.662105, 45.442575 ], [ -75.662105, 45.442575 ], [ -75.662105, 45.442575 ], [ -75.662105, 45.442575 ], [ -75.662105, 45.442575 ], [ -75.662105, 45.442575 ], [ -75.662105, 45.442575 ], [ -75.662105, 45.442575 ], [ -75.662105, 45.442575 ], [ -75.662105, 45.442575 ], [ -75.662105, 45.442575 ], [ -75.662105, 45.442575 ], [ -75.662105, 45.442575 ], [ -75.662105, 45.442575 ], [ -75.662105, 45.442575 ], [ -75.662105, 45.442575 ], [ -75.662105, 45.442575 ], [ -75.662105, 45.442575 ], [ -75.662105, 45.442575 ], [ -75.662105, 45.442575 ], [ -75.662105, 45.442575 ], [ -75.662105, 45.442575 ], [ -75.662105, 45.442575 ], [ -75.662105, 45.442575 ], [ -75.662105, 45.442575 ], [ -75.662105, 45.442575 ], [ -75.662105, 45.442575 ], [ -75.662105, 45.442575 ], [ -75.662105, 45.442575 ], [ -75.662105, 45.442575 ], [ -75.662105, 45.442575 ], [ -75.662105, 45.442575 ], [ -75.662105, 45.442575 ], [ -75.662105, 45.442575 ], [ -75.662105, 45.442575 ], [ -75.662105, 45.442575 ], [ -75.662105, 45.442575 ], [ -75.662105, 45.442575 ], [ -75.662105, 45.442575 ], [ -75.662105, 45.442575 ], [ -75.662105, 45.442575 ], [ -75.662105, 45.442575 ], [ -75.662105, 45.442575 ], [ -75.662105, 45.442575 ], [ -75.662105, 45.442575 ], [ -75.662105, 45.442575 ], [ -75.662105, 45.442575 ], [ -75.662105, 45.442575 ], [ -75.662105, 45.442575 ], [ -75.662105, 45.442575 ], [ -75.662105, 45.442575 ], [ -75.662105, 45.442575 ], [ -75.662105, 45.442575 ], [ -75.662105, 45.442575 ], [ -75.662105, 45.442575 ], [ -75.662105, 45.442575 ], [ -75.662105, 45.442575 ], [ -75.662105, 45.442575 ], [ -75.662105, 45.442575 ], [ -75.662105, 45.442575 ], [ -75.662105, 45.442575 ], [ -75.662105, 45.442575 ], [ -75.662105, 45.442575 ], [ -75.662105, 45.442575 ], [ -75.662105, 45.442575 ], [ -75.662105, 45.442575 ], [ -75.662105, 45.442575 ], [ -75.662105, 45.442575 ], [ -75.662105, 45.442575 ], [ -75.662105, 45.442575 ], [ -75.662105, 45.442575 ], [ -75.662105, 45.442575 ], [ -75.662105, 45.442575 ], [ -75.662105, 45.442575 ], [ -75.662105, 45.442575 ], [ -75.662105, 45.442575 ], [ -75.662105, 45.442575 ], [ -75.662105, 45.442575 ], [ -75.662105, 45.442575 ], [ -75.662105, 45.442575 ], [ -75.662105, 45.442575 ], [ -75.662105, 45.442575 ], [ -75.662105, 45.442575 ], [ -75.662105, 45.442575 ], [ -75.662105, 45.442575 ], [ -75.662105, 45.442575 ], [ -75.662105, 45.442575 ], [ -75.662105, 45.442575 ], [ -75.662105, 45.442575 ], [ -75.662105, 45.442575 ], [ -75.662105, 45.442575 ], [ -75.662105, 45.442575 ], [ -75.662105, 45.442575 ], [ -75.662105, 45.442575 ], [ -75.662105, 45.442575 ], [ -75.662105, 45.442575 ], [ -75.662105, 45.442575 ], [ -75.662105, 45.442575 ], [ -75.662105, 45.442575 ], [ -75.662105, 45.442575 ], [ -75.662105, 45.442575 ], [ -75.662105, 45.442575 ], [ -75.662105, 45.442575 ], [ -75.662105, 45.442575 ], [ -75.662105, 45.442575 ], [ -75.662105, 45.442575 ], [ -75.662105, 45.442575 ], [ -75.662105, 45.442575 ], [ -75.662105, 45.442575 ], [ -75.662105, 45.442575 ], [ -75.662105, 45.442575 ], [ -75.662105, 45.442575 ], [ -75.662105, 45.442575 ], [ -75.662105, 45.442575 ], [ -75.662105, 45.442575 ], [ -75.662105, 45.442575 ], [ -75.662105, 45.442575 ], [ -75.662105, 45.442575 ], [ -75.662105, 45.442575 ], [ -75.662105, 45.442575 ], [ -75.662105, 45.442575 ], [ -75.662105, 45.442575 ], [ -75.662105, 45.442575 ], [ -75.662105, 45.442575 ], [ -75.662105, 45.442575 ], [ -75.662105, 45.442575 ], [ -75.662105, 45.442575 ], [ -75.662105, 45.442575 ], [ -75.662105, 45.442575 ], [ -75.662105, 45.442575 ], [ -75.662105, 45.442575 ], [ -75.662105, 45.442575 ], [ -75.662105, 45.442575 ], [ -75.662105, 45.442575 ], [ -75.662105, 45.442575 ], [ -75.662105, 45.442575 ], [ -75.662105, 45.442575 ], [ -75.662105, 45.442575 ], [ -75.662105, 45.442575 ], [ -75.662105, 45.442575 ], [ -75.662105, 45.442575 ], [ -75.662105, 45.442575 ], [ -75.662105, 45.442575 ], [ -75.662105, 45.442575 ], [ -75.662105, 45.442575 ], [ -75.662105, 45.442575 ], [ -75.662105, 45.442575 ], [ -75.662105, 45.442575 ], [ -75.662105, 45.442575 ], [ -75.662105, 45.442575 ], [ -75.662105, 45.442575 ], [ -75.662105, 45.442575 ], [ -75.662105, 45.442575 ], [ -75.662105, 45.442575 ], [ -75.662105, 45.442575 ], [ -75.662105, 45.442575 ], [ -75.662105, 45.442575 ], [ -75.662105, 45.442575 ], [ -75.662105, 45.442575 ], [ -75.662105, 45.442575 ], [ -75.662105, 45.442575 ], [ -75.662105, 45.442575 ], [ -75.662105, 45.442575 ], [ -75.662105, 45.442575 ], [ -75.662105, 45.442575 ], [ -75.662105, 45.442575 ], [ -75.662105, 45.442575 ], [ -75.662105, 45.442575 ], [ -75.662105, 45.442575 ], [ -75.662105, 45.442575 ], [ -75.662105, 45.442575 ], [ -75.662105, 45.442575 ], [ -75.662105, 45.442575 ], [ -75.662105, 45.442575 ], [ -75.662105, 45.442575 ], [ -75.662105, 45.442575 ], [ -75.662105, 45.442575 ], [ -75.662105, 45.442575 ], [ -75.662105, 45.442575 ], [ -75.662105, 45.442575 ], [ -75.662105, 45.442575 ], [ -75.662105, 45.442575 ], [ -75.662105, 45.442575 ], [ -75.662105, 45.442575 ], [ -75.662105, 45.442575 ], [ -75.662105, 45.442575 ], [ -75.662105, 45.442575 ], [ -75.662105, 45.442575 ], [ -75.662105, 45.442575 ], [ -75.662105, 45.442575 ], [ -75.662105, 45.442575 ], [ -75.662105, 45.442575 ], [ -75.662105, 45.442575 ], [ -75.662105, 45.442575 ], [ -75.662105, 45.442575 ], [ -75.662105, 45.442575 ], [ -75.662105, 45.442575 ], [ -75.662105, 45.442575 ], [ -75.662105, 45.442575 ], [ -75.662105, 45.442575 ], [ -75.662105, 45.442575 ], [ -75.662105, 45.442575 ], [ -75.662105, 45.442575 ], [ -75.662105, 45.442575 ], [ -75.662105, 45.442575 ], [ -75.662105, 45.442575 ], [ -75.662105, 45.442575 ], [ -75.662105, 45.442575 ], [ -75.662105, 45.442575 ], [ -75.662105, 45.442575 ], [ -75.662105, 45.442575 ], [ -75.662105, 45.442575 ], [ -75.662105, 45.442575 ], [ -75.662105, 45.442575 ], [ -75.662105, 45.442575 ], [ -75.662105, 45.442575 ], [ -75.662105, 45.442575 ], [ -75.662105, 45.442575 ], [ -75.662105, 45.442575 ], [ -75.662105, 45.442575 ], [ -75.662105, 45.442575 ], [ -75.662105, 45.442575 ], [ -75.662105, 45.442575 ], [ -75.662105, 45.442575 ], [ -75.662105, 45.442575 ], [ -75.662105, 45.442575 ], [ -75.662105, 45.442575 ], [ -75.662105, 45.442575 ], [ -75.662105, 45.442575 ], [ -75.662105, 45.442575 ], [ -75.662105, 45.442575 ], [ -75.662105, 45.442575 ], [ -75.662105, 45.442575 ], [ -75.662105, 45.442575 ], [ -75.662105, 45.442575 ], [ -75.662105, 45.442575 ], [ -75.662105, 45.442575 ], [ -75.662105, 45.442575 ], [ -75.662105, 45.442575 ], [ -75.662105, 45.442575 ], [ -75.662105, 45.442575 ], [ -75.662105, 45.442575 ], [ -75.662105, 45.442575 ], [ -75.662105, 45.442575 ], [ -75.662105, 45.442575 ], [ -75.662105, 45.442575 ], [ -75.662105, 45.442575 ], [ -75.662105, 45.442575 ], [ -75.662105, 45.442575 ], [ -75.662105, 45.442575 ], [ -75.662105, 45.442575 ], [ -75.662105, 45.442575 ], [ -75.662105, 45.442575 ], [ -75.662105, 45.442575 ], [ -75.662105, 45.442575 ], [ -75.662105, 45.442575 ], [ -75.662105, 45.442575 ], [ -75.662105, 45.442575 ], [ -75.662105, 45.442575 ], [ -75.662105, 45.442575 ], [ -75.662105, 45.442575 ], [ -75.662105, 45.442575 ], [ -75.662105, 45.442575 ], [ -75.662105, 45.442575 ], [ -75.662105, 45.442575 ], [ -75.662105, 45.442575 ], [ -75.662105, 45.442575 ], [ -75.662105, 45.442575 ], [ -75.662105, 45.442575 ], [ -75.662105, 45.442575 ], [ -75.662105, 45.442575 ], [ -75.662105, 45.442575 ], [ -75.662105, 45.442575 ], [ -75.662105, 45.442575 ], [ -75.662105, 45.442575 ], [ -75.662105, 45.442575 ], [ -75.662105, 45.442575 ], [ -75.662105, 45.442575 ], [ -75.662105, 45.442575 ], [ -75.662105, 45.442575 ], [ -75.662105, 45.442575 ], [ -75.662105, 45.442575 ], [ -75.662105, 45.442575 ], [ -75.662105, 45.442575 ], [ -75.66229, 45.44245 ], [ -75.66248, 45.44232 ], [ -75.662518, 45.442347 ], [ -75.66575, 45.43992 ], [ -75.67162, 45.44211 ], [ -75.67393, 45.441113 ], [ -75.67545, 45.44019 ], [ -75.67543, 45.44 ], [ -75.674973, 45.439602 ] ] } },
{ "type": "Feature", "properties": { "route_id": "20", "route_long_name": "Vanier - St-Laurent" }, "geometry": { "type": "LineString", "coordinates": [ [ -75.636704, 45.420561 ], [ -75.63899, 45.42047 ], [ -75.637593, 45.420925 ], [ -75.634954, 45.420962 ], [ -75.634461, 45.421263 ], [ -75.634611, 45.421595 ], [ -75.634825, 45.421632 ], [ -75.635501, 45.421316 ], [ -75.63988, 45.42889 ], [ -75.63745, 45.42906 ], [ -75.63452, 45.42835 ], [ -75.633498, 45.428245 ], [ -75.63292, 45.42835 ], [ -75.64092, 45.44307 ], [ -75.63744, 45.44413 ], [ -75.63839, 45.44564 ], [ -75.638, 45.44609 ], [ -75.638358, 45.446033 ] ] } },
{ "type": "Feature", "properties": { "route_id": "20", "route_long_name": "Vanier - St-Laurent" }, "geometry": { "type": "LineString", "coordinates": [ [ -75.674973, 45.439602 ], [ -75.67324, 45.44045 ], [ -75.673384, 45.440352 ], [ -75.67324, 45.44045 ], [ -75.67405, 45.44105 ], [ -75.67162, 45.44211 ], [ -75.66575, 45.43992 ], [ -75.662105, 45.442545 ], [ -75.662105, 45.442545 ], [ -75.662105, 45.442545 ], [ -75.662105, 45.442545 ], [ -75.662105, 45.442545 ], [ -75.662105, 45.442545 ], [ -75.662105, 45.442545 ], [ -75.662105, 45.442545 ], [ -75.662105, 45.442545 ], [ -75.662105, 45.442545 ], [ -75.662105, 45.442545 ], [ -75.662105, 45.442545 ], [ -75.662105, 45.442545 ], [ -75.662105, 45.442545 ], [ -75.662105, 45.442545 ], [ -75.662105, 45.442545 ], [ -75.662105, 45.442545 ], [ -75.662105, 45.442545 ], [ -75.662105, 45.442545 ], [ -75.662105, 45.442545 ], [ -75.662105, 45.442545 ], [ -75.662105, 45.442545 ], [ -75.662105, 45.442545 ], [ -75.662105, 45.442545 ], [ -75.662105, 45.442545 ], [ -75.662105, 45.442545 ], [ -75.662105, 45.442545 ], [ -75.662105, 45.442545 ], [ -75.662105, 45.442545 ], [ -75.662105, 45.442545 ], [ -75.662105, 45.442545 ], [ -75.662105, 45.442545 ], [ -75.662105, 45.442545 ], [ -75.662105, 45.442545 ], [ -75.662105, 45.442545 ], [ -75.662105, 45.442545 ], [ -75.662105, 45.442545 ], [ -75.662105, 45.442545 ], [ -75.662105, 45.442545 ], [ -75.662105, 45.442545 ], [ -75.662105, 45.442545 ], [ -75.662105, 45.442545 ], [ -75.662105, 45.442545 ], [ -75.662105, 45.442545 ], [ -75.662105, 45.442545 ], [ -75.662105, 45.442545 ], [ -75.662105, 45.442545 ], [ -75.662105, 45.442545 ], [ -75.662105, 45.442545 ], [ -75.662105, 45.442545 ], [ -75.662105, 45.442545 ], [ -75.662105, 45.442545 ], [ -75.662105, 45.442545 ], [ -75.662105, 45.442545 ], [ -75.662105, 45.442545 ], [ -75.662105, 45.442545 ], [ -75.662105, 45.442545 ], [ -75.662105, 45.442545 ], [ -75.662105, 45.442545 ], [ -75.662105, 45.442545 ], [ -75.662105, 45.442545 ], [ -75.662105, 45.442545 ], [ -75.662105, 45.442545 ], [ -75.662105, 45.442545 ], [ -75.662105, 45.442545 ], [ -75.662105, 45.442545 ], [ -75.662105, 45.442545 ], [ -75.662105, 45.442545 ], [ -75.662105, 45.442545 ], [ -75.662105, 45.442545 ], [ -75.662105, 45.442545 ], [ -75.662105, 45.442545 ], [ -75.662105, 45.442545 ], [ -75.662105, 45.442545 ], [ -75.662105, 45.442545 ], [ -75.662105, 45.442545 ], [ -75.662105, 45.442545 ], [ -75.662105, 45.442545 ], [ -75.662105, 45.442545 ], [ -75.662105, 45.442545 ], [ -75.662105, 45.442545 ], [ -75.662105, 45.442545 ], [ -75.662105, 45.442545 ], [ -75.662105, 45.442545 ], [ -75.662105, 45.442545 ], [ -75.662105, 45.442545 ], [ -75.662105, 45.442545 ], [ -75.662105, 45.442545 ], [ -75.662105, 45.442545 ], [ -75.662105, 45.442545 ], [ -75.662105, 45.442545 ], [ -75.662105, 45.442545 ], [ -75.662105, 45.442545 ], [ -75.662105, 45.442545 ], [ -75.662105, 45.442545 ], [ -75.662105, 45.442545 ], [ -75.662105, 45.442545 ], [ -75.662105, 45.442545 ], [ -75.662105, 45.442545 ], [ -75.662105, 45.442545 ], [ -75.662105, 45.442545 ], [ -75.662105, 45.442545 ], [ -75.662105, 45.442545 ], [ -75.662105, 45.442545 ], [ -75.662105, 45.442545 ], [ -75.662105, 45.442545 ], [ -75.662105, 45.442545 ], [ -75.662105, 45.442545 ], [ -75.662105, 45.442545 ], [ -75.662105, 45.442545 ], [ -75.662105, 45.442545 ], [ -75.662105, 45.442545 ], [ -75.662105, 45.442545 ], [ -75.662105, 45.442545 ], [ -75.662105, 45.442545 ], [ -75.662105, 45.442545 ], [ -75.662105, 45.442545 ], [ -75.662105, 45.442545 ], [ -75.662105, 45.442545 ], [ -75.662105, 45.442545 ], [ -75.662105, 45.442545 ], [ -75.662105, 45.442545 ], [ -75.662105, 45.442545 ], [ -75.662105, 45.442545 ], [ -75.662105, 45.442545 ], [ -75.662105, 45.442545 ], [ -75.662105, 45.442545 ], [ -75.662105, 45.442545 ], [ -75.662105, 45.442545 ], [ -75.662105, 45.442545 ], [ -75.662105, 45.442545 ], [ -75.662105, 45.442545 ], [ -75.662105, 45.442545 ], [ -75.662105, 45.442545 ], [ -75.662105, 45.442545 ], [ -75.662105, 45.442545 ], [ -75.662105, 45.442545 ], [ -75.662105, 45.442545 ], [ -75.662105, 45.442545 ], [ -75.662105, 45.442545 ], [ -75.662105, 45.442545 ], [ -75.662105, 45.442545 ], [ -75.662105, 45.442545 ], [ -75.662105, 45.442545 ], [ -75.662105, 45.442545 ], [ -75.662105, 45.442545 ], [ -75.662105, 45.442545 ], [ -75.662105, 45.442545 ], [ -75.662105, 45.442545 ], [ -75.662105, 45.442545 ], [ -75.662105, 45.442545 ], [ -75.662105, 45.442545 ], [ -75.662105, 45.442545 ], [ -75.662105, 45.442545 ], [ -75.662105, 45.442545 ], [ -75.662105, 45.442545 ], [ -75.662105, 45.442545 ], [ -75.662105, 45.442545 ], [ -75.662105, 45.442545 ], [ -75.662105, 45.442545 ], [ -75.662105, 45.442545 ], [ -75.662105, 45.442545 ], [ -75.662105, 45.442545 ], [ -75.662105, 45.442545 ], [ -75.662105, 45.442545 ], [ -75.662105, 45.442545 ], [ -75.662105, 45.442545 ], [ -75.662105, 45.442545 ], [ -75.662105, 45.442545 ], [ -75.662105, 45.442545 ], [ -75.662105, 45.442545 ], [ -75.662105, 45.442545 ], [ -75.662105, 45.442545 ], [ -75.662105, 45.442545 ], [ -75.662105, 45.442545 ], [ -75.662105, 45.442545 ], [ -75.662105, 45.442545 ], [ -75.662105, 45.442545 ], [ -75.662105, 45.442545 ], [ -75.662105, 45.442545 ], [ -75.662105, 45.442545 ], [ -75.662105, 45.442545 ], [ -75.662105, 45.442545 ], [ -75.662105, 45.442545 ], [ -75.662105, 45.442545 ], [ -75.662105, 45.442545 ], [ -75.662105, 45.442545 ], [ -75.662105, 45.442545 ], [ -75.662105, 45.442545 ], [ -75.662105, 45.442545 ], [ -75.662105, 45.442545 ], [ -75.662105, 45.442545 ], [ -75.662105, 45.442545 ], [ -75.662105, 45.442545 ], [ -75.662105, 45.442545 ], [ -75.662105, 45.442545 ], [ -75.662105, 45.442545 ], [ -75.662105, 45.442545 ], [ -75.662105, 45.442545 ], [ -75.662105, 45.442545 ], [ -75.662105, 45.442545 ], [ -75.662105, 45.442545 ], [ -75.662105, 45.442545 ], [ -75.662105, 45.442545 ], [ -75.662105, 45.442545 ], [ -75.662105, 45.442545 ], [ -75.662105, 45.442545 ], [ -75.662105, 45.442545 ], [ -75.662105, 45.442545 ], [ -75.662105, 45.442545 ], [ -75.662105, 45.442545 ], [ -75.662105, 45.442545 ], [ -75.662105, 45.442545 ], [ -75.662105, 45.442545 ], [ -75.662105, 45.442545 ], [ -75.662105, 45.442545 ], [ -75.662105, 45.442545 ], [ -75.662105, 45.442545 ], [ -75.662105, 45.442545 ], [ -75.662105, 45.442545 ], [ -75.662105, 45.442545 ], [ -75.662105, 45.442545 ], [ -75.662105, 45.442545 ], [ -75.662105, 45.442545 ], [ -75.662105, 45.442545 ], [ -75.662105, 45.442545 ], [ -75.662105, 45.442545 ], [ -75.662105, 45.442545 ], [ -75.662105, 45.442545 ], [ -75.662105, 45.442545 ], [ -75.662105, 45.442545 ], [ -75.662105, 45.442545 ], [ -75.662105, 45.442545 ], [ -75.662105, 45.442545 ], [ -75.662105, 45.442545 ], [ -75.662105, 45.442545 ], [ -75.662105, 45.442545 ], [ -75.662105, 45.442545 ], [ -75.662105, 45.442545 ], [ -75.662105, 45.442545 ], [ -75.662105, 45.442545 ], [ -75.662105, 45.442545 ], [ -75.662105, 45.442545 ], [ -75.662105, 45.442545 ], [ -75.662105, 45.442545 ], [ -75.662105, 45.442545 ], [ -75.662105, 45.442545 ], [ -75.662105, 45.442545 ], [ -75.662105, 45.442545 ], [ -75.662105, 45.442545 ], [ -75.662105, 45.442545 ], [ -75.662105, 45.442545 ], [ -75.662105, 45.442545 ], [ -75.662105, 45.442545 ], [ -75.662105, 45.442545 ], [ -75.662105, 45.442545 ], [ -75.662105, 45.442545 ], [ -75.662105, 45.442545 ], [ -75.662105, 45.442545 ], [ -75.662105, 45.442545 ], [ -75.662105, 45.442545 ], [ -75.662105, 45.442545 ], [ -75.662105, 45.442545 ], [ -75.662105, 45.442545 ], [ -75.662105, 45.442545 ], [ -75.662105, 45.442545 ], [ -75.662105, 45.442545 ], [ -75.662105, 45.442545 ], [ -75.662105, 45.442545 ], [ -75.662105, 45.442545 ], [ -75.662105, 45.442545 ], [ -75.662105, 45.442545 ], [ -75.662105, 45.442545 ], [ -75.662105, 45.442545 ], [ -75.662105, 45.442545 ], [ -75.662105, 45.442545 ], [ -75.662105, 45.442545 ], [ -75.662105, 45.442545 ], [ -75.662105, 45.442545 ], [ -75.662105, 45.442545 ], [ -75.662105, 45.442545 ], [ -75.662105, 45.442545 ], [ -75.662105, 45.442545 ], [ -75.662105, 45.442545 ], [ -75.662105, 45.442545 ], [ -75.662105, 45.442545 ], [ -75.662105, 45.442545 ], [ -75.662105, 45.442545 ], [ -75.662105, 45.442545 ], [ -75.662105, 45.442545 ], [ -75.662105, 45.442545 ], [ -75.662105, 45.442545 ], [ -75.662105, 45.442545 ], [ -75.662105, 45.442545 ], [ -75.662105, 45.442545 ], [ -75.662105, 45.442545 ], [ -75.662105, 45.442545 ], [ -75.662105, 45.442545 ], [ -75.662105, 45.442545 ], [ -75.662105, 45.442545 ], [ -75.662105, 45.442545 ], [ -75.662105, 45.442545 ], [ -75.662105, 45.442545 ], [ -75.662105, 45.442545 ], [ -75.662105, 45.442545 ], [ -75.662105, 45.442545 ], [ -75.662105, 45.442545 ], [ -75.662105, 45.442545 ], [ -75.662105, 45.442545 ], [ -75.662105, 45.442545 ], [ -75.662105, 45.442545 ], [ -75.662105, 45.442545 ], [ -75.662105, 45.442545 ], [ -75.662105, 45.442545 ], [ -75.662105, 45.442545 ], [ -75.662105, 45.442545 ], [ -75.662105, 45.442545 ], [ -75.662105, 45.442545 ], [ -75.662105, 45.442545 ], [ -75.662105, 45.442545 ], [ -75.662105, 45.442545 ], [ -75.662105, 45.442545 ], [ -75.662105, 45.442545 ], [ -75.662105, 45.442545 ], [ -75.662105, 45.442545 ], [ -75.662105, 45.442545 ], [ -75.662105, 45.442545 ], [ -75.662105, 45.442545 ], [ -75.662105, 45.442545 ], [ -75.662105, 45.442545 ], [ -75.662105, 45.442545 ], [ -75.662105, 45.442545 ], [ -75.662105, 45.442545 ], [ -75.662105, 45.442545 ], [ -75.662105, 45.442545 ], [ -75.662105, 45.442545 ], [ -75.662105, 45.442545 ], [ -75.662105, 45.442545 ], [ -75.662105, 45.442545 ], [ -75.662105, 45.442545 ], [ -75.662105, 45.442545 ], [ -75.662105, 45.442545 ], [ -75.662105, 45.442545 ], [ -75.662105, 45.442545 ], [ -75.662105, 45.442545 ], [ -75.662105, 45.442545 ], [ -75.662105, 45.442545 ], [ -75.662105, 45.442545 ], [ -75.662105, 45.442545 ], [ -75.662105, 45.442545 ], [ -75.662105, 45.442545 ], [ -75.662105, 45.442545 ], [ -75.662105, 45.442545 ], [ -75.662105, 45.442545 ], [ -75.662105, 45.442545 ], [ -75.662105, 45.442545 ], [ -75.662105, 45.442545 ], [ -75.662105, 45.442545 ], [ -75.662105, 45.442545 ], [ -75.662105, 45.442545 ], [ -75.662105, 45.442545 ], [ -75.662105, 45.442545 ], [ -75.662105, 45.442545 ], [ -75.662105, 45.442545 ], [ -75.662105, 45.442545 ], [ -75.662105, 45.442545 ], [ -75.662105, 45.442545 ], [ -75.662105, 45.442545 ], [ -75.662105, 45.442545 ], [ -75.662105, 45.442545 ], [ -75.662105, 45.442545 ], [ -75.662105, 45.442545 ], [ -75.662105, 45.442545 ], [ -75.662105, 45.442545 ], [ -75.662105, 45.442545 ], [ -75.662105, 45.442545 ], [ -75.662105, 45.442545 ], [ -75.662105, 45.442545 ], [ -75.662105, 45.442545 ], [ -75.662105, 45.442545 ], [ -75.662105, 45.442545 ], [ -75.662105, 45.442545 ], [ -75.662105, 45.442545 ], [ -75.662105, 45.442545 ], [ -75.662105, 45.442545 ], [ -75.662105, 45.442545 ], [ -75.662105, 45.442545 ], [ -75.662105, 45.442545 ], [ -75.662105, 45.442545 ], [ -75.662105, 45.442545 ], [ -75.662105, 45.442545 ], [ -75.662105, 45.442545 ], [ -75.662105, 45.442545 ], [ -75.662105, 45.442545 ], [ -75.662105, 45.442545 ], [ -75.662105, 45.442545 ], [ -75.662105, 45.442545 ], [ -75.662105, 45.442545 ], [ -75.662105, 45.442545 ], [ -75.662105, 45.442545 ], [ -75.662105, 45.442545 ], [ -75.662105, 45.442545 ], [ -75.662105, 45.442545 ], [ -75.662105, 45.442545 ], [ -75.662105, 45.442545 ], [ -75.662105, 45.442545 ], [ -75.662105, 45.442545 ], [ -75.662105, 45.442545 ], [ -75.662105, 45.442545 ], [ -75.662105, 45.442545 ], [ -75.662105, 45.442545 ], [ -75.662105, 45.442545 ], [ -75.662105, 45.442545 ], [ -75.662105, 45.442545 ], [ -75.662105, 45.442545 ], [ -75.662105, 45.442545 ], [ -75.662105, 45.442545 ], [ -75.662105, 45.442545 ], [ -75.662105, 45.442545 ], [ -75.662105, 45.442545 ], [ -75.662105, 45.442545 ], [ -75.662105, 45.442545 ], [ -75.662105, 45.442545 ], [ -75.662105, 45.442545 ], [ -75.662105, 45.442545 ], [ -75.662105, 45.442545 ], [ -75.662105, 45.442545 ], [ -75.662105, 45.442545 ], [ -75.662105, 45.442545 ], [ -75.662105, 45.442545 ], [ -75.662105, 45.442545 ], [ -75.662105, 45.442545 ], [ -75.662105, 45.442545 ], [ -75.662105, 45.442545 ], [ -75.662105, 45.442545 ], [ -75.662105, 45.442545 ], [ -75.662105, 45.442545 ], [ -75.662105, 45.442545 ], [ -75.662105, 45.442545 ], [ -75.662105, 45.442545 ], [ -75.662105, 45.442545 ], [ -75.662105, 45.442545 ], [ -75.662105, 45.442545 ], [ -75.662105, 45.442545 ], [ -75.662105, 45.442545 ], [ -75.662105, 45.442545 ], [ -75.662105, 45.442545 ], [ -75.662105, 45.442545 ], [ -75.662105, 45.442545 ], [ -75.662105, 45.442545 ], [ -75.662105, 45.442545 ], [ -75.662105, 45.442545 ], [ -75.662105, 45.442545 ], [ -75.662105, 45.442545 ], [ -75.662105, 45.442545 ], [ -75.662105, 45.442545 ], [ -75.662105, 45.442545 ], [ -75.662105, 45.442545 ], [ -75.662105, 45.442545 ], [ -75.662105, 45.442545 ], [ -75.662105, 45.442545 ], [ -75.662105, 45.442545 ], [ -75.662105, 45.442545 ], [ -75.662105, 45.442545 ], [ -75.662105, 45.442545 ], [ -75.662105, 45.442545 ], [ -75.662105, 45.442545 ], [ -75.662105, 45.442545 ], [ -75.662105, 45.442545 ], [ -75.662105, 45.442545 ], [ -75.662105, 45.442545 ], [ -75.662105, 45.442545 ], [ -75.662105, 45.442545 ], [ -75.662105, 45.442545 ], [ -75.662105, 45.442545 ], [ -75.662105, 45.442545 ], [ -75.662105, 45.442545 ], [ -75.662105, 45.442545 ], [ -75.662105, 45.442545 ], [ -75.662105, 45.442545 ], [ -75.662105, 45.442545 ], [ -75.662105, 45.442545 ], [ -75.662105, 45.442545 ], [ -75.662105, 45.442545 ], [ -75.662105, 45.442545 ], [ -75.662105, 45.442545 ], [ -75.662105, 45.442545 ], [ -75.662105, 45.442545 ], [ -75.662105, 45.442545 ], [ -75.662105, 45.442545 ], [ -75.662105, 45.442545 ], [ -75.662105, 45.442545 ], [ -75.662105, 45.442545 ], [ -75.662105, 45.442545 ], [ -75.662105, 45.442545 ], [ -75.662105, 45.442545 ], [ -75.662105, 45.442545 ], [ -75.662105, 45.442545 ], [ -75.662105, 45.442545 ], [ -75.662105, 45.442545 ], [ -75.662105, 45.442545 ], [ -75.662105, 45.442545 ], [ -75.662105, 45.442545 ], [ -75.662105, 45.442545 ], [ -75.662105, 45.442545 ], [ -75.662105, 45.442545 ], [ -75.662105, 45.442545 ], [ -75.662105, 45.442545 ], [ -75.662105, 45.442545 ], [ -75.662105, 45.442545 ], [ -75.662105, 45.442545 ], [ -75.662105, 45.442545 ], [ -75.662105, 45.442545 ], [ -75.662105, 45.442545 ], [ -75.662105, 45.442545 ], [ -75.662105, 45.442545 ], [ -75.662105, 45.442545 ], [ -75.662105, 45.442545 ], [ -75.662105, 45.442545 ], [ -75.662105, 45.442545 ], [ -75.662105, 45.442545 ], [ -75.662105, 45.442545 ], [ -75.662105, 45.442545 ], [ -75.662105, 45.442545 ], [ -75.662105, 45.442545 ], [ -75.662105, 45.442545 ], [ -75.662105, 45.442545 ], [ -75.662105, 45.442545 ], [ -75.662105, 45.442545 ], [ -75.662105, 45.442545 ], [ -75.662105, 45.442545 ], [ -75.662105, 45.442545 ], [ -75.662105, 45.442545 ], [ -75.662105, 45.442545 ], [ -75.662105, 45.442545 ], [ -75.662105, 45.442545 ], [ -75.662105, 45.442545 ], [ -75.662105, 45.442545 ], [ -75.662105, 45.442545 ], [ -75.662105, 45.442545 ], [ -75.662105, 45.442545 ], [ -75.662105, 45.442545 ], [ -75.662105, 45.442545 ], [ -75.662105, 45.442545 ], [ -75.662105, 45.442545 ], [ -75.662105, 45.442545 ], [ -75.662105, 45.442545 ], [ -75.662105, 45.442545 ], [ -75.662105, 45.442545 ], [ -75.662105, 45.442545 ], [ -75.662105, 45.442545 ], [ -75.662105, 45.442545 ], [ -75.662105, 45.442545 ], [ -75.662105, 45.442545 ], [ -75.662105, 45.442545 ], [ -75.662105, 45.442545 ], [ -75.662105, 45.442545 ], [ -75.662105, 45.442545 ], [ -75.662105, 45.442545 ], [ -75.662105, 45.442545 ], [ -75.662105, 45.442545 ], [ -75.662105, 45.442545 ], [ -75.662105, 45.442545 ], [ -75.662105, 45.442545 ], [ -75.662105, 45.442545 ], [ -75.662105, 45.442545 ], [ -75.662105, 45.442545 ], [ -75.662105, 45.442545 ], [ -75.662105, 45.442545 ], [ -75.662105, 45.442545 ], [ -75.662105, 45.442545 ], [ -75.662105, 45.442545 ], [ -75.662105, 45.442545 ], [ -75.662105, 45.442545 ], [ -75.662105, 45.442545 ], [ -75.662105, 45.442545 ], [ -75.662105, 45.442545 ], [ -75.662105, 45.442545 ], [ -75.662105, 45.442545 ], [ -75.662105, 45.442545 ], [ -75.662105, 45.442545 ], [ -75.662105, 45.442545 ], [ -75.662105, 45.442545 ], [ -75.662105, 45.442545 ], [ -75.662105, 45.442545 ], [ -75.662105, 45.442545 ], [ -75.662105, 45.442545 ], [ -75.662105, 45.442545 ], [ -75.662105, 45.442545 ], [ -75.662105, 45.442545 ], [ -75.662105, 45.442545 ], [ -75.662105, 45.442545 ], [ -75.662105, 45.442545 ], [ -75.662105, 45.442545 ], [ -75.662105, 45.442545 ], [ -75.662105, 45.442545 ], [ -75.662105, 45.442545 ], [ -75.662105, 45.442545 ], [ -75.662105, 45.442545 ], [ -75.662105, 45.442545 ], [ -75.662105, 45.442545 ], [ -75.662105, 45.442545 ], [ -75.662105, 45.442545 ], [ -75.662105, 45.442545 ], [ -75.662105, 45.442545 ], [ -75.662105, 45.442545 ], [ -75.662105, 45.442545 ], [ -75.662105, 45.442545 ], [ -75.662105, 45.442545 ], [ -75.662105, 45.442545 ], [ -75.662105, 45.442545 ], [ -75.662105, 45.442545 ], [ -75.662105, 45.442545 ], [ -75.662105, 45.442545 ], [ -75.662105, 45.442545 ], [ -75.662105, 45.442545 ], [ -75.662105, 45.442545 ], [ -75.662105, 45.442545 ], [ -75.662105, 45.442545 ], [ -75.662105, 45.442545 ], [ -75.662105, 45.442545 ], [ -75.662105, 45.442545 ], [ -75.662105, 45.442545 ], [ -75.662105, 45.442545 ], [ -75.662105, 45.442545 ], [ -75.662105, 45.442545 ], [ -75.662105, 45.442545 ], [ -75.662105, 45.442545 ], [ -75.662105, 45.442545 ], [ -75.662105, 45.442545 ], [ -75.662105, 45.442545 ], [ -75.662105, 45.442545 ], [ -75.662105, 45.442545 ], [ -75.662105, 45.442545 ], [ -75.662105, 45.442545 ], [ -75.662105, 45.442545 ], [ -75.662105, 45.442545 ], [ -75.662105, 45.442545 ], [ -75.662105, 45.442545 ], [ -75.662105, 45.442545 ], [ -75.662105, 45.442545 ], [ -75.662105, 45.442545 ], [ -75.662105, 45.442545 ], [ -75.662105, 45.442545 ], [ -75.662105, 45.442545 ], [ -75.662105, 45.442545 ], [ -75.662105, 45.442545 ], [ -75.662105, 45.442545 ], [ -75.662105, 45.442545 ], [ -75.662105, 45.442545 ], [ -75.662105, 45.442545 ], [ -75.662105, 45.442545 ], [ -75.662105, 45.442545 ], [ -75.662105, 45.442545 ], [ -75.662105, 45.442545 ], [ -75.662105, 45.442545 ], [ -75.662105, 45.442545 ], [ -75.662105, 45.442545 ], [ -75.662105, 45.442545 ], [ -75.662105, 45.442545 ], [ -75.662105, 45.442545 ], [ -75.662105, 45.442545 ], [ -75.662105, 45.442545 ], [ -75.662105, 45.442545 ], [ -75.662105, 45.442545 ], [ -75.662105, 45.442545 ], [ -75.662105, 45.442545 ], [ -75.662105, 45.442545 ], [ -75.662105, 45.442545 ], [ -75.662105, 45.442545 ], [ -75.662105, 45.442545 ], [ -75.662105, 45.442545 ], [ -75.662105, 45.442545 ], [ -75.662105, 45.442545 ], [ -75.662105, 45.442545 ], [ -75.662105, 45.442545 ], [ -75.662105, 45.442545 ], [ -75.662105, 45.442545 ], [ -75.662105, 45.442545 ], [ -75.662105, 45.442545 ], [ -75.662105, 45.442545 ], [ -75.662105, 45.442545 ], [ -75.662105, 45.442545 ], [ -75.662105, 45.442545 ], [ -75.662105, 45.442545 ], [ -75.662105, 45.442545 ], [ -75.662105, 45.442545 ], [ -75.662105, 45.442545 ], [ -75.662105, 45.442545 ], [ -75.662105, 45.442545 ], [ -75.662105, 45.442545 ], [ -75.662105, 45.442545 ], [ -75.662105, 45.442545 ], [ -75.662105, 45.442545 ], [ -75.662105, 45.442545 ], [ -75.662105, 45.442545 ], [ -75.662105, 45.442545 ], [ -75.662105, 45.442545 ], [ -75.662105, 45.442545 ], [ -75.662105, 45.442545 ], [ -75.662105, 45.442545 ], [ -75.662105, 45.442545 ], [ -75.662105, 45.442545 ], [ -75.662105, 45.442545 ], [ -75.662105, 45.442545 ], [ -75.662105, 45.442545 ], [ -75.662105, 45.442545 ], [ -75.662105, 45.442545 ], [ -75.662105, 45.442545 ], [ -75.662105, 45.442545 ], [ -75.662105, 45.442545 ], [ -75.662105, 45.442545 ], [ -75.662105, 45.442545 ], [ -75.662105, 45.442545 ], [ -75.662105, 45.442545 ], [ -75.662105, 45.442545 ], [ -75.662105, 45.442545 ], [ -75.662105, 45.442545 ], [ -75.662105, 45.442545 ], [ -75.662105, 45.442545 ], [ -75.662105, 45.442545 ], [ -75.662105, 45.442545 ], [ -75.662105, 45.442545 ], [ -75.662105, 45.442545 ], [ -75.662105, 45.442545 ], [ -75.662105, 45.442545 ], [ -75.662105, 45.442545 ], [ -75.662105, 45.442545 ], [ -75.662105, 45.442545 ], [ -75.662105, 45.442545 ], [ -75.662105, 45.442545 ], [ -75.662105, 45.442545 ], [ -75.662105, 45.442545 ], [ -75.662105, 45.442545 ], [ -75.662105, 45.442545 ], [ -75.662105, 45.442545 ], [ -75.662105, 45.442545 ], [ -75.662105, 45.442545 ], [ -75.662105, 45.442545 ], [ -75.662105, 45.442545 ], [ -75.662105, 45.442545 ], [ -75.662105, 45.442545 ], [ -75.662105, 45.442545 ], [ -75.662105, 45.442545 ], [ -75.662105, 45.442545 ], [ -75.662105, 45.442545 ], [ -75.662105, 45.442545 ], [ -75.662105, 45.442545 ], [ -75.662105, 45.442545 ], [ -75.662105, 45.442545 ], [ -75.662105, 45.442545 ], [ -75.662105, 45.442545 ], [ -75.662105, 45.442545 ], [ -75.662105, 45.442545 ], [ -75.662105, 45.442545 ], [ -75.662105, 45.442545 ], [ -75.662105, 45.442545 ], [ -75.662105, 45.442545 ], [ -75.662105, 45.442545 ], [ -75.662105, 45.442545 ], [ -75.662105, 45.442545 ], [ -75.662105, 45.442545 ], [ -75.662105, 45.442545 ], [ -75.662105, 45.442545 ], [ -75.662105, 45.442545 ], [ -75.662105, 45.442545 ], [ -75.662105, 45.442545 ], [ -75.662105, 45.442545 ], [ -75.662105, 45.442545 ], [ -75.662105, 45.442545 ], [ -75.662105, 45.442545 ], [ -75.662105, 45.442545 ], [ -75.662105, 45.442545 ], [ -75.662105, 45.442545 ], [ -75.662105, 45.442545 ], [ -75.662105, 45.442545 ], [ -75.662105, 45.442545 ], [ -75.662105, 45.442545 ], [ -75.662105, 45.442545 ], [ -75.662105, 45.442545 ], [ -75.662105, 45.442545 ], [ -75.662105, 45.442545 ], [ -75.662105, 45.442545 ], [ -75.662105, 45.442545 ], [ -75.662105, 45.442545 ], [ -75.662105, 45.442545 ], [ -75.662105, 45.442545 ], [ -75.662105, 45.442545 ], [ -75.662105, 45.442545 ], [ -75.662105, 45.442545 ], [ -75.662105, 45.442545 ], [ -75.662105, 45.442545 ], [ -75.662105, 45.442545 ], [ -75.662105, 45.442545 ], [ -75.662105, 45.442545 ], [ -75.662105, 45.442545 ], [ -75.662105, 45.442545 ], [ -75.662105, 45.442545 ], [ -75.662105, 45.442545 ], [ -75.662105, 45.442545 ], [ -75.662105, 45.442545 ], [ -75.662105, 45.442545 ], [ -75.662105, 45.442545 ], [ -75.662105, 45.442545 ], [ -75.662105, 45.442545 ], [ -75.662105, 45.442545 ], [ -75.662105, 45.442545 ], [ -75.662105, 45.442545 ], [ -75.662105, 45.442545 ], [ -75.662105, 45.442545 ], [ -75.662105, 45.442545 ], [ -75.662105, 45.442545 ], [ -75.662105, 45.442545 ], [ -75.662105, 45.442545 ], [ -75.662105, 45.442545 ], [ -75.662105, 45.442545 ], [ -75.662105, 45.442545 ], [ -75.662105, 45.442545 ], [ -75.662105, 45.442545 ], [ -75.662105, 45.442545 ], [ -75.662105, 45.442545 ], [ -75.662105, 45.442545 ], [ -75.662105, 45.442545 ], [ -75.662105, 45.442545 ], [ -75.662105, 45.442545 ], [ -75.662105, 45.442545 ], [ -75.662105, 45.442545 ], [ -75.662105, 45.442545 ], [ -75.662105, 45.442545 ], [ -75.662105, 45.442545 ], [ -75.662105, 45.442545 ], [ -75.662105, 45.442545 ], [ -75.662105, 45.442545 ], [ -75.662105, 45.442545 ], [ -75.662105, 45.442545 ], [ -75.662105, 45.442545 ], [ -75.662105, 45.442545 ], [ -75.662105, 45.442545 ], [ -75.662105, 45.442545 ], [ -75.662105, 45.442545 ], [ -75.662105, 45.442545 ], [ -75.662105, 45.442545 ], [ -75.662105, 45.442545 ], [ -75.662105, 45.442545 ], [ -75.662105, 45.442545 ], [ -75.662105, 45.442545 ], [ -75.662105, 45.442545 ], [ -75.662105, 45.442545 ], [ -75.662105, 45.442545 ], [ -75.662105, 45.442545 ], [ -75.662105, 45.442545 ], [ -75.662105, 45.442545 ], [ -75.662105, 45.442545 ], [ -75.662105, 45.442545 ], [ -75.662105, 45.442545 ], [ -75.662105, 45.442545 ], [ -75.662105, 45.442545 ], [ -75.662105, 45.442545 ], [ -75.662105, 45.442545 ], [ -75.662105, 45.442545 ], [ -75.662105, 45.442545 ], [ -75.662105, 45.442545 ], [ -75.662105, 45.442545 ], [ -75.662105, 45.442545 ], [ -75.662105, 45.442545 ], [ -75.662105, 45.442545 ], [ -75.662105, 45.442545 ], [ -75.662105, 45.442545 ], [ -75.662105, 45.442545 ], [ -75.662105, 45.442545 ], [ -75.662105, 45.442545 ], [ -75.662105, 45.442545 ], [ -75.662105, 45.442545 ], [ -75.662105, 45.442545 ], [ -75.662105, 45.442545 ], [ -75.662105, 45.442545 ], [ -75.662105, 45.442545 ], [ -75.662105, 45.442545 ], [ -75.662105, 45.442545 ], [ -75.662105, 45.442545 ], [ -75.662105, 45.442545 ], [ -75.662105, 45.442545 ], [ -75.662105, 45.442545 ], [ -75.66213, 45.44256 ], [ -75.6608, 45.44354 ], [ -75.66011, 45.443777 ], [ -75.66042, 45.44399 ], [ -75.66063, 45.4439 ], [ -75.66074, 45.44358 ], [ -75.6608, 45.44354 ], [ -75.66144, 45.44304 ], [ -75.66192, 45.4427 ], [ -75.662105, 45.442575 ], [ -75.662105, 45.442575 ], [ -75.662105, 45.442575 ], [ -75.662105, 45.442575 ], [ -75.662105, 45.442575 ], [ -75.662105, 45.442575 ], [ -75.662105, 45.442575 ], [ -75.662105, 45.442575 ], [ -75.662105, 45.442575 ], [ -75.662105, 45.442575 ], [ -75.662105, 45.442575 ], [ -75.662105, 45.442575 ], [ -75.662105, 45.442575 ], [ -75.662105, 45.442575 ], [ -75.662105, 45.442575 ], [ -75.662105, 45.442575 ], [ -75.662105, 45.442575 ], [ -75.662105, 45.442575 ], [ -75.662105, 45.442575 ], [ -75.662105, 45.442575 ], [ -75.662105, 45.442575 ], [ -75.662105, 45.442575 ], [ -75.662105, 45.442575 ], [ -75.662105, 45.442575 ], [ -75.662105, 45.442575 ], [ -75.662105, 45.442575 ], [ -75.662105, 45.442575 ], [ -75.662105, 45.442575 ], [ -75.662105, 45.442575 ], [ -75.662105, 45.442575 ], [ -75.662105, 45.442575 ], [ -75.662105, 45.442575 ], [ -75.662105, 45.442575 ], [ -75.662105, 45.442575 ], [ -75.662105, 45.442575 ], [ -75.662105, 45.442575 ], [ -75.662105, 45.442575 ], [ -75.662105, 45.442575 ], [ -75.662105, 45.442575 ], [ -75.662105, 45.442575 ], [ -75.662105, 45.442575 ], [ -75.662105, 45.442575 ], [ -75.662105, 45.442575 ], [ -75.662105, 45.442575 ], [ -75.662105, 45.442575 ], [ -75.662105, 45.442575 ], [ -75.662105, 45.442575 ], [ -75.662105, 45.442575 ], [ -75.662105, 45.442575 ], [ -75.662105, 45.442575 ], [ -75.662105, 45.442575 ], [ -75.662105, 45.442575 ], [ -75.662105, 45.442575 ], [ -75.662105, 45.442575 ], [ -75.662105, 45.442575 ], [ -75.662105, 45.442575 ], [ -75.662105, 45.442575 ], [ -75.662105, 45.442575 ], [ -75.662105, 45.442575 ], [ -75.662105, 45.442575 ], [ -75.662105, 45.442575 ], [ -75.662105, 45.442575 ], [ -75.662105, 45.442575 ], [ -75.662105, 45.442575 ], [ -75.662105, 45.442575 ], [ -75.662105, 45.442575 ], [ -75.662105, 45.442575 ], [ -75.662105, 45.442575 ], [ -75.662105, 45.442575 ], [ -75.662105, 45.442575 ], [ -75.662105, 45.442575 ], [ -75.662105, 45.442575 ], [ -75.662105, 45.442575 ], [ -75.662105, 45.442575 ], [ -75.662105, 45.442575 ], [ -75.662105, 45.442575 ], [ -75.662105, 45.442575 ], [ -75.662105, 45.442575 ], [ -75.662105, 45.442575 ], [ -75.662105, 45.442575 ], [ -75.662105, 45.442575 ], [ -75.662105, 45.442575 ], [ -75.662105, 45.442575 ], [ -75.662105, 45.442575 ], [ -75.662105, 45.442575 ], [ -75.662105, 45.442575 ], [ -75.662105, 45.442575 ], [ -75.662105, 45.442575 ], [ -75.662105, 45.442575 ], [ -75.662105, 45.442575 ], [ -75.662105, 45.442575 ], [ -75.662105, 45.442575 ], [ -75.662105, 45.442575 ], [ -75.662105, 45.442575 ], [ -75.662105, 45.442575 ], [ -75.662105, 45.442575 ], [ -75.662105, 45.442575 ], [ -75.662105, 45.442575 ], [ -75.662105, 45.442575 ], [ -75.662105, 45.442575 ], [ -75.662105, 45.442575 ], [ -75.662105, 45.442575 ], [ -75.662105, 45.442575 ], [ -75.662105, 45.442575 ], [ -75.662105, 45.442575 ], [ -75.662105, 45.442575 ], [ -75.662105, 45.442575 ], [ -75.662105, 45.442575 ], [ -75.662105, 45.442575 ], [ -75.662105, 45.442575 ], [ -75.662105, 45.442575 ], [ -75.662105, 45.442575 ], [ -75.662105, 45.442575 ], [ -75.662105, 45.442575 ], [ -75.662105, 45.442575 ], [ -75.662105, 45.442575 ], [ -75.662105, 45.442575 ], [ -75.662105, 45.442575 ], [ -75.662105, 45.442575 ], [ -75.662105, 45.442575 ], [ -75.662105, 45.442575 ], [ -75.662105, 45.442575 ], [ -75.662105, 45.442575 ], [ -75.662105, 45.442575 ], [ -75.662105, 45.442575 ], [ -75.662105, 45.442575 ], [ -75.662105, 45.442575 ], [ -75.662105, 45.442575 ], [ -75.662105, 45.442575 ], [ -75.662105, 45.442575 ], [ -75.662105, 45.442575 ], [ -75.662105, 45.442575 ], [ -75.662105, 45.442575 ], [ -75.662105, 45.442575 ], [ -75.662105, 45.442575 ], [ -75.662105, 45.442575 ], [ -75.662105, 45.442575 ], [ -75.662105, 45.442575 ], [ -75.662105, 45.442575 ], [ -75.662105, 45.442575 ], [ -75.662105, 45.442575 ], [ -75.662105, 45.442575 ], [ -75.662105, 45.442575 ], [ -75.662105, 45.442575 ], [ -75.662105, 45.442575 ], [ -75.662105, 45.442575 ], [ -75.662105, 45.442575 ], [ -75.662105, 45.442575 ], [ -75.662105, 45.442575 ], [ -75.662105, 45.442575 ], [ -75.662105, 45.442575 ], [ -75.662105, 45.442575 ], [ -75.662105, 45.442575 ], [ -75.662105, 45.442575 ], [ -75.662105, 45.442575 ], [ -75.662105, 45.442575 ], [ -75.662105, 45.442575 ], [ -75.662105, 45.442575 ], [ -75.662105, 45.442575 ], [ -75.662105, 45.442575 ], [ -75.662105, 45.442575 ], [ -75.662105, 45.442575 ], [ -75.662105, 45.442575 ], [ -75.662105, 45.442575 ], [ -75.662105, 45.442575 ], [ -75.662105, 45.442575 ], [ -75.662105, 45.442575 ], [ -75.662105, 45.442575 ], [ -75.662105, 45.442575 ], [ -75.662105, 45.442575 ], [ -75.662105, 45.442575 ], [ -75.662105, 45.442575 ], [ -75.662105, 45.442575 ], [ -75.662105, 45.442575 ], [ -75.662105, 45.442575 ], [ -75.662105, 45.442575 ], [ -75.662105, 45.442575 ], [ -75.662105, 45.442575 ], [ -75.662105, 45.442575 ], [ -75.662105, 45.442575 ], [ -75.662105, 45.442575 ], [ -75.662105, 45.442575 ], [ -75.662105, 45.442575 ], [ -75.662105, 45.442575 ], [ -75.662105, 45.442575 ], [ -75.662105, 45.442575 ], [ -75.662105, 45.442575 ], [ -75.662105, 45.442575 ], [ -75.662105, 45.442575 ], [ -75.662105, 45.442575 ], [ -75.662105, 45.442575 ], [ -75.662105, 45.442575 ], [ -75.662105, 45.442575 ], [ -75.662105, 45.442575 ], [ -75.662105, 45.442575 ], [ -75.662105, 45.442575 ], [ -75.662105, 45.442575 ], [ -75.662105, 45.442575 ], [ -75.662105, 45.442575 ], [ -75.662105, 45.442575 ], [ -75.662105, 45.442575 ], [ -75.662105, 45.442575 ], [ -75.662105, 45.442575 ], [ -75.662105, 45.442575 ], [ -75.662105, 45.442575 ], [ -75.662105, 45.442575 ], [ -75.662105, 45.442575 ], [ -75.662105, 45.442575 ], [ -75.662105, 45.442575 ], [ -75.662105, 45.442575 ], [ -75.662105, 45.442575 ], [ -75.662105, 45.442575 ], [ -75.662105, 45.442575 ], [ -75.662105, 45.442575 ], [ -75.662105, 45.442575 ], [ -75.662105, 45.442575 ], [ -75.662105, 45.442575 ], [ -75.662105, 45.442575 ], [ -75.662105, 45.442575 ], [ -75.662105, 45.442575 ], [ -75.662105, 45.442575 ], [ -75.662105, 45.442575 ], [ -75.662105, 45.442575 ], [ -75.662105, 45.442575 ], [ -75.662105, 45.442575 ], [ -75.662105, 45.442575 ], [ -75.662105, 45.442575 ], [ -75.662105, 45.442575 ], [ -75.662105, 45.442575 ], [ -75.662105, 45.442575 ], [ -75.662105, 45.442575 ], [ -75.662105, 45.442575 ], [ -75.662105, 45.442575 ], [ -75.662105, 45.442575 ], [ -75.662105, 45.442575 ], [ -75.662105, 45.442575 ], [ -75.662105, 45.442575 ], [ -75.662105, 45.442575 ], [ -75.662105, 45.442575 ], [ -75.662105, 45.442575 ], [ -75.662105, 45.442575 ], [ -75.662105, 45.442575 ], [ -75.662105, 45.442575 ], [ -75.662105, 45.442575 ], [ -75.662105, 45.442575 ], [ -75.662105, 45.442575 ], [ -75.662105, 45.442575 ], [ -75.662105, 45.442575 ], [ -75.662105, 45.442575 ], [ -75.662105, 45.442575 ], [ -75.662105, 45.442575 ], [ -75.662105, 45.442575 ], [ -75.662105, 45.442575 ], [ -75.662105, 45.442575 ], [ -75.662105, 45.442575 ], [ -75.662105, 45.442575 ], [ -75.662105, 45.442575 ], [ -75.662105, 45.442575 ], [ -75.662105, 45.442575 ], [ -75.662105, 45.442575 ], [ -75.662105, 45.442575 ], [ -75.662105, 45.442575 ], [ -75.662105, 45.442575 ], [ -75.662105, 45.442575 ], [ -75.662105, 45.442575 ], [ -75.662105, 45.442575 ], [ -75.662105, 45.442575 ], [ -75.662105, 45.442575 ], [ -75.662105, 45.442575 ], [ -75.662105, 45.442575 ], [ -75.662105, 45.442575 ], [ -75.662105, 45.442575 ], [ -75.662105, 45.442575 ], [ -75.662105, 45.442575 ], [ -75.662105, 45.442575 ], [ -75.662105, 45.442575 ], [ -75.662105, 45.442575 ], [ -75.662105, 45.442575 ], [ -75.662105, 45.442575 ], [ -75.662105, 45.442575 ], [ -75.662105, 45.442575 ], [ -75.662105, 45.442575 ], [ -75.662105, 45.442575 ], [ -75.662105, 45.442575 ], [ -75.662105, 45.442575 ], [ -75.662105, 45.442575 ], [ -75.662105, 45.442575 ], [ -75.662105, 45.442575 ], [ -75.662105, 45.442575 ], [ -75.662105, 45.442575 ], [ -75.662105, 45.442575 ], [ -75.662105, 45.442575 ], [ -75.662105, 45.442575 ], [ -75.662105, 45.442575 ], [ -75.662105, 45.442575 ], [ -75.662105, 45.442575 ], [ -75.662105, 45.442575 ], [ -75.662105, 45.442575 ], [ -75.662105, 45.442575 ], [ -75.662105, 45.442575 ], [ -75.662105, 45.442575 ], [ -75.662105, 45.442575 ], [ -75.662105, 45.442575 ], [ -75.662105, 45.442575 ], [ -75.662105, 45.442575 ], [ -75.662105, 45.442575 ], [ -75.662105, 45.442575 ], [ -75.662105, 45.442575 ], [ -75.662105, 45.442575 ], [ -75.662105, 45.442575 ], [ -75.662105, 45.442575 ], [ -75.662105, 45.442575 ], [ -75.662105, 45.442575 ], [ -75.662105, 45.442575 ], [ -75.662105, 45.442575 ], [ -75.662105, 45.442575 ], [ -75.662105, 45.442575 ], [ -75.662105, 45.442575 ], [ -75.662105, 45.442575 ], [ -75.662105, 45.442575 ], [ -75.662105, 45.442575 ], [ -75.662105, 45.442575 ], [ -75.662105, 45.442575 ], [ -75.662105, 45.442575 ], [ -75.662105, 45.442575 ], [ -75.662105, 45.442575 ], [ -75.662105, 45.442575 ], [ -75.662105, 45.442575 ], [ -75.662105, 45.442575 ], [ -75.662105, 45.442575 ], [ -75.662105, 45.442575 ], [ -75.662105, 45.442575 ], [ -75.662105, 45.442575 ], [ -75.662105, 45.442575 ], [ -75.662105, 45.442575 ], [ -75.662105, 45.442575 ], [ -75.662105, 45.442575 ], [ -75.662105, 45.442575 ], [ -75.662105, 45.442575 ], [ -75.662105, 45.442575 ], [ -75.662105, 45.442575 ], [ -75.662105, 45.442575 ], [ -75.662105, 45.442575 ], [ -75.662105, 45.442575 ], [ -75.662105, 45.442575 ], [ -75.662105, 45.442575 ], [ -75.662105, 45.442575 ], [ -75.662105, 45.442575 ], [ -75.662105, 45.442575 ], [ -75.662105, 45.442575 ], [ -75.662105, 45.442575 ], [ -75.662105, 45.442575 ], [ -75.662105, 45.442575 ], [ -75.662105, 45.442575 ], [ -75.662105, 45.442575 ], [ -75.662105, 45.442575 ], [ -75.662105, 45.442575 ], [ -75.662105, 45.442575 ], [ -75.662105, 45.442575 ], [ -75.662105, 45.442575 ], [ -75.662105, 45.442575 ], [ -75.662105, 45.442575 ], [ -75.662105, 45.442575 ], [ -75.662105, 45.442575 ], [ -75.662105, 45.442575 ], [ -75.662105, 45.442575 ], [ -75.662105, 45.442575 ], [ -75.662105, 45.442575 ], [ -75.662105, 45.442575 ], [ -75.662105, 45.442575 ], [ -75.662105, 45.442575 ], [ -75.662105, 45.442575 ], [ -75.662105, 45.442575 ], [ -75.662105, 45.442575 ], [ -75.662105, 45.442575 ], [ -75.662105, 45.442575 ], [ -75.662105, 45.442575 ], [ -75.662105, 45.442575 ], [ -75.662105, 45.442575 ], [ -75.662105, 45.442575 ], [ -75.662105, 45.442575 ], [ -75.662105, 45.442575 ], [ -75.662105, 45.442575 ], [ -75.662105, 45.442575 ], [ -75.662105, 45.442575 ], [ -75.662105, 45.442575 ], [ -75.662105, 45.442575 ], [ -75.662105, 45.442575 ], [ -75.662105, 45.442575 ], [ -75.662105, 45.442575 ], [ -75.662105, 45.442575 ], [ -75.662105, 45.442575 ], [ -75.662105, 45.442575 ], [ -75.662105, 45.442575 ], [ -75.662105, 45.442575 ], [ -75.662105, 45.442575 ], [ -75.662105, 45.442575 ], [ -75.662105, 45.442575 ], [ -75.662105, 45.442575 ], [ -75.662105, 45.442575 ], [ -75.662105, 45.442575 ], [ -75.662105, 45.442575 ], [ -75.662105, 45.442575 ], [ -75.662105, 45.442575 ], [ -75.662105, 45.442575 ], [ -75.662105, 45.442575 ], [ -75.662105, 45.442575 ], [ -75.662105, 45.442575 ], [ -75.662105, 45.442575 ], [ -75.662105, 45.442575 ], [ -75.662105, 45.442575 ], [ -75.662105, 45.442575 ], [ -75.662105, 45.442575 ], [ -75.662105, 45.442575 ], [ -75.662105, 45.442575 ], [ -75.662105, 45.442575 ], [ -75.662105, 45.442575 ], [ -75.662105, 45.442575 ], [ -75.662105, 45.442575 ], [ -75.662105, 45.442575 ], [ -75.662105, 45.442575 ], [ -75.662105, 45.442575 ], [ -75.662105, 45.442575 ], [ -75.662105, 45.442575 ], [ -75.662105, 45.442575 ], [ -75.662105, 45.442575 ], [ -75.662105, 45.442575 ], [ -75.662105, 45.442575 ], [ -75.662105, 45.442575 ], [ -75.662105, 45.442575 ], [ -75.662105, 45.442575 ], [ -75.662105, 45.442575 ], [ -75.662105, 45.442575 ], [ -75.662105, 45.442575 ], [ -75.662105, 45.442575 ], [ -75.662105, 45.442575 ], [ -75.662105, 45.442575 ], [ -75.662105, 45.442575 ], [ -75.662105, 45.442575 ], [ -75.662105, 45.442575 ], [ -75.662105, 45.442575 ], [ -75.662105, 45.442575 ], [ -75.662105, 45.442575 ], [ -75.662105, 45.442575 ], [ -75.662105, 45.442575 ], [ -75.662105, 45.442575 ], [ -75.662105, 45.442575 ], [ -75.662105, 45.442575 ], [ -75.662105, 45.442575 ], [ -75.662105, 45.442575 ], [ -75.662105, 45.442575 ], [ -75.662105, 45.442575 ], [ -75.662105, 45.442575 ], [ -75.662105, 45.442575 ], [ -75.662105, 45.442575 ], [ -75.662105, 45.442575 ], [ -75.662105, 45.442575 ], [ -75.662105, 45.442575 ], [ -75.662105, 45.442575 ], [ -75.662105, 45.442575 ], [ -75.662105, 45.442575 ], [ -75.662105, 45.442575 ], [ -75.662105, 45.442575 ], [ -75.662105, 45.442575 ], [ -75.662105, 45.442575 ], [ -75.662105, 45.442575 ], [ -75.662105, 45.442575 ], [ -75.662105, 45.442575 ], [ -75.662105, 45.442575 ], [ -75.662105, 45.442575 ], [ -75.662105, 45.442575 ], [ -75.662105, 45.442575 ], [ -75.662105, 45.442575 ], [ -75.662105, 45.442575 ], [ -75.662105, 45.442575 ], [ -75.662105, 45.442575 ], [ -75.662105, 45.442575 ], [ -75.662105, 45.442575 ], [ -75.662105, 45.442575 ], [ -75.662105, 45.442575 ], [ -75.662105, 45.442575 ], [ -75.662105, 45.442575 ], [ -75.662105, 45.442575 ], [ -75.662105, 45.442575 ], [ -75.662105, 45.442575 ], [ -75.662105, 45.442575 ], [ -75.662105, 45.442575 ], [ -75.662105, 45.442575 ], [ -75.662105, 45.442575 ], [ -75.662105, 45.442575 ], [ -75.662105, 45.442575 ], [ -75.662105, 45.442575 ], [ -75.662105, 45.442575 ], [ -75.662105, 45.442575 ], [ -75.662105, 45.442575 ], [ -75.662105, 45.442575 ], [ -75.662105, 45.442575 ], [ -75.662105, 45.442575 ], [ -75.662105, 45.442575 ], [ -75.662105, 45.442575 ], [ -75.662105, 45.442575 ], [ -75.662105, 45.442575 ], [ -75.662105, 45.442575 ], [ -75.662105, 45.442575 ], [ -75.662105, 45.442575 ], [ -75.662105, 45.442575 ], [ -75.662105, 45.442575 ], [ -75.662105, 45.442575 ], [ -75.662105, 45.442575 ], [ -75.662105, 45.442575 ], [ -75.662105, 45.442575 ], [ -75.662105, 45.442575 ], [ -75.662105, 45.442575 ], [ -75.662105, 45.442575 ], [ -75.662105, 45.442575 ], [ -75.662105, 45.442575 ], [ -75.662105, 45.442575 ], [ -75.662105, 45.442575 ], [ -75.662105, 45.442575 ], [ -75.662105, 45.442575 ], [ -75.662105, 45.442575 ], [ -75.662105, 45.442575 ], [ -75.662105, 45.442575 ], [ -75.662105, 45.442575 ], [ -75.662105, 45.442575 ], [ -75.662105, 45.442575 ], [ -75.662105, 45.442575 ], [ -75.662105, 45.442575 ], [ -75.662105, 45.442575 ], [ -75.662105, 45.442575 ], [ -75.662105, 45.442575 ], [ -75.662105, 45.442575 ], [ -75.662105, 45.442575 ], [ -75.662105, 45.442575 ], [ -75.662105, 45.442575 ], [ -75.662105, 45.442575 ], [ -75.662105, 45.442575 ], [ -75.662105, 45.442575 ], [ -75.662105, 45.442575 ], [ -75.662105, 45.442575 ], [ -75.662105, 45.442575 ], [ -75.662105, 45.442575 ], [ -75.662105, 45.442575 ], [ -75.662105, 45.442575 ], [ -75.662105, 45.442575 ], [ -75.662105, 45.442575 ], [ -75.662105, 45.442575 ], [ -75.662105, 45.442575 ], [ -75.662105, 45.442575 ], [ -75.662105, 45.442575 ], [ -75.662105, 45.442575 ], [ -75.662105, 45.442575 ], [ -75.662105, 45.442575 ], [ -75.662105, 45.442575 ], [ -75.662105, 45.442575 ], [ -75.662105, 45.442575 ], [ -75.662105, 45.442575 ], [ -75.662105, 45.442575 ], [ -75.662105, 45.442575 ], [ -75.662105, 45.442575 ], [ -75.662105, 45.442575 ], [ -75.662105, 45.442575 ], [ -75.662105, 45.442575 ], [ -75.662105, 45.442575 ], [ -75.662105, 45.442575 ], [ -75.662105, 45.442575 ], [ -75.662105, 45.442575 ], [ -75.662105, 45.442575 ], [ -75.662105, 45.442575 ], [ -75.662105, 45.442575 ], [ -75.662105, 45.442575 ], [ -75.662105, 45.442575 ], [ -75.662105, 45.442575 ], [ -75.662105, 45.442575 ], [ -75.662105, 45.442575 ], [ -75.662105, 45.442575 ], [ -75.662105, 45.442575 ], [ -75.662105, 45.442575 ], [ -75.662105, 45.442575 ], [ -75.662105, 45.442575 ], [ -75.662105, 45.442575 ], [ -75.662105, 45.442575 ], [ -75.662105, 45.442575 ], [ -75.662105, 45.442575 ], [ -75.662105, 45.442575 ], [ -75.662105, 45.442575 ], [ -75.662105, 45.442575 ], [ -75.662105, 45.442575 ], [ -75.662105, 45.442575 ], [ -75.662105, 45.442575 ], [ -75.662105, 45.442575 ], [ -75.662105, 45.442575 ], [ -75.662105, 45.442575 ], [ -75.662105, 45.442575 ], [ -75.662105, 45.442575 ], [ -75.662105, 45.442575 ], [ -75.662105, 45.442575 ], [ -75.662105, 45.442575 ], [ -75.662105, 45.442575 ], [ -75.662105, 45.442575 ], [ -75.662105, 45.442575 ], [ -75.662105, 45.442575 ], [ -75.662105, 45.442575 ], [ -75.662105, 45.442575 ], [ -75.662105, 45.442575 ], [ -75.662105, 45.442575 ], [ -75.662105, 45.442575 ], [ -75.662105, 45.442575 ], [ -75.662105, 45.442575 ], [ -75.662105, 45.442575 ], [ -75.662105, 45.442575 ], [ -75.662105, 45.442575 ], [ -75.662105, 45.442575 ], [ -75.662105, 45.442575 ], [ -75.662105, 45.442575 ], [ -75.662105, 45.442575 ], [ -75.662105, 45.442575 ], [ -75.662105, 45.442575 ], [ -75.662105, 45.442575 ], [ -75.662105, 45.442575 ], [ -75.662105, 45.442575 ], [ -75.662105, 45.442575 ], [ -75.662105, 45.442575 ], [ -75.662105, 45.442575 ], [ -75.662105, 45.442575 ], [ -75.662105, 45.442575 ], [ -75.662105, 45.442575 ], [ -75.662105, 45.442575 ], [ -75.662105, 45.442575 ], [ -75.662105, 45.442575 ], [ -75.662105, 45.442575 ], [ -75.662105, 45.442575 ], [ -75.662105, 45.442575 ], [ -75.662105, 45.442575 ], [ -75.662105, 45.442575 ], [ -75.662105, 45.442575 ], [ -75.662105, 45.442575 ], [ -75.662105, 45.442575 ], [ -75.662105, 45.442575 ], [ -75.662105, 45.442575 ], [ -75.662105, 45.442575 ], [ -75.662105, 45.442575 ], [ -75.662105, 45.442575 ], [ -75.662105, 45.442575 ], [ -75.662105, 45.442575 ], [ -75.662105, 45.442575 ], [ -75.662105, 45.442575 ], [ -75.662105, 45.442575 ], [ -75.662105, 45.442575 ], [ -75.662105, 45.442575 ], [ -75.662105, 45.442575 ], [ -75.662105, 45.442575 ], [ -75.662105, 45.442575 ], [ -75.662105, 45.442575 ], [ -75.662105, 45.442575 ], [ -75.662105, 45.442575 ], [ -75.662105, 45.442575 ], [ -75.662105, 45.442575 ], [ -75.662105, 45.442575 ], [ -75.662105, 45.442575 ], [ -75.662105, 45.442575 ], [ -75.662105, 45.442575 ], [ -75.662105, 45.442575 ], [ -75.662105, 45.442575 ], [ -75.662105, 45.442575 ], [ -75.662105, 45.442575 ], [ -75.662105, 45.442575 ], [ -75.662105, 45.442575 ], [ -75.662105, 45.442575 ], [ -75.662105, 45.442575 ], [ -75.662105, 45.442575 ], [ -75.662105, 45.442575 ], [ -75.662105, 45.442575 ], [ -75.662105, 45.442575 ], [ -75.662105, 45.442575 ], [ -75.662105, 45.442575 ], [ -75.662105, 45.442575 ], [ -75.662105, 45.442575 ], [ -75.662105, 45.442575 ], [ -75.662105, 45.442575 ], [ -75.662105, 45.442575 ], [ -75.662105, 45.442575 ], [ -75.662105, 45.442575 ], [ -75.662105, 45.442575 ], [ -75.662105, 45.442575 ], [ -75.662105, 45.442575 ], [ -75.662105, 45.442575 ], [ -75.662105, 45.442575 ], [ -75.662105, 45.442575 ], [ -75.662105, 45.442575 ], [ -75.662105, 45.442575 ], [ -75.662105, 45.442575 ], [ -75.662105, 45.442575 ], [ -75.662105, 45.442575 ], [ -75.662105, 45.442575 ], [ -75.662105, 45.442575 ], [ -75.662105, 45.442575 ], [ -75.662105, 45.442575 ], [ -75.662105, 45.442575 ], [ -75.662105, 45.442575 ], [ -75.662105, 45.442575 ], [ -75.662105, 45.442575 ], [ -75.662105, 45.442575 ], [ -75.662105, 45.442575 ], [ -75.662105, 45.442575 ], [ -75.662105, 45.442575 ], [ -75.662105, 45.442575 ], [ -75.662105, 45.442575 ], [ -75.662105, 45.442575 ], [ -75.662105, 45.442575 ], [ -75.662105, 45.442575 ], [ -75.662105, 45.442575 ], [ -75.662105, 45.442575 ], [ -75.662105, 45.442575 ], [ -75.662105, 45.442575 ], [ -75.662105, 45.442575 ], [ -75.662105, 45.442575 ], [ -75.662105, 45.442575 ], [ -75.662105, 45.442575 ], [ -75.662105, 45.442575 ], [ -75.662105, 45.442575 ], [ -75.662105, 45.442575 ], [ -75.662105, 45.442575 ], [ -75.662105, 45.442575 ], [ -75.662105, 45.442575 ], [ -75.662105, 45.442575 ], [ -75.662105, 45.442575 ], [ -75.662105, 45.442575 ], [ -75.662105, 45.442575 ], [ -75.662105, 45.442575 ], [ -75.662105, 45.442575 ], [ -75.662105, 45.442575 ], [ -75.662105, 45.442575 ], [ -75.662105, 45.442575 ], [ -75.662105, 45.442575 ], [ -75.662105, 45.442575 ], [ -75.662105, 45.442575 ], [ -75.662105, 45.442575 ], [ -75.662105, 45.442575 ], [ -75.662105, 45.442575 ], [ -75.662105, 45.442575 ], [ -75.662105, 45.442575 ], [ -75.662105, 45.442575 ], [ -75.662105, 45.442575 ], [ -75.662105, 45.442575 ], [ -75.662105, 45.442575 ], [ -75.662105, 45.442575 ], [ -75.662105, 45.442575 ], [ -75.662105, 45.442575 ], [ -75.662105, 45.442575 ], [ -75.662105, 45.442575 ], [ -75.662105, 45.442575 ], [ -75.662105, 45.442575 ], [ -75.662105, 45.442575 ], [ -75.662105, 45.442575 ], [ -75.662105, 45.442575 ], [ -75.662105, 45.442575 ], [ -75.662105, 45.442575 ], [ -75.662105, 45.442575 ], [ -75.662105, 45.442575 ], [ -75.662105, 45.442575 ], [ -75.662105, 45.442575 ], [ -75.662105, 45.442575 ], [ -75.662105, 45.442575 ], [ -75.662105, 45.442575 ], [ -75.662105, 45.442575 ], [ -75.662105, 45.442575 ], [ -75.662105, 45.442575 ], [ -75.662105, 45.442575 ], [ -75.662105, 45.442575 ], [ -75.662105, 45.442575 ], [ -75.662105, 45.442575 ], [ -75.662105, 45.442575 ], [ -75.662105, 45.442575 ], [ -75.662105, 45.442575 ], [ -75.662105, 45.442575 ], [ -75.662105, 45.442575 ], [ -75.662105, 45.442575 ], [ -75.662105, 45.442575 ], [ -75.662105, 45.442575 ], [ -75.662105, 45.442575 ], [ -75.662105, 45.442575 ], [ -75.662105, 45.442575 ], [ -75.662105, 45.442575 ], [ -75.662105, 45.442575 ], [ -75.662105, 45.442575 ], [ -75.662105, 45.442575 ], [ -75.662105, 45.442575 ], [ -75.662105, 45.442575 ], [ -75.662105, 45.442575 ], [ -75.662105, 45.442575 ], [ -75.662105, 45.442575 ], [ -75.662105, 45.442575 ], [ -75.662105, 45.442575 ], [ -75.662105, 45.442575 ], [ -75.662105, 45.442575 ], [ -75.662105, 45.442575 ], [ -75.662105, 45.442575 ], [ -75.662105, 45.442575 ], [ -75.662105, 45.442575 ], [ -75.662105, 45.442575 ], [ -75.662105, 45.442575 ], [ -75.662105, 45.442575 ], [ -75.662105, 45.442575 ], [ -75.662105, 45.442575 ], [ -75.662105, 45.442575 ], [ -75.662105, 45.442575 ], [ -75.662105, 45.442575 ], [ -75.662105, 45.442575 ], [ -75.662105, 45.442575 ], [ -75.662105, 45.442575 ], [ -75.662105, 45.442575 ], [ -75.662105, 45.442575 ], [ -75.662105, 45.442575 ], [ -75.662105, 45.442575 ], [ -75.662105, 45.442575 ], [ -75.662105, 45.442575 ], [ -75.662105, 45.442575 ], [ -75.662105, 45.442575 ], [ -75.662105, 45.442575 ], [ -75.662105, 45.442575 ], [ -75.662105, 45.442575 ], [ -75.662105, 45.442575 ], [ -75.662105, 45.442575 ], [ -75.662105, 45.442575 ], [ -75.662105, 45.442575 ], [ -75.662105, 45.442575 ], [ -75.662105, 45.442575 ], [ -75.662105, 45.442575 ], [ -75.662105, 45.442575 ], [ -75.662105, 45.442575 ], [ -75.662105, 45.442575 ], [ -75.662105, 45.442575 ], [ -75.662105, 45.442575 ], [ -75.662105, 45.442575 ], [ -75.662105, 45.442575 ], [ -75.662105, 45.442575 ], [ -75.662105, 45.442575 ], [ -75.662105, 45.442575 ], [ -75.662105, 45.442575 ], [ -75.662105, 45.442575 ], [ -75.662105, 45.442575 ], [ -75.662105, 45.442575 ], [ -75.662105, 45.442575 ], [ -75.662105, 45.442575 ], [ -75.662105, 45.442575 ], [ -75.662105, 45.442575 ], [ -75.662105, 45.442575 ], [ -75.662105, 45.442575 ], [ -75.662105, 45.442575 ], [ -75.662105, 45.442575 ], [ -75.662105, 45.442575 ], [ -75.662105, 45.442575 ], [ -75.662105, 45.442575 ], [ -75.662105, 45.442575 ], [ -75.662105, 45.442575 ], [ -75.662105, 45.442575 ], [ -75.662105, 45.442575 ], [ -75.662105, 45.442575 ], [ -75.662105, 45.442575 ], [ -75.662105, 45.442575 ], [ -75.662105, 45.442575 ], [ -75.662105, 45.442575 ], [ -75.662105, 45.442575 ], [ -75.662105, 45.442575 ], [ -75.662105, 45.442575 ], [ -75.662105, 45.442575 ], [ -75.662105, 45.442575 ], [ -75.662105, 45.442575 ], [ -75.662105, 45.442575 ], [ -75.662105, 45.442575 ], [ -75.662105, 45.442575 ], [ -75.662105, 45.442575 ], [ -75.662105, 45.442575 ], [ -75.662105, 45.442575 ], [ -75.662105, 45.442575 ], [ -75.662105, 45.442575 ], [ -75.662105, 45.442575 ], [ -75.662105, 45.442575 ], [ -75.662105, 45.442575 ], [ -75.662105, 45.442575 ], [ -75.662105, 45.442575 ], [ -75.662105, 45.442575 ], [ -75.66229, 45.44245 ], [ -75.66248, 45.44232 ], [ -75.662518, 45.442347 ], [ -75.66575, 45.43992 ], [ -75.664425, 45.439383 ], [ -75.66363, 45.43925 ], [ -75.66326, 45.43873 ], [ -75.65655, 45.43922 ], [ -75.65648, 45.4388 ], [ -75.65604, 45.43805 ], [ -75.64676, 45.44107 ], [ -75.64951, 45.44578 ], [ -75.64837, 45.44602 ], [ -75.64647, 45.44615 ], [ -75.64414, 45.44588 ], [ -75.6421, 45.44268 ], [ -75.641227, 45.442878 ], [ -75.64128, 45.44295 ], [ -75.63987, 45.44342 ], [ -75.63958, 45.44344 ], [ -75.63744, 45.44413 ], [ -75.63839, 45.44564 ], [ -75.63801, 45.44595 ], [ -75.63803, 45.44615 ], [ -75.63845, 45.44599 ], [ -75.63839, 45.44564 ], [ -75.63753, 45.44426 ], [ -75.63879, 45.44386 ], [ -75.63976, 45.44345 ], [ -75.63987, 45.44342 ], [ -75.64092, 45.44307 ], [ -75.63292, 45.42835 ], [ -75.63452, 45.42835 ], [ -75.63785, 45.4291 ], [ -75.64006, 45.42897 ], [ -75.63635, 45.42233 ], [ -75.63649, 45.422335 ], [ -75.63635, 45.42233 ], [ -75.6359, 45.42117 ], [ -75.63593, 45.4208 ], [ -75.63615, 45.42061 ], [ -75.637431, 45.420515 ] ] } },
{ "type": "Feature", "properties": { "route_id": "24", "route_long_name": "Beacon Hill - St-Laurent" }, "geometry": { "type": "LineString", "coordinates": [ [ -75.59646, 45.451223 ], [ -75.59598, 45.45007 ], [ -75.59512, 45.44899 ], [ -75.59398, 45.44686 ], [ -75.59383, 45.44606 ], [ -75.59427, 45.44534 ], [ -75.59713, 45.44318 ], [ -75.597413, 45.44264 ], [ -75.59734, 45.44097 ], [ -75.59776, 45.44019 ], [ -75.59864, 45.43955 ], [ -75.61323, 45.43366 ], [ -75.61196, 45.43174 ], [ -75.61194, 45.43144 ], [ -75.61214, 45.43118 ], [ -75.61109, 45.4308 ], [ -75.610211, 45.430835 ], [ -75.609605, 45.430505 ], [ -75.608977, 45.430942 ] ] } },
{ "type": "Feature", "properties": { "route_id": "24", "route_long_name": "Beacon Hill - St-Laurent" }, "geometry": { "type": "LineString", "coordinates": [ [ -75.636505, 45.42074 ], [ -75.636215, 45.420702 ], [ -75.638361, 45.420397 ], [ -75.639053, 45.420488 ], [ -75.637631, 45.420907 ], [ -75.634815, 45.420983 ], [ -75.634461, 45.421242 ], [ -75.6346, 45.421596 ], [ -75.634906, 45.421626 ], [ -75.635502, 45.421299 ], [ -75.636951, 45.423973 ], [ -75.636677, 45.42429 ], [ -75.635784, 45.424495 ], [ -75.63103, 45.4263 ], [ -75.613159, 45.43348 ], [ -75.612743, 45.432905 ], [ -75.612444, 45.432473 ], [ -75.612444, 45.432473 ], [ -75.612444, 45.432473 ], [ -75.612444, 45.432473 ], [ -75.612444, 45.432473 ], [ -75.612444, 45.432473 ], [ -75.612444, 45.432473 ], [ -75.612444, 45.432473 ], [ -75.612444, 45.432473 ], [ -75.612444, 45.432473 ], [ -75.612444, 45.432473 ], [ -75.612444, 45.432473 ], [ -75.612444, 45.432473 ], [ -75.612444, 45.432473 ], [ -75.612444, 45.432473 ], [ -75.612444, 45.432473 ], [ -75.612444, 45.432473 ], [ -75.612444, 45.432473 ], [ -75.612444, 45.432473 ], [ -75.612444, 45.432473 ], [ -75.612444, 45.432473 ], [ -75.612444, 45.432473 ], [ -75.612444, 45.432473 ], [ -75.612444, 45.432473 ], [ -75.612444, 45.432473 ], [ -75.612444, 45.432473 ], [ -75.612444, 45.432473 ], [ -75.612444, 45.432473 ], [ -75.612444, 45.432473 ], [ -75.612444, 45.432473 ], [ -75.612444, 45.432473 ], [ -75.612444, 45.432473 ], [ -75.612444, 45.432473 ], [ -75.612444, 45.432473 ], [ -75.612444, 45.432473 ], [ -75.612444, 45.432473 ], [ -75.612444, 45.432473 ], [ -75.612444, 45.432473 ], [ -75.612444, 45.432473 ], [ -75.612444, 45.432473 ], [ -75.612444, 45.432473 ], [ -75.612444, 45.432473 ], [ -75.612444, 45.432473 ], [ -75.612444, 45.432473 ], [ -75.612444, 45.432473 ], [ -75.612444, 45.432473 ], [ -75.612444, 45.432473 ], [ -75.612444, 45.432473 ], [ -75.612444, 45.432473 ], [ -75.612444, 45.432473 ], [ -75.612444, 45.432473 ], [ -75.612444, 45.432473 ], [ -75.612444, 45.432473 ], [ -75.612444, 45.432473 ], [ -75.612444, 45.432473 ], [ -75.612444, 45.432473 ], [ -75.612444, 45.432473 ], [ -75.612444, 45.432473 ], [ -75.612444, 45.432473 ], [ -75.612444, 45.432473 ], [ -75.612444, 45.432473 ], [ -75.612444, 45.432473 ], [ -75.612444, 45.432473 ], [ -75.612444, 45.432473 ], [ -75.612444, 45.432473 ], [ -75.612444, 45.432473 ], [ -75.612444, 45.432473 ], [ -75.612444, 45.432473 ], [ -75.612444, 45.432473 ], [ -75.612444, 45.432473 ], [ -75.612444, 45.432473 ], [ -75.612444, 45.432473 ], [ -75.612444, 45.432473 ], [ -75.612444, 45.432473 ], [ -75.612444, 45.432473 ], [ -75.612444, 45.432473 ], [ -75.612444, 45.432473 ], [ -75.612444, 45.432473 ], [ -75.612444, 45.432473 ], [ -75.612444, 45.432473 ], [ -75.612444, 45.432473 ], [ -75.612444, 45.432473 ], [ -75.612444, 45.432473 ], [ -75.612444, 45.432473 ], [ -75.612444, 45.432473 ], [ -75.612444, 45.432473 ], [ -75.612444, 45.432473 ], [ -75.612444, 45.432473 ], [ -75.612444, 45.432473 ], [ -75.612444, 45.432473 ], [ -75.612444, 45.432473 ], [ -75.612444, 45.432473 ], [ -75.612444, 45.432473 ], [ -75.612444, 45.432473 ], [ -75.612444, 45.432473 ], [ -75.612444, 45.432473 ], [ -75.612444, 45.432473 ], [ -75.612444, 45.432473 ], [ -75.612444, 45.432473 ], [ -75.612444, 45.432473 ], [ -75.612444, 45.432473 ], [ -75.612444, 45.432473 ], [ -75.612444, 45.432473 ], [ -75.612444, 45.432473 ], [ -75.612444, 45.432473 ], [ -75.612444, 45.432473 ], [ -75.612444, 45.432473 ], [ -75.612444, 45.432473 ], [ -75.612444, 45.432473 ], [ -75.612444, 45.432473 ], [ -75.612444, 45.432473 ], [ -75.612444, 45.432473 ], [ -75.612444, 45.432473 ], [ -75.612444, 45.432473 ], [ -75.612444, 45.432473 ], [ -75.612444, 45.432473 ], [ -75.612444, 45.432473 ], [ -75.612444, 45.432473 ], [ -75.612444, 45.432473 ], [ -75.612444, 45.432473 ], [ -75.612444, 45.432473 ], [ -75.612444, 45.432473 ], [ -75.612444, 45.432473 ], [ -75.612444, 45.432473 ], [ -75.612444, 45.432473 ], [ -75.612444, 45.432473 ], [ -75.612444, 45.432473 ], [ -75.612444, 45.432473 ], [ -75.612444, 45.432473 ], [ -75.612444, 45.432473 ], [ -75.612444, 45.432473 ], [ -75.612444, 45.432473 ], [ -75.612444, 45.432473 ], [ -75.612444, 45.432473 ], [ -75.612444, 45.432473 ], [ -75.612444, 45.432473 ], [ -75.612444, 45.432473 ], [ -75.612444, 45.432473 ], [ -75.612444, 45.432473 ], [ -75.612444, 45.432473 ], [ -75.612444, 45.432473 ], [ -75.612444, 45.432473 ], [ -75.612444, 45.432473 ], [ -75.612444, 45.432473 ], [ -75.612444, 45.432473 ], [ -75.612444, 45.432473 ], [ -75.612444, 45.432473 ], [ -75.612444, 45.432473 ], [ -75.612444, 45.432473 ], [ -75.612444, 45.432473 ], [ -75.612444, 45.432473 ], [ -75.612444, 45.432473 ], [ -75.612444, 45.432473 ], [ -75.612444, 45.432473 ], [ -75.612444, 45.432473 ], [ -75.612444, 45.432473 ], [ -75.612444, 45.432473 ], [ -75.612444, 45.432473 ], [ -75.612444, 45.432473 ], [ -75.612444, 45.432473 ], [ -75.612444, 45.432473 ], [ -75.612444, 45.432473 ], [ -75.612444, 45.432473 ], [ -75.612444, 45.432473 ], [ -75.612444, 45.432473 ], [ -75.612444, 45.432473 ], [ -75.612444, 45.432473 ], [ -75.612444, 45.432473 ], [ -75.612444, 45.432473 ], [ -75.612444, 45.432473 ], [ -75.612444, 45.432473 ], [ -75.612444, 45.432473 ], [ -75.612444, 45.432473 ], [ -75.612444, 45.432473 ], [ -75.612444, 45.432473 ], [ -75.612444, 45.432473 ], [ -75.612444, 45.432473 ], [ -75.612444, 45.432473 ], [ -75.612444, 45.432473 ], [ -75.612444, 45.432473 ], [ -75.612444, 45.432473 ], [ -75.612444, 45.432473 ], [ -75.612444, 45.432473 ], [ -75.612444, 45.432473 ], [ -75.612444, 45.432473 ], [ -75.612444, 45.432473 ], [ -75.612444, 45.432473 ], [ -75.612444, 45.432473 ], [ -75.612444, 45.432473 ], [ -75.612444, 45.432473 ], [ -75.612444, 45.432473 ], [ -75.612444, 45.432473 ], [ -75.612444, 45.432473 ], [ -75.612444, 45.432473 ], [ -75.612444, 45.432473 ], [ -75.612444, 45.432473 ], [ -75.612444, 45.432473 ], [ -75.612444, 45.432473 ], [ -75.612444, 45.432473 ], [ -75.612444, 45.432473 ], [ -75.612444, 45.432473 ], [ -75.612444, 45.432473 ], [ -75.612444, 45.432473 ], [ -75.612444, 45.432473 ], [ -75.612444, 45.432473 ], [ -75.612444, 45.432473 ], [ -75.612444, 45.432473 ], [ -75.612444, 45.432473 ], [ -75.612444, 45.432473 ], [ -75.612444, 45.432473 ], [ -75.612444, 45.432473 ], [ -75.612444, 45.432473 ], [ -75.612444, 45.432473 ], [ -75.612444, 45.432473 ], [ -75.612444, 45.432473 ], [ -75.612444, 45.432473 ], [ -75.612444, 45.432473 ], [ -75.612444, 45.432473 ], [ -75.612444, 45.432473 ], [ -75.612444, 45.432473 ], [ -75.612444, 45.432473 ], [ -75.612444, 45.432473 ], [ -75.612444, 45.432473 ], [ -75.612444, 45.432473 ], [ -75.612444, 45.432473 ], [ -75.612444, 45.432473 ], [ -75.612444, 45.432473 ], [ -75.612444, 45.432473 ], [ -75.612444, 45.432473 ], [ -75.612444, 45.432473 ], [ -75.612444, 45.432473 ], [ -75.612444, 45.432473 ], [ -75.612444, 45.432473 ], [ -75.612444, 45.432473 ], [ -75.612444, 45.432473 ], [ -75.612444, 45.432473 ], [ -75.612444, 45.432473 ], [ -75.612444, 45.432473 ], [ -75.612444, 45.432473 ], [ -75.612444, 45.432473 ], [ -75.612444, 45.432473 ], [ -75.612444, 45.432473 ], [ -75.612444, 45.432473 ], [ -75.612444, 45.432473 ], [ -75.612444, 45.432473 ], [ -75.612444, 45.432473 ], [ -75.612444, 45.432473 ], [ -75.612444, 45.432473 ], [ -75.612444, 45.432473 ], [ -75.612444, 45.432473 ], [ -75.612444, 45.432473 ], [ -75.612444, 45.432473 ], [ -75.612444, 45.432473 ], [ -75.612444, 45.432473 ], [ -75.612444, 45.432473 ], [ -75.612444, 45.432473 ], [ -75.612444, 45.432473 ], [ -75.612444, 45.432473 ], [ -75.612444, 45.432473 ], [ -75.612444, 45.432473 ], [ -75.612444, 45.432473 ], [ -75.612444, 45.432473 ], [ -75.612444, 45.432473 ], [ -75.612444, 45.432473 ], [ -75.612444, 45.432473 ], [ -75.612444, 45.432473 ], [ -75.612444, 45.432473 ], [ -75.612444, 45.432473 ], [ -75.612444, 45.432473 ], [ -75.612444, 45.432473 ], [ -75.612444, 45.432473 ], [ -75.612444, 45.432473 ], [ -75.612444, 45.432473 ], [ -75.612444, 45.432473 ], [ -75.612444, 45.432473 ], [ -75.612444, 45.432473 ], [ -75.612444, 45.432473 ], [ -75.612444, 45.432473 ], [ -75.612444, 45.432473 ], [ -75.612444, 45.432473 ], [ -75.612444, 45.432473 ], [ -75.612444, 45.432473 ], [ -75.612444, 45.432473 ], [ -75.612444, 45.432473 ], [ -75.612444, 45.432473 ], [ -75.612444, 45.432473 ], [ -75.612444, 45.432473 ], [ -75.612444, 45.432473 ], [ -75.612444, 45.432473 ], [ -75.612444, 45.432473 ], [ -75.612444, 45.432473 ], [ -75.612444, 45.432473 ], [ -75.612444, 45.432473 ], [ -75.612444, 45.432473 ], [ -75.612444, 45.432473 ], [ -75.612444, 45.432473 ], [ -75.612444, 45.432473 ], [ -75.612444, 45.432473 ], [ -75.612444, 45.432473 ], [ -75.612444, 45.432473 ], [ -75.612444, 45.432473 ], [ -75.612444, 45.432473 ], [ -75.612444, 45.432473 ], [ -75.612444, 45.432473 ], [ -75.612444, 45.432473 ], [ -75.612444, 45.432473 ], [ -75.612444, 45.432473 ], [ -75.612444, 45.432473 ], [ -75.612444, 45.432473 ], [ -75.612444, 45.432473 ], [ -75.612444, 45.432473 ], [ -75.612444, 45.432473 ], [ -75.612444, 45.432473 ], [ -75.612444, 45.432473 ], [ -75.612444, 45.432473 ], [ -75.612444, 45.432473 ], [ -75.612444, 45.432473 ], [ -75.612444, 45.432473 ], [ -75.612444, 45.432473 ], [ -75.612444, 45.432473 ], [ -75.612444, 45.432473 ], [ -75.612444, 45.432473 ], [ -75.612444, 45.432473 ], [ -75.612444, 45.432473 ], [ -75.612444, 45.432473 ], [ -75.612444, 45.432473 ], [ -75.612444, 45.432473 ], [ -75.612444, 45.432473 ], [ -75.612444, 45.432473 ], [ -75.612444, 45.432473 ], [ -75.612444, 45.432473 ], [ -75.612444, 45.432473 ], [ -75.612444, 45.432473 ], [ -75.612444, 45.432473 ], [ -75.612444, 45.432473 ], [ -75.612444, 45.432473 ], [ -75.612444, 45.432473 ], [ -75.612444, 45.432473 ], [ -75.612444, 45.432473 ], [ -75.612444, 45.432473 ], [ -75.612444, 45.432473 ], [ -75.612444, 45.432473 ], [ -75.612444, 45.432473 ], [ -75.612444, 45.432473 ], [ -75.612444, 45.432473 ], [ -75.612444, 45.432473 ], [ -75.612444, 45.432473 ], [ -75.612444, 45.432473 ], [ -75.612444, 45.432473 ], [ -75.612444, 45.432473 ], [ -75.612444, 45.432473 ], [ -75.612444, 45.432473 ], [ -75.612444, 45.432473 ], [ -75.612444, 45.432473 ], [ -75.612444, 45.432473 ], [ -75.612444, 45.432473 ], [ -75.612444, 45.432473 ], [ -75.612444, 45.432473 ], [ -75.612444, 45.432473 ], [ -75.612444, 45.432473 ], [ -75.612444, 45.432473 ], [ -75.612444, 45.432473 ], [ -75.612444, 45.432473 ], [ -75.612444, 45.432473 ], [ -75.612444, 45.432473 ], [ -75.612444, 45.432473 ], [ -75.612444, 45.432473 ], [ -75.612444, 45.432473 ], [ -75.612444, 45.432473 ], [ -75.612444, 45.432473 ], [ -75.612444, 45.432473 ], [ -75.612444, 45.432473 ], [ -75.612444, 45.432473 ], [ -75.612444, 45.432473 ], [ -75.612444, 45.432473 ], [ -75.612444, 45.432473 ], [ -75.612444, 45.432473 ], [ -75.612444, 45.432473 ], [ -75.612444, 45.432473 ], [ -75.612444, 45.432473 ], [ -75.612444, 45.432473 ], [ -75.612444, 45.432473 ], [ -75.612444, 45.432473 ], [ -75.612444, 45.432473 ], [ -75.612444, 45.432473 ], [ -75.612444, 45.432473 ], [ -75.612444, 45.432473 ], [ -75.612444, 45.432473 ], [ -75.612444, 45.432473 ], [ -75.612444, 45.432473 ], [ -75.612444, 45.432473 ], [ -75.612444, 45.432473 ], [ -75.612444, 45.432473 ], [ -75.612444, 45.432473 ], [ -75.612444, 45.432473 ], [ -75.612444, 45.432473 ], [ -75.612444, 45.432473 ], [ -75.612444, 45.432473 ], [ -75.612444, 45.432473 ], [ -75.612444, 45.432473 ], [ -75.612444, 45.432473 ], [ -75.612444, 45.432473 ], [ -75.612444, 45.432473 ], [ -75.612444, 45.432473 ], [ -75.612444, 45.432473 ], [ -75.612444, 45.432473 ], [ -75.612444, 45.432473 ], [ -75.612444, 45.432473 ], [ -75.612444, 45.432473 ], [ -75.612444, 45.432473 ], [ -75.612444, 45.432473 ], [ -75.612444, 45.432473 ], [ -75.612444, 45.432473 ], [ -75.612444, 45.432473 ], [ -75.612444, 45.432473 ], [ -75.612444, 45.432473 ], [ -75.612444, 45.432473 ], [ -75.612444, 45.432473 ], [ -75.612444, 45.432473 ], [ -75.612444, 45.432473 ], [ -75.612444, 45.432473 ], [ -75.612444, 45.432473 ], [ -75.612444, 45.432473 ], [ -75.612444, 45.432473 ], [ -75.612444, 45.432473 ], [ -75.612444, 45.432473 ], [ -75.612444, 45.432473 ], [ -75.612444, 45.432473 ], [ -75.612444, 45.432473 ], [ -75.612444, 45.432473 ], [ -75.612444, 45.432473 ], [ -75.612444, 45.432473 ], [ -75.612444, 45.432473 ], [ -75.612444, 45.432473 ], [ -75.612444, 45.432473 ], [ -75.612444, 45.432473 ], [ -75.612444, 45.432473 ], [ -75.612444, 45.432473 ], [ -75.612444, 45.432473 ], [ -75.612444, 45.432473 ], [ -75.612444, 45.432473 ], [ -75.612444, 45.432473 ], [ -75.612444, 45.432473 ], [ -75.612444, 45.432473 ], [ -75.612444, 45.432473 ], [ -75.612444, 45.432473 ], [ -75.612444, 45.432473 ], [ -75.612444, 45.432473 ], [ -75.612444, 45.432473 ], [ -75.612444, 45.432473 ], [ -75.612444, 45.432473 ], [ -75.612444, 45.432473 ], [ -75.612444, 45.432473 ], [ -75.612444, 45.432473 ], [ -75.612444, 45.432473 ], [ -75.612444, 45.432473 ], [ -75.612444, 45.432473 ], [ -75.612444, 45.432473 ], [ -75.612444, 45.432473 ], [ -75.612444, 45.432473 ], [ -75.612444, 45.432473 ], [ -75.612444, 45.432473 ], [ -75.612444, 45.432473 ], [ -75.612444, 45.432473 ], [ -75.612444, 45.432473 ], [ -75.612444, 45.432473 ], [ -75.612444, 45.432473 ], [ -75.612444, 45.432473 ], [ -75.612444, 45.432473 ], [ -75.612444, 45.432473 ], [ -75.612444, 45.432473 ], [ -75.612444, 45.432473 ], [ -75.612444, 45.432473 ], [ -75.612444, 45.432473 ], [ -75.612444, 45.432473 ], [ -75.612444, 45.432473 ], [ -75.612444, 45.432473 ], [ -75.612444, 45.432473 ], [ -75.612444, 45.432473 ], [ -75.612444, 45.432473 ], [ -75.612444, 45.432473 ], [ -75.612444, 45.432473 ], [ -75.612444, 45.432473 ], [ -75.612444, 45.432473 ], [ -75.612444, 45.432473 ], [ -75.612444, 45.432473 ], [ -75.612444, 45.432473 ], [ -75.612444, 45.432473 ], [ -75.612444, 45.432473 ], [ -75.612444, 45.432473 ], [ -75.612444, 45.432473 ], [ -75.612444, 45.432473 ], [ -75.612444, 45.432473 ], [ -75.612444, 45.432473 ], [ -75.612444, 45.432473 ], [ -75.612444, 45.432473 ], [ -75.612444, 45.432473 ], [ -75.612444, 45.432473 ], [ -75.612444, 45.432473 ], [ -75.612444, 45.432473 ], [ -75.612444, 45.432473 ], [ -75.612444, 45.432473 ], [ -75.612444, 45.432473 ], [ -75.612444, 45.432473 ], [ -75.612444, 45.432473 ], [ -75.612444, 45.432473 ], [ -75.612444, 45.432473 ], [ -75.612444, 45.432473 ], [ -75.612444, 45.432473 ], [ -75.612444, 45.432473 ], [ -75.612444, 45.432473 ], [ -75.612444, 45.432473 ], [ -75.612444, 45.432473 ], [ -75.612444, 45.432473 ], [ -75.612444, 45.432473 ], [ -75.612444, 45.432473 ], [ -75.612444, 45.432473 ], [ -75.612444, 45.432473 ], [ -75.612444, 45.432473 ], [ -75.612444, 45.432473 ], [ -75.612444, 45.432473 ], [ -75.612444, 45.432473 ], [ -75.612444, 45.432473 ], [ -75.612444, 45.432473 ], [ -75.612444, 45.432473 ], [ -75.612444, 45.432473 ], [ -75.612444, 45.432473 ], [ -75.612444, 45.432473 ], [ -75.612444, 45.432473 ], [ -75.612444, 45.432473 ], [ -75.612444, 45.432473 ], [ -75.612444, 45.432473 ], [ -75.612444, 45.432473 ], [ -75.612444, 45.432473 ], [ -75.612444, 45.432473 ], [ -75.612444, 45.432473 ], [ -75.612444, 45.432473 ], [ -75.612444, 45.432473 ], [ -75.612444, 45.432473 ], [ -75.612444, 45.432473 ], [ -75.612444, 45.432473 ], [ -75.612444, 45.432473 ], [ -75.612444, 45.432473 ], [ -75.612444, 45.432473 ], [ -75.612444, 45.432473 ], [ -75.612444, 45.432473 ], [ -75.612444, 45.432473 ], [ -75.612444, 45.432473 ], [ -75.612444, 45.432473 ], [ -75.612444, 45.432473 ], [ -75.612444, 45.432473 ], [ -75.612444, 45.432473 ], [ -75.612444, 45.432473 ], [ -75.612444, 45.432473 ], [ -75.612444, 45.432473 ], [ -75.612444, 45.432473 ], [ -75.612444, 45.432473 ], [ -75.612444, 45.432473 ], [ -75.612444, 45.432473 ], [ -75.612444, 45.432473 ], [ -75.612444, 45.432473 ], [ -75.612444, 45.432473 ], [ -75.612444, 45.432473 ], [ -75.612444, 45.432473 ], [ -75.612444, 45.432473 ], [ -75.612444, 45.432473 ], [ -75.612444, 45.432473 ], [ -75.612444, 45.432473 ], [ -75.612444, 45.432473 ], [ -75.612444, 45.432473 ], [ -75.612444, 45.432473 ], [ -75.612444, 45.432473 ], [ -75.612444, 45.432473 ], [ -75.612444, 45.432473 ], [ -75.612444, 45.432473 ], [ -75.612444, 45.432473 ], [ -75.612444, 45.432473 ], [ -75.612444, 45.432473 ], [ -75.612444, 45.432473 ], [ -75.612444, 45.432473 ], [ -75.612444, 45.432473 ], [ -75.612444, 45.432473 ], [ -75.612444, 45.432473 ], [ -75.612444, 45.432473 ], [ -75.612444, 45.432473 ], [ -75.612444, 45.432473 ], [ -75.612444, 45.432473 ], [ -75.612444, 45.432473 ], [ -75.612444, 45.432473 ], [ -75.612444, 45.432473 ], [ -75.612444, 45.432473 ], [ -75.612444, 45.432473 ], [ -75.612444, 45.432473 ], [ -75.612444, 45.432473 ], [ -75.612444, 45.432473 ], [ -75.612444, 45.432473 ], [ -75.612444, 45.432473 ], [ -75.612444, 45.432473 ], [ -75.612444, 45.432473 ], [ -75.612444, 45.432473 ], [ -75.612444, 45.432473 ], [ -75.612444, 45.432473 ], [ -75.612444, 45.432473 ], [ -75.612444, 45.432473 ], [ -75.612444, 45.432473 ], [ -75.612444, 45.432473 ], [ -75.612444, 45.432473 ], [ -75.612444, 45.432473 ], [ -75.612444, 45.432473 ], [ -75.612444, 45.432473 ], [ -75.612444, 45.432473 ], [ -75.612444, 45.432473 ], [ -75.612444, 45.432473 ], [ -75.612444, 45.432473 ], [ -75.612444, 45.432473 ], [ -75.612444, 45.432473 ], [ -75.612444, 45.432473 ], [ -75.612444, 45.432473 ], [ -75.612444, 45.432473 ], [ -75.612444, 45.432473 ], [ -75.612444, 45.432473 ], [ -75.612444, 45.432473 ], [ -75.612444, 45.432473 ], [ -75.612444, 45.432473 ], [ -75.612444, 45.432473 ], [ -75.612444, 45.432473 ], [ -75.612444, 45.432473 ], [ -75.612444, 45.432473 ], [ -75.612444, 45.432473 ], [ -75.612444, 45.432473 ], [ -75.612444, 45.432473 ], [ -75.612444, 45.432473 ], [ -75.612444, 45.432473 ], [ -75.612444, 45.432473 ], [ -75.612444, 45.432473 ], [ -75.612444, 45.432473 ], [ -75.612444, 45.432473 ], [ -75.612444, 45.432473 ], [ -75.612444, 45.432473 ], [ -75.612444, 45.432473 ], [ -75.612444, 45.432473 ], [ -75.612444, 45.432473 ], [ -75.612444, 45.432473 ], [ -75.612444, 45.432473 ], [ -75.612444, 45.432473 ], [ -75.612444, 45.432473 ], [ -75.612444, 45.432473 ], [ -75.612444, 45.432473 ], [ -75.612444, 45.432473 ], [ -75.612444, 45.432473 ], [ -75.612444, 45.432473 ], [ -75.612444, 45.432473 ], [ -75.612444, 45.432473 ], [ -75.612444, 45.432473 ], [ -75.612444, 45.432473 ], [ -75.612444, 45.432473 ], [ -75.612444, 45.432473 ], [ -75.612444, 45.432473 ], [ -75.612444, 45.432473 ], [ -75.612444, 45.432473 ], [ -75.612444, 45.432473 ], [ -75.612444, 45.432473 ], [ -75.612444, 45.432473 ], [ -75.612444, 45.432473 ], [ -75.612444, 45.432473 ], [ -75.612444, 45.432473 ], [ -75.612444, 45.432473 ], [ -75.612444, 45.432473 ], [ -75.612444, 45.432473 ], [ -75.612444, 45.432473 ], [ -75.612444, 45.432473 ], [ -75.612444, 45.432473 ], [ -75.612444, 45.432473 ], [ -75.612444, 45.432473 ], [ -75.612444, 45.432473 ], [ -75.612444, 45.432473 ], [ -75.612444, 45.432473 ], [ -75.612444, 45.432473 ], [ -75.612444, 45.432473 ], [ -75.612444, 45.432473 ], [ -75.612444, 45.432473 ], [ -75.612444, 45.432473 ], [ -75.612444, 45.432473 ], [ -75.612444, 45.432473 ], [ -75.612444, 45.432473 ], [ -75.612444, 45.432473 ], [ -75.612444, 45.432473 ], [ -75.612444, 45.432473 ], [ -75.612444, 45.432473 ], [ -75.612444, 45.432473 ], [ -75.612444, 45.432473 ], [ -75.612444, 45.432473 ], [ -75.612444, 45.432473 ], [ -75.612444, 45.432473 ], [ -75.612444, 45.432473 ], [ -75.612444, 45.432473 ], [ -75.612444, 45.432473 ], [ -75.612444, 45.432473 ], [ -75.612444, 45.432473 ], [ -75.612444, 45.432473 ], [ -75.612444, 45.432473 ], [ -75.612444, 45.432473 ], [ -75.612444, 45.432473 ], [ -75.612444, 45.432473 ], [ -75.612444, 45.432473 ], [ -75.612444, 45.432473 ], [ -75.612444, 45.432473 ], [ -75.612444, 45.432473 ], [ -75.612444, 45.432473 ], [ -75.612444, 45.432473 ], [ -75.612444, 45.432473 ], [ -75.612444, 45.432473 ], [ -75.612444, 45.432473 ], [ -75.612444, 45.432473 ], [ -75.612444, 45.432473 ], [ -75.612444, 45.432473 ], [ -75.612444, 45.432473 ], [ -75.612444, 45.432473 ], [ -75.612444, 45.432473 ], [ -75.612444, 45.432473 ], [ -75.612444, 45.432473 ], [ -75.612444, 45.432473 ], [ -75.612444, 45.432473 ], [ -75.612444, 45.432473 ], [ -75.612444, 45.432473 ], [ -75.612444, 45.432473 ], [ -75.612444, 45.432473 ], [ -75.612444, 45.432473 ], [ -75.612444, 45.432473 ], [ -75.612444, 45.432473 ], [ -75.612444, 45.432473 ], [ -75.612444, 45.432473 ], [ -75.612444, 45.432473 ], [ -75.612444, 45.432473 ], [ -75.612444, 45.432473 ], [ -75.612444, 45.432473 ], [ -75.612444, 45.432473 ], [ -75.612444, 45.432473 ], [ -75.612444, 45.432473 ], [ -75.612444, 45.432473 ], [ -75.612444, 45.432473 ], [ -75.612444, 45.432473 ], [ -75.612444, 45.432473 ], [ -75.612444, 45.432473 ], [ -75.612444, 45.432473 ], [ -75.612444, 45.432473 ], [ -75.612444, 45.432473 ], [ -75.612444, 45.432473 ], [ -75.612444, 45.432473 ], [ -75.612444, 45.432473 ], [ -75.612444, 45.432473 ], [ -75.612444, 45.432473 ], [ -75.612444, 45.432473 ], [ -75.612444, 45.432473 ], [ -75.612444, 45.432473 ], [ -75.612444, 45.432473 ], [ -75.612444, 45.432473 ], [ -75.612444, 45.432473 ], [ -75.612444, 45.432473 ], [ -75.612444, 45.432473 ], [ -75.612444, 45.432473 ], [ -75.612444, 45.432473 ], [ -75.612444, 45.432473 ], [ -75.612444, 45.432473 ], [ -75.612444, 45.432473 ], [ -75.612444, 45.432473 ], [ -75.612444, 45.432473 ], [ -75.612444, 45.432473 ], [ -75.612444, 45.432473 ], [ -75.612444, 45.432473 ], [ -75.612444, 45.432473 ], [ -75.612444, 45.432473 ], [ -75.612444, 45.432473 ], [ -75.612444, 45.432473 ], [ -75.612444, 45.432473 ], [ -75.612444, 45.432473 ], [ -75.612444, 45.432473 ], [ -75.612444, 45.432473 ], [ -75.612444, 45.432473 ], [ -75.612444, 45.432473 ], [ -75.612444, 45.432473 ], [ -75.612444, 45.432473 ], [ -75.612444, 45.432473 ], [ -75.612444, 45.432473 ], [ -75.612444, 45.432473 ], [ -75.612444, 45.432473 ], [ -75.612444, 45.432473 ], [ -75.612444, 45.432473 ], [ -75.612444, 45.432473 ], [ -75.612444, 45.432473 ], [ -75.612444, 45.432473 ], [ -75.612444, 45.432473 ], [ -75.612444, 45.432473 ], [ -75.612444, 45.432473 ], [ -75.612444, 45.432473 ], [ -75.612444, 45.432473 ], [ -75.612444, 45.432473 ], [ -75.612444, 45.432473 ], [ -75.612444, 45.432473 ], [ -75.612444, 45.432473 ], [ -75.612444, 45.432473 ], [ -75.612444, 45.432473 ], [ -75.612444, 45.432473 ], [ -75.612444, 45.432473 ], [ -75.612444, 45.432473 ], [ -75.612444, 45.432473 ], [ -75.612444, 45.432473 ], [ -75.612444, 45.432473 ], [ -75.612444, 45.432473 ], [ -75.612444, 45.432473 ], [ -75.612444, 45.432473 ], [ -75.612444, 45.432473 ], [ -75.612444, 45.432473 ], [ -75.612444, 45.432473 ], [ -75.612444, 45.432473 ], [ -75.612444, 45.432473 ], [ -75.612444, 45.432473 ], [ -75.612444, 45.432473 ], [ -75.612444, 45.432473 ], [ -75.612444, 45.432473 ], [ -75.612444, 45.432473 ], [ -75.612444, 45.432473 ], [ -75.612444, 45.432473 ], [ -75.612444, 45.432473 ], [ -75.612444, 45.432473 ], [ -75.612444, 45.432473 ], [ -75.612444, 45.432473 ], [ -75.612444, 45.432473 ], [ -75.612444, 45.432473 ], [ -75.612444, 45.432473 ], [ -75.612444, 45.432473 ], [ -75.612444, 45.432473 ], [ -75.612444, 45.432473 ], [ -75.612444, 45.432473 ], [ -75.612444, 45.432473 ], [ -75.612444, 45.432473 ], [ -75.612444, 45.432473 ], [ -75.612444, 45.432473 ], [ -75.612444, 45.432473 ], [ -75.612444, 45.432473 ], [ -75.612444, 45.432473 ], [ -75.612444, 45.432473 ], [ -75.612444, 45.432473 ], [ -75.612444, 45.432473 ], [ -75.612444, 45.432473 ], [ -75.612444, 45.432473 ], [ -75.612444, 45.432473 ], [ -75.612444, 45.432473 ], [ -75.612444, 45.432473 ], [ -75.612444, 45.432473 ], [ -75.612444, 45.432473 ], [ -75.612444, 45.432473 ], [ -75.612444, 45.432473 ], [ -75.612444, 45.432473 ], [ -75.612444, 45.432473 ], [ -75.612444, 45.432473 ], [ -75.612444, 45.432473 ], [ -75.612444, 45.432473 ], [ -75.612444, 45.432473 ], [ -75.612444, 45.432473 ], [ -75.612444, 45.432473 ], [ -75.612444, 45.432473 ], [ -75.612444, 45.432473 ], [ -75.612444, 45.432473 ], [ -75.612444, 45.432473 ], [ -75.612444, 45.432473 ], [ -75.612444, 45.432473 ], [ -75.612444, 45.432473 ], [ -75.612444, 45.432473 ], [ -75.612444, 45.432473 ], [ -75.612444, 45.432473 ], [ -75.612444, 45.432473 ], [ -75.612444, 45.432473 ], [ -75.612444, 45.432473 ], [ -75.612444, 45.432473 ], [ -75.612444, 45.432473 ], [ -75.612444, 45.432473 ], [ -75.612444, 45.432473 ], [ -75.612444, 45.432473 ], [ -75.612444, 45.432473 ], [ -75.612444, 45.432473 ], [ -75.612444, 45.432473 ], [ -75.612444, 45.432473 ], [ -75.612444, 45.432473 ], [ -75.612444, 45.432473 ], [ -75.612444, 45.432473 ], [ -75.612444, 45.432473 ], [ -75.612444, 45.432473 ], [ -75.612444, 45.432473 ], [ -75.612444, 45.432473 ], [ -75.612444, 45.432473 ], [ -75.612444, 45.432473 ], [ -75.612444, 45.432473 ], [ -75.612444, 45.432473 ], [ -75.612444, 45.432473 ], [ -75.612444, 45.432473 ], [ -75.612444, 45.432473 ], [ -75.612444, 45.432473 ], [ -75.612444, 45.432473 ], [ -75.612444, 45.432473 ], [ -75.612444, 45.432473 ], [ -75.612444, 45.432473 ], [ -75.612444, 45.432473 ], [ -75.612444, 45.432473 ], [ -75.612444, 45.432473 ], [ -75.612444, 45.432473 ], [ -75.612444, 45.432473 ], [ -75.612444, 45.432473 ], [ -75.612444, 45.432473 ], [ -75.612444, 45.432473 ], [ -75.612444, 45.432473 ], [ -75.612444, 45.432473 ], [ -75.612444, 45.432473 ], [ -75.612444, 45.432473 ], [ -75.612444, 45.432473 ], [ -75.612444, 45.432473 ], [ -75.612444, 45.432473 ], [ -75.612444, 45.432473 ], [ -75.612444, 45.432473 ], [ -75.612444, 45.432473 ], [ -75.612444, 45.432473 ], [ -75.612444, 45.432473 ], [ -75.612444, 45.432473 ], [ -75.612444, 45.432473 ], [ -75.612444, 45.432473 ], [ -75.612444, 45.432473 ], [ -75.612444, 45.432473 ], [ -75.612444, 45.432473 ], [ -75.612444, 45.432473 ], [ -75.612444, 45.432473 ], [ -75.612444, 45.432473 ], [ -75.612444, 45.432473 ], [ -75.612444, 45.432473 ], [ -75.612444, 45.432473 ], [ -75.612444, 45.432473 ], [ -75.612444, 45.432473 ], [ -75.612444, 45.432473 ], [ -75.612444, 45.432473 ], [ -75.612444, 45.432473 ], [ -75.612444, 45.432473 ], [ -75.612444, 45.432473 ], [ -75.612444, 45.432473 ], [ -75.612444, 45.432473 ], [ -75.612444, 45.432473 ], [ -75.612444, 45.432473 ], [ -75.612444, 45.432473 ], [ -75.612444, 45.432473 ], [ -75.612444, 45.432473 ], [ -75.612444, 45.432473 ], [ -75.612444, 45.432473 ], [ -75.612444, 45.432473 ], [ -75.612444, 45.432473 ], [ -75.612444, 45.432473 ], [ -75.612444, 45.432473 ], [ -75.612444, 45.432473 ], [ -75.612444, 45.432473 ], [ -75.612444, 45.432473 ], [ -75.612444, 45.432473 ], [ -75.612444, 45.432473 ], [ -75.612444, 45.432473 ], [ -75.612444, 45.432473 ], [ -75.612444, 45.432473 ], [ -75.612444, 45.432473 ], [ -75.612444, 45.432473 ], [ -75.612444, 45.432473 ], [ -75.612444, 45.432473 ], [ -75.612444, 45.432473 ], [ -75.612444, 45.432473 ], [ -75.612444, 45.432473 ], [ -75.612444, 45.432473 ], [ -75.612444, 45.432473 ], [ -75.612444, 45.432473 ], [ -75.612444, 45.432473 ], [ -75.612444, 45.432473 ], [ -75.612444, 45.432473 ], [ -75.612444, 45.432473 ], [ -75.612444, 45.432473 ], [ -75.612444, 45.432473 ], [ -75.612444, 45.432473 ], [ -75.612444, 45.432473 ], [ -75.612444, 45.432473 ], [ -75.612444, 45.432473 ], [ -75.612444, 45.432473 ], [ -75.612444, 45.432473 ], [ -75.612444, 45.432473 ], [ -75.612444, 45.432473 ], [ -75.612444, 45.432473 ], [ -75.612444, 45.432473 ], [ -75.612444, 45.432473 ], [ -75.612444, 45.432473 ], [ -75.612444, 45.432473 ], [ -75.612444, 45.432473 ], [ -75.612444, 45.432473 ], [ -75.612444, 45.432473 ], [ -75.612444, 45.432473 ], [ -75.612444, 45.432473 ], [ -75.612444, 45.432473 ], [ -75.612444, 45.432473 ], [ -75.612444, 45.432473 ], [ -75.612444, 45.432473 ], [ -75.612444, 45.432473 ], [ -75.612444, 45.432473 ], [ -75.612444, 45.432473 ], [ -75.612444, 45.432473 ], [ -75.612444, 45.432473 ], [ -75.612444, 45.432473 ], [ -75.612444, 45.432473 ], [ -75.612444, 45.432473 ], [ -75.612444, 45.432473 ], [ -75.612444, 45.432473 ], [ -75.612444, 45.432473 ], [ -75.612444, 45.432473 ], [ -75.612444, 45.432473 ], [ -75.612444, 45.432473 ], [ -75.612444, 45.432473 ], [ -75.612444, 45.432473 ], [ -75.612444, 45.432473 ], [ -75.612444, 45.432473 ], [ -75.612444, 45.432473 ], [ -75.612444, 45.432473 ], [ -75.612444, 45.432473 ], [ -75.612444, 45.432473 ], [ -75.612444, 45.432473 ], [ -75.612444, 45.432473 ], [ -75.612444, 45.432473 ], [ -75.612444, 45.432473 ], [ -75.612444, 45.432473 ], [ -75.612444, 45.432473 ], [ -75.612444, 45.432473 ], [ -75.612444, 45.432473 ], [ -75.612444, 45.432473 ], [ -75.612444, 45.432473 ], [ -75.612444, 45.432473 ], [ -75.612444, 45.432473 ], [ -75.612444, 45.432473 ], [ -75.612444, 45.432473 ], [ -75.612444, 45.432473 ], [ -75.612444, 45.432473 ], [ -75.612444, 45.432473 ], [ -75.612444, 45.432473 ], [ -75.612444, 45.432473 ], [ -75.612444, 45.432473 ], [ -75.612444, 45.432473 ], [ -75.612444, 45.432473 ], [ -75.612444, 45.432473 ], [ -75.612444, 45.432473 ], [ -75.612345, 45.432328 ], [ -75.611947, 45.431752 ], [ -75.611947, 45.431752 ], [ -75.611947, 45.431752 ], [ -75.611947, 45.431752 ], [ -75.611947, 45.431752 ], [ -75.611947, 45.431752 ], [ -75.611947, 45.431752 ], [ -75.611947, 45.431752 ], [ -75.611947, 45.431752 ], [ -75.611947, 45.431752 ], [ -75.611947, 45.431752 ], [ -75.611947, 45.431752 ], [ -75.611947, 45.431752 ], [ -75.611947, 45.431752 ], [ -75.611947, 45.431752 ], [ -75.611947, 45.431752 ], [ -75.611947, 45.431752 ], [ -75.611947, 45.431752 ], [ -75.611947, 45.431752 ], [ -75.611947, 45.431752 ], [ -75.611947, 45.431752 ], [ -75.611947, 45.431752 ], [ -75.611947, 45.431752 ], [ -75.611947, 45.431752 ], [ -75.611947, 45.431752 ], [ -75.611947, 45.431752 ], [ -75.611947, 45.431752 ], [ -75.611947, 45.431752 ], [ -75.611947, 45.431752 ], [ -75.611947, 45.431752 ], [ -75.611947, 45.431752 ], [ -75.611947, 45.431752 ], [ -75.611947, 45.431752 ], [ -75.611947, 45.431752 ], [ -75.611947, 45.431752 ], [ -75.611947, 45.431752 ], [ -75.611947, 45.431752 ], [ -75.611947, 45.431752 ], [ -75.611947, 45.431752 ], [ -75.611947, 45.431752 ], [ -75.611947, 45.431752 ], [ -75.611947, 45.431752 ], [ -75.611947, 45.431752 ], [ -75.611947, 45.431752 ], [ -75.611947, 45.431752 ], [ -75.611947, 45.431752 ], [ -75.611947, 45.431752 ], [ -75.611947, 45.431752 ], [ -75.611947, 45.431752 ], [ -75.611947, 45.431752 ], [ -75.611947, 45.431752 ], [ -75.611947, 45.431752 ], [ -75.611947, 45.431752 ], [ -75.611947, 45.431752 ], [ -75.611947, 45.431752 ], [ -75.611947, 45.431752 ], [ -75.611947, 45.431752 ], [ -75.611947, 45.431752 ], [ -75.611947, 45.431752 ], [ -75.611947, 45.431752 ], [ -75.611947, 45.431752 ], [ -75.611947, 45.431752 ], [ -75.611947, 45.431752 ], [ -75.611947, 45.431752 ], [ -75.611947, 45.431752 ], [ -75.611947, 45.431752 ], [ -75.611947, 45.431752 ], [ -75.611947, 45.431752 ], [ -75.611947, 45.431752 ], [ -75.611947, 45.431752 ], [ -75.611947, 45.431752 ], [ -75.611947, 45.431752 ], [ -75.611947, 45.431752 ], [ -75.611947, 45.431752 ], [ -75.611947, 45.431752 ], [ -75.611947, 45.431752 ], [ -75.611947, 45.431752 ], [ -75.611947, 45.431752 ], [ -75.611947, 45.431752 ], [ -75.611947, 45.431752 ], [ -75.611947, 45.431752 ], [ -75.611947, 45.431752 ], [ -75.611947, 45.431752 ], [ -75.611947, 45.431752 ], [ -75.611947, 45.431752 ], [ -75.611947, 45.431752 ], [ -75.611947, 45.431752 ], [ -75.611947, 45.431752 ], [ -75.611947, 45.431752 ], [ -75.611947, 45.431752 ], [ -75.611947, 45.431752 ], [ -75.611947, 45.431752 ], [ -75.611947, 45.431752 ], [ -75.611947, 45.431752 ], [ -75.611947, 45.431752 ], [ -75.611947, 45.431752 ], [ -75.611947, 45.431752 ], [ -75.611947, 45.431752 ], [ -75.611947, 45.431752 ], [ -75.611947, 45.431752 ], [ -75.611947, 45.431752 ], [ -75.611947, 45.431752 ], [ -75.611947, 45.431752 ], [ -75.611947, 45.431752 ], [ -75.611947, 45.431752 ], [ -75.611947, 45.431752 ], [ -75.611947, 45.431752 ], [ -75.611947, 45.431752 ], [ -75.611947, 45.431752 ], [ -75.611947, 45.431752 ], [ -75.611947, 45.431752 ], [ -75.611947, 45.431752 ], [ -75.611947, 45.431752 ], [ -75.611947, 45.431752 ], [ -75.611947, 45.431752 ], [ -75.611947, 45.431752 ], [ -75.611947, 45.431752 ], [ -75.611947, 45.431752 ], [ -75.611947, 45.431752 ], [ -75.611947, 45.431752 ], [ -75.611947, 45.431752 ], [ -75.611947, 45.431752 ], [ -75.611947, 45.431752 ], [ -75.611947, 45.431752 ], [ -75.611947, 45.431752 ], [ -75.611947, 45.431752 ], [ -75.611947, 45.431752 ], [ -75.611947, 45.431752 ], [ -75.611947, 45.431752 ], [ -75.611947, 45.431752 ], [ -75.611947, 45.431752 ], [ -75.611947, 45.431752 ], [ -75.611947, 45.431752 ], [ -75.611947, 45.431752 ], [ -75.611947, 45.431752 ], [ -75.611947, 45.431752 ], [ -75.611947, 45.431752 ], [ -75.611947, 45.431752 ], [ -75.611947, 45.431752 ], [ -75.611947, 45.431752 ], [ -75.611947, 45.431752 ], [ -75.611947, 45.431752 ], [ -75.611947, 45.431752 ], [ -75.611947, 45.431752 ], [ -75.611947, 45.431752 ], [ -75.611947, 45.431752 ], [ -75.611947, 45.431752 ], [ -75.611947, 45.431752 ], [ -75.611947, 45.431752 ], [ -75.611947, 45.431752 ], [ -75.611947, 45.431752 ], [ -75.611947, 45.431752 ], [ -75.611947, 45.431752 ], [ -75.611947, 45.431752 ], [ -75.611947, 45.431752 ], [ -75.611947, 45.431752 ], [ -75.611947, 45.431752 ], [ -75.611947, 45.431752 ], [ -75.611947, 45.431752 ], [ -75.611947, 45.431752 ], [ -75.611947, 45.431752 ], [ -75.611947, 45.431752 ], [ -75.611947, 45.431752 ], [ -75.611947, 45.431752 ], [ -75.611947, 45.431752 ], [ -75.611947, 45.431752 ], [ -75.611947, 45.431752 ], [ -75.611947, 45.431752 ], [ -75.611947, 45.431752 ], [ -75.611947, 45.431752 ], [ -75.611947, 45.431752 ], [ -75.611947, 45.431752 ], [ -75.611947, 45.431752 ], [ -75.611947, 45.431752 ], [ -75.611947, 45.431752 ], [ -75.611947, 45.431752 ], [ -75.611947, 45.431752 ], [ -75.611947, 45.431752 ], [ -75.611947, 45.431752 ], [ -75.611947, 45.431752 ], [ -75.611947, 45.431752 ], [ -75.611947, 45.431752 ], [ -75.611947, 45.431752 ], [ -75.611947, 45.431752 ], [ -75.611947, 45.431752 ], [ -75.611947, 45.431752 ], [ -75.611947, 45.431752 ], [ -75.611947, 45.431752 ], [ -75.611947, 45.431752 ], [ -75.611947, 45.431752 ], [ -75.611947, 45.431752 ], [ -75.611947, 45.431752 ], [ -75.611947, 45.431752 ], [ -75.611947, 45.431752 ], [ -75.611947, 45.431752 ], [ -75.611947, 45.431752 ], [ -75.611947, 45.431752 ], [ -75.611947, 45.431752 ], [ -75.611947, 45.431752 ], [ -75.611947, 45.431752 ], [ -75.611947, 45.431752 ], [ -75.611947, 45.431752 ], [ -75.611947, 45.431752 ], [ -75.611947, 45.431752 ], [ -75.611947, 45.431752 ], [ -75.611947, 45.431752 ], [ -75.611947, 45.431752 ], [ -75.611947, 45.431752 ], [ -75.611947, 45.431752 ], [ -75.611947, 45.431752 ], [ -75.611947, 45.431752 ], [ -75.611947, 45.431752 ], [ -75.611947, 45.431752 ], [ -75.611947, 45.431752 ], [ -75.611947, 45.431752 ], [ -75.611947, 45.431752 ], [ -75.611947, 45.431752 ], [ -75.611947, 45.431752 ], [ -75.611947, 45.431752 ], [ -75.611947, 45.431752 ], [ -75.611947, 45.431752 ], [ -75.611947, 45.431752 ], [ -75.611947, 45.431752 ], [ -75.611947, 45.431752 ], [ -75.611947, 45.431752 ], [ -75.611947, 45.431752 ], [ -75.611947, 45.431752 ], [ -75.611947, 45.431752 ], [ -75.611947, 45.431752 ], [ -75.611947, 45.431752 ], [ -75.611947, 45.431752 ], [ -75.611947, 45.431752 ], [ -75.611947, 45.431752 ], [ -75.611947, 45.431752 ], [ -75.611947, 45.431752 ], [ -75.611947, 45.431752 ], [ -75.611947, 45.431752 ], [ -75.611947, 45.431752 ], [ -75.611947, 45.431752 ], [ -75.611947, 45.431752 ], [ -75.611947, 45.431752 ], [ -75.611947, 45.431752 ], [ -75.611947, 45.431752 ], [ -75.611947, 45.431752 ], [ -75.611947, 45.431752 ], [ -75.611947, 45.431752 ], [ -75.611947, 45.431752 ], [ -75.611947, 45.431752 ], [ -75.611947, 45.431752 ], [ -75.611947, 45.431752 ], [ -75.611947, 45.431752 ], [ -75.611947, 45.431752 ], [ -75.611947, 45.431752 ], [ -75.611947, 45.431752 ], [ -75.611947, 45.431752 ], [ -75.611947, 45.431752 ], [ -75.611947, 45.431752 ], [ -75.611947, 45.431752 ], [ -75.611947, 45.431752 ], [ -75.611947, 45.431752 ], [ -75.611947, 45.431752 ], [ -75.611947, 45.431752 ], [ -75.611947, 45.431752 ], [ -75.611947, 45.431752 ], [ -75.611947, 45.431752 ], [ -75.611947, 45.431752 ], [ -75.611947, 45.431752 ], [ -75.611947, 45.431752 ], [ -75.611947, 45.431752 ], [ -75.611947, 45.431752 ], [ -75.611947, 45.431752 ], [ -75.611947, 45.431752 ], [ -75.611947, 45.431752 ], [ -75.611947, 45.431752 ], [ -75.611947, 45.431752 ], [ -75.611947, 45.431752 ], [ -75.611947, 45.431752 ], [ -75.611947, 45.431752 ], [ -75.611947, 45.431752 ], [ -75.611947, 45.431752 ], [ -75.611947, 45.431752 ], [ -75.611947, 45.431752 ], [ -75.611947, 45.431752 ], [ -75.611947, 45.431752 ], [ -75.611947, 45.431752 ], [ -75.611947, 45.431752 ], [ -75.611947, 45.431752 ], [ -75.611947, 45.431752 ], [ -75.611947, 45.431752 ], [ -75.611947, 45.431752 ], [ -75.611947, 45.431752 ], [ -75.611947, 45.431752 ], [ -75.611947, 45.431752 ], [ -75.611947, 45.431752 ], [ -75.611947, 45.431752 ], [ -75.611947, 45.431752 ], [ -75.611947, 45.431752 ], [ -75.611947, 45.431752 ], [ -75.611947, 45.431752 ], [ -75.611947, 45.431752 ], [ -75.611947, 45.431752 ], [ -75.611947, 45.431752 ], [ -75.611947, 45.431752 ], [ -75.611947, 45.431752 ], [ -75.611947, 45.431752 ], [ -75.611947, 45.431752 ], [ -75.611947, 45.431752 ], [ -75.611947, 45.431752 ], [ -75.611947, 45.431752 ], [ -75.611947, 45.431752 ], [ -75.611947, 45.431752 ], [ -75.611947, 45.431752 ], [ -75.611947, 45.431752 ], [ -75.611947, 45.431752 ], [ -75.611947, 45.431752 ], [ -75.611947, 45.431752 ], [ -75.611947, 45.431752 ], [ -75.611947, 45.431752 ], [ -75.611947, 45.431752 ], [ -75.611947, 45.431752 ], [ -75.611947, 45.431752 ], [ -75.611947, 45.431752 ], [ -75.611947, 45.431752 ], [ -75.611947, 45.431752 ], [ -75.611947, 45.431752 ], [ -75.611947, 45.431752 ], [ -75.611947, 45.431752 ], [ -75.611947, 45.431752 ], [ -75.611947, 45.431752 ], [ -75.611947, 45.431752 ], [ -75.611947, 45.431752 ], [ -75.611947, 45.431752 ], [ -75.611947, 45.431752 ], [ -75.611947, 45.431752 ], [ -75.611947, 45.431752 ], [ -75.611947, 45.431752 ], [ -75.611947, 45.431752 ], [ -75.611947, 45.431752 ], [ -75.611947, 45.431752 ], [ -75.611947, 45.431752 ], [ -75.611947, 45.431752 ], [ -75.611947, 45.431752 ], [ -75.611947, 45.431752 ], [ -75.611947, 45.431752 ], [ -75.611947, 45.431752 ], [ -75.611947, 45.431752 ], [ -75.611947, 45.431752 ], [ -75.611947, 45.431752 ], [ -75.611947, 45.431752 ], [ -75.611947, 45.431752 ], [ -75.611947, 45.431752 ], [ -75.611947, 45.431752 ], [ -75.611947, 45.431752 ], [ -75.611947, 45.431752 ], [ -75.611947, 45.431752 ], [ -75.611947, 45.431752 ], [ -75.611947, 45.431752 ], [ -75.611947, 45.431752 ], [ -75.611947, 45.431752 ], [ -75.611947, 45.431752 ], [ -75.611947, 45.431752 ], [ -75.611947, 45.431752 ], [ -75.611947, 45.431752 ], [ -75.611947, 45.431752 ], [ -75.611947, 45.431752 ], [ -75.611947, 45.431752 ], [ -75.611947, 45.431752 ], [ -75.611947, 45.431752 ], [ -75.611947, 45.431752 ], [ -75.611947, 45.431752 ], [ -75.611947, 45.431752 ], [ -75.611947, 45.431752 ], [ -75.611947, 45.431752 ], [ -75.611947, 45.431752 ], [ -75.611947, 45.431752 ], [ -75.611947, 45.431752 ], [ -75.611947, 45.431752 ], [ -75.611947, 45.431752 ], [ -75.611947, 45.431752 ], [ -75.611947, 45.431752 ], [ -75.611947, 45.431752 ], [ -75.611947, 45.431752 ], [ -75.611947, 45.431752 ], [ -75.611947, 45.431752 ], [ -75.611947, 45.431752 ], [ -75.611947, 45.431752 ], [ -75.611947, 45.431752 ], [ -75.611947, 45.431752 ], [ -75.611947, 45.431752 ], [ -75.611947, 45.431752 ], [ -75.611947, 45.431752 ], [ -75.611947, 45.431752 ], [ -75.611947, 45.431752 ], [ -75.611947, 45.431752 ], [ -75.611947, 45.431752 ], [ -75.611947, 45.431752 ], [ -75.611947, 45.431752 ], [ -75.611947, 45.431752 ], [ -75.611947, 45.431752 ], [ -75.611947, 45.431752 ], [ -75.611947, 45.431752 ], [ -75.611947, 45.431752 ], [ -75.611947, 45.431752 ], [ -75.611947, 45.431752 ], [ -75.611947, 45.431752 ], [ -75.611947, 45.431752 ], [ -75.611947, 45.431752 ], [ -75.611947, 45.431752 ], [ -75.611947, 45.431752 ], [ -75.611947, 45.431752 ], [ -75.611947, 45.431752 ], [ -75.611947, 45.431752 ], [ -75.611947, 45.431752 ], [ -75.611947, 45.431752 ], [ -75.611947, 45.431752 ], [ -75.611947, 45.431752 ], [ -75.611947, 45.431752 ], [ -75.611947, 45.431752 ], [ -75.611947, 45.431752 ], [ -75.611947, 45.431752 ], [ -75.611947, 45.431752 ], [ -75.611947, 45.431752 ], [ -75.611947, 45.431752 ], [ -75.611947, 45.431752 ], [ -75.611947, 45.431752 ], [ -75.611947, 45.431752 ], [ -75.611947, 45.431752 ], [ -75.611947, 45.431752 ], [ -75.611947, 45.431752 ], [ -75.611947, 45.431752 ], [ -75.611947, 45.431752 ], [ -75.611947, 45.431752 ], [ -75.611947, 45.431752 ], [ -75.611947, 45.431752 ], [ -75.611947, 45.431752 ], [ -75.611947, 45.431752 ], [ -75.611947, 45.431752 ], [ -75.611947, 45.431752 ], [ -75.611947, 45.431752 ], [ -75.611947, 45.431752 ], [ -75.611947, 45.431752 ], [ -75.611947, 45.431752 ], [ -75.611947, 45.431752 ], [ -75.611947, 45.431752 ], [ -75.611947, 45.431752 ], [ -75.611947, 45.431752 ], [ -75.611947, 45.431752 ], [ -75.611947, 45.431752 ], [ -75.611947, 45.431752 ], [ -75.611947, 45.431752 ], [ -75.611947, 45.431752 ], [ -75.611947, 45.431752 ], [ -75.611947, 45.431752 ], [ -75.611947, 45.431752 ], [ -75.611947, 45.431752 ], [ -75.611947, 45.431752 ], [ -75.611947, 45.431752 ], [ -75.611947, 45.431752 ], [ -75.611947, 45.431752 ], [ -75.611947, 45.431752 ], [ -75.611947, 45.431752 ], [ -75.611947, 45.431752 ], [ -75.611947, 45.431752 ], [ -75.611947, 45.431752 ], [ -75.611947, 45.431752 ], [ -75.611947, 45.431752 ], [ -75.611947, 45.431752 ], [ -75.611947, 45.431752 ], [ -75.611947, 45.431752 ], [ -75.611947, 45.431752 ], [ -75.611947, 45.431752 ], [ -75.611947, 45.431752 ], [ -75.611947, 45.431752 ], [ -75.611947, 45.431752 ], [ -75.611947, 45.431752 ], [ -75.611947, 45.431752 ], [ -75.611947, 45.431752 ], [ -75.611947, 45.431752 ], [ -75.611947, 45.431752 ], [ -75.611947, 45.431752 ], [ -75.611947, 45.431752 ], [ -75.611947, 45.431752 ], [ -75.611947, 45.431752 ], [ -75.611947, 45.431752 ], [ -75.611947, 45.431752 ], [ -75.611947, 45.431752 ], [ -75.611947, 45.431752 ], [ -75.611947, 45.431752 ], [ -75.611947, 45.431752 ], [ -75.611947, 45.431752 ], [ -75.611947, 45.431752 ], [ -75.611947, 45.431752 ], [ -75.611947, 45.431752 ], [ -75.611947, 45.431752 ], [ -75.611947, 45.431752 ], [ -75.611947, 45.431752 ], [ -75.611947, 45.431752 ], [ -75.611947, 45.431752 ], [ -75.611947, 45.431752 ], [ -75.611947, 45.431752 ], [ -75.611947, 45.431752 ], [ -75.611947, 45.431752 ], [ -75.611947, 45.431752 ], [ -75.611947, 45.431752 ], [ -75.611947, 45.431752 ], [ -75.611947, 45.431752 ], [ -75.611947, 45.431752 ], [ -75.611947, 45.431752 ], [ -75.611947, 45.431752 ], [ -75.611947, 45.431752 ], [ -75.611947, 45.431752 ], [ -75.611947, 45.431752 ], [ -75.611947, 45.431752 ], [ -75.611947, 45.431752 ], [ -75.611947, 45.431752 ], [ -75.611947, 45.431752 ], [ -75.611947, 45.431752 ], [ -75.611947, 45.431752 ], [ -75.611947, 45.431752 ], [ -75.611947, 45.431752 ], [ -75.611947, 45.431752 ], [ -75.611947, 45.431752 ], [ -75.611947, 45.431752 ], [ -75.611947, 45.431752 ], [ -75.611947, 45.431752 ], [ -75.611947, 45.431752 ], [ -75.611947, 45.431752 ], [ -75.611947, 45.431752 ], [ -75.611947, 45.431752 ], [ -75.611947, 45.431752 ], [ -75.611947, 45.431752 ], [ -75.611947, 45.431752 ], [ -75.611947, 45.431752 ], [ -75.611947, 45.431752 ], [ -75.611947, 45.431752 ], [ -75.611947, 45.431752 ], [ -75.611947, 45.431752 ], [ -75.611947, 45.431752 ], [ -75.611947, 45.431752 ], [ -75.611947, 45.431752 ], [ -75.611947, 45.431752 ], [ -75.611947, 45.431752 ], [ -75.611947, 45.431752 ], [ -75.611947, 45.431752 ], [ -75.611947, 45.431752 ], [ -75.611947, 45.431752 ], [ -75.611947, 45.431752 ], [ -75.611947, 45.431752 ], [ -75.611947, 45.431752 ], [ -75.611947, 45.431752 ], [ -75.611947, 45.431752 ], [ -75.611947, 45.431752 ], [ -75.611947, 45.431752 ], [ -75.611947, 45.431752 ], [ -75.611947, 45.431752 ], [ -75.611947, 45.431752 ], [ -75.611947, 45.431752 ], [ -75.611947, 45.431752 ], [ -75.611947, 45.431752 ], [ -75.611947, 45.431752 ], [ -75.611947, 45.431752 ], [ -75.611947, 45.431752 ], [ -75.611947, 45.431752 ], [ -75.611947, 45.431752 ], [ -75.611947, 45.431752 ], [ -75.611947, 45.431752 ], [ -75.611947, 45.431752 ], [ -75.611947, 45.431752 ], [ -75.611947, 45.431752 ], [ -75.611947, 45.431752 ], [ -75.611947, 45.431752 ], [ -75.611947, 45.431752 ], [ -75.611947, 45.431752 ], [ -75.611947, 45.431752 ], [ -75.611947, 45.431752 ], [ -75.611947, 45.431752 ], [ -75.611947, 45.431752 ], [ -75.611947, 45.431752 ], [ -75.611947, 45.431752 ], [ -75.611947, 45.431752 ], [ -75.611947, 45.431752 ], [ -75.611947, 45.431752 ], [ -75.611947, 45.431752 ], [ -75.611947, 45.431752 ], [ -75.611947, 45.431752 ], [ -75.611947, 45.431752 ], [ -75.611947, 45.431752 ], [ -75.611947, 45.431752 ], [ -75.611947, 45.431752 ], [ -75.611947, 45.431752 ], [ -75.611947, 45.431752 ], [ -75.611947, 45.431752 ], [ -75.611947, 45.431752 ], [ -75.611947, 45.431752 ], [ -75.611947, 45.431752 ], [ -75.611947, 45.431752 ], [ -75.611947, 45.431752 ], [ -75.611947, 45.431752 ], [ -75.611947, 45.431752 ], [ -75.611947, 45.431752 ], [ -75.611947, 45.431752 ], [ -75.611947, 45.431752 ], [ -75.611947, 45.431752 ], [ -75.611947, 45.431752 ], [ -75.611947, 45.431752 ], [ -75.611947, 45.431752 ], [ -75.611947, 45.431752 ], [ -75.611947, 45.431752 ], [ -75.611947, 45.431752 ], [ -75.611947, 45.431752 ], [ -75.611947, 45.431752 ], [ -75.611947, 45.431752 ], [ -75.611947, 45.431752 ], [ -75.611947, 45.431752 ], [ -75.611947, 45.431752 ], [ -75.611947, 45.431752 ], [ -75.611947, 45.431752 ], [ -75.611947, 45.431752 ], [ -75.611947, 45.431752 ], [ -75.611947, 45.431752 ], [ -75.611947, 45.431752 ], [ -75.611947, 45.431752 ], [ -75.611947, 45.431752 ], [ -75.611947, 45.431752 ], [ -75.611947, 45.431752 ], [ -75.611947, 45.431752 ], [ -75.611947, 45.431752 ], [ -75.611947, 45.431752 ], [ -75.611947, 45.431752 ], [ -75.611947, 45.431752 ], [ -75.611947, 45.431752 ], [ -75.611947, 45.431752 ], [ -75.611947, 45.431752 ], [ -75.611947, 45.431752 ], [ -75.611947, 45.431752 ], [ -75.611947, 45.431752 ], [ -75.611947, 45.431752 ], [ -75.611947, 45.431752 ], [ -75.611947, 45.431752 ], [ -75.611947, 45.431752 ], [ -75.611947, 45.431752 ], [ -75.611947, 45.431752 ], [ -75.611947, 45.431752 ], [ -75.611947, 45.431752 ], [ -75.611947, 45.431752 ], [ -75.611947, 45.431752 ], [ -75.611947, 45.431752 ], [ -75.611947, 45.431752 ], [ -75.611947, 45.431752 ], [ -75.611947, 45.431752 ], [ -75.611947, 45.431752 ], [ -75.611947, 45.431752 ], [ -75.611947, 45.431752 ], [ -75.611947, 45.431752 ], [ -75.611947, 45.431752 ], [ -75.611947, 45.431752 ], [ -75.611947, 45.431752 ], [ -75.611947, 45.431752 ], [ -75.611947, 45.431752 ], [ -75.611947, 45.431752 ], [ -75.611947, 45.431752 ], [ -75.611947, 45.431752 ], [ -75.611947, 45.431752 ], [ -75.611947, 45.431752 ], [ -75.611947, 45.431752 ], [ -75.611947, 45.431752 ], [ -75.611947, 45.431752 ], [ -75.611947, 45.431752 ], [ -75.611947, 45.431752 ], [ -75.611947, 45.431752 ], [ -75.611947, 45.431752 ], [ -75.611947, 45.431752 ], [ -75.611947, 45.431752 ], [ -75.611947, 45.431752 ], [ -75.611947, 45.431752 ], [ -75.611947, 45.431752 ], [ -75.611947, 45.431752 ], [ -75.611947, 45.431752 ], [ -75.611947, 45.431752 ], [ -75.611947, 45.431752 ], [ -75.611947, 45.431752 ], [ -75.611947, 45.431752 ], [ -75.611947, 45.431752 ], [ -75.611947, 45.431752 ], [ -75.611947, 45.431752 ], [ -75.611947, 45.431752 ], [ -75.611947, 45.431752 ], [ -75.611947, 45.431752 ], [ -75.611947, 45.431752 ], [ -75.611947, 45.431752 ], [ -75.611947, 45.431752 ], [ -75.611947, 45.431752 ], [ -75.611947, 45.431752 ], [ -75.611947, 45.431752 ], [ -75.611947, 45.431752 ], [ -75.611947, 45.431752 ], [ -75.611947, 45.431752 ], [ -75.611947, 45.431752 ], [ -75.611947, 45.431752 ], [ -75.611947, 45.431752 ], [ -75.611947, 45.431752 ], [ -75.611947, 45.431752 ], [ -75.611947, 45.431752 ], [ -75.611947, 45.431752 ], [ -75.611947, 45.431752 ], [ -75.611947, 45.431752 ], [ -75.611947, 45.431752 ], [ -75.611947, 45.431752 ], [ -75.611947, 45.431752 ], [ -75.611947, 45.431752 ], [ -75.611947, 45.431752 ], [ -75.611947, 45.431752 ], [ -75.611947, 45.431752 ], [ -75.611947, 45.431752 ], [ -75.611947, 45.431752 ], [ -75.611947, 45.431752 ], [ -75.611947, 45.431752 ], [ -75.611947, 45.431752 ], [ -75.611947, 45.431752 ], [ -75.611947, 45.431752 ], [ -75.611947, 45.431752 ], [ -75.611947, 45.431752 ], [ -75.611947, 45.431752 ], [ -75.611947, 45.431752 ], [ -75.611947, 45.431752 ], [ -75.611947, 45.431752 ], [ -75.611947, 45.431752 ], [ -75.611947, 45.431752 ], [ -75.611947, 45.431752 ], [ -75.611947, 45.431752 ], [ -75.611947, 45.431752 ], [ -75.611947, 45.431752 ], [ -75.611947, 45.431752 ], [ -75.611947, 45.431752 ], [ -75.611947, 45.431752 ], [ -75.611947, 45.431752 ], [ -75.611947, 45.431752 ], [ -75.611947, 45.431752 ], [ -75.611947, 45.431752 ], [ -75.611947, 45.431752 ], [ -75.611947, 45.431752 ], [ -75.611947, 45.431752 ], [ -75.611947, 45.431752 ], [ -75.611947, 45.431752 ], [ -75.611947, 45.431752 ], [ -75.611947, 45.431752 ], [ -75.611947, 45.431752 ], [ -75.611947, 45.431752 ], [ -75.611947, 45.431752 ], [ -75.611947, 45.431752 ], [ -75.611947, 45.431752 ], [ -75.611947, 45.431752 ], [ -75.611947, 45.431752 ], [ -75.611947, 45.431752 ], [ -75.611947, 45.431752 ], [ -75.611947, 45.431752 ], [ -75.611947, 45.431752 ], [ -75.611947, 45.431752 ], [ -75.611947, 45.431752 ], [ -75.611947, 45.431752 ], [ -75.611947, 45.431752 ], [ -75.611947, 45.431752 ], [ -75.611947, 45.431752 ], [ -75.611947, 45.431752 ], [ -75.611947, 45.431752 ], [ -75.611947, 45.431752 ], [ -75.611947, 45.431752 ], [ -75.611947, 45.431752 ], [ -75.611947, 45.431752 ], [ -75.611947, 45.431752 ], [ -75.611947, 45.431752 ], [ -75.611947, 45.431752 ], [ -75.611947, 45.431752 ], [ -75.611947, 45.431752 ], [ -75.611947, 45.431752 ], [ -75.611947, 45.431752 ], [ -75.611947, 45.431752 ], [ -75.611947, 45.431752 ], [ -75.611947, 45.431752 ], [ -75.611947, 45.431752 ], [ -75.611947, 45.431752 ], [ -75.611947, 45.431752 ], [ -75.611947, 45.431752 ], [ -75.611947, 45.431752 ], [ -75.611947, 45.431752 ], [ -75.611947, 45.431752 ], [ -75.611947, 45.431752 ], [ -75.611947, 45.431752 ], [ -75.611947, 45.431752 ], [ -75.611947, 45.431752 ], [ -75.611947, 45.431752 ], [ -75.611947, 45.431752 ], [ -75.611947, 45.431752 ], [ -75.611947, 45.431752 ], [ -75.611947, 45.431752 ], [ -75.611947, 45.431752 ], [ -75.611947, 45.431752 ], [ -75.611947, 45.431752 ], [ -75.611947, 45.431752 ], [ -75.611947, 45.431752 ], [ -75.611947, 45.431752 ], [ -75.611947, 45.431752 ], [ -75.611947, 45.431752 ], [ -75.611947, 45.431752 ], [ -75.611947, 45.431752 ], [ -75.611947, 45.431752 ], [ -75.611947, 45.431752 ], [ -75.611947, 45.431752 ], [ -75.611947, 45.431752 ], [ -75.611947, 45.431752 ], [ -75.611947, 45.431752 ], [ -75.611947, 45.431752 ], [ -75.611947, 45.431752 ], [ -75.611947, 45.431752 ], [ -75.611947, 45.431752 ], [ -75.611947, 45.431752 ], [ -75.611947, 45.431752 ], [ -75.611947, 45.431752 ], [ -75.611947, 45.431752 ], [ -75.611947, 45.431752 ], [ -75.611947, 45.431752 ], [ -75.611947, 45.431752 ], [ -75.611947, 45.431752 ], [ -75.611947, 45.431752 ], [ -75.611947, 45.431752 ], [ -75.611947, 45.431752 ], [ -75.611947, 45.431752 ], [ -75.611947, 45.431752 ], [ -75.611947, 45.431752 ], [ -75.611947, 45.431752 ], [ -75.611947, 45.431752 ], [ -75.611947, 45.431752 ], [ -75.611947, 45.431752 ], [ -75.611947, 45.431752 ], [ -75.611947, 45.431752 ], [ -75.611947, 45.431752 ], [ -75.611947, 45.431752 ], [ -75.611947, 45.431752 ], [ -75.611947, 45.431752 ], [ -75.611947, 45.431752 ], [ -75.611947, 45.431752 ], [ -75.611947, 45.431752 ], [ -75.611947, 45.431752 ], [ -75.611947, 45.431752 ], [ -75.611947, 45.431752 ], [ -75.611947, 45.431752 ], [ -75.611947, 45.431752 ], [ -75.611947, 45.431752 ], [ -75.611947, 45.431752 ], [ -75.611947, 45.431752 ], [ -75.611947, 45.431752 ], [ -75.611947, 45.431752 ], [ -75.611947, 45.431752 ], [ -75.611947, 45.431752 ], [ -75.611947, 45.431752 ], [ -75.611947, 45.431752 ], [ -75.611947, 45.431752 ], [ -75.611947, 45.431752 ], [ -75.611947, 45.431752 ], [ -75.611947, 45.431752 ], [ -75.611947, 45.431752 ], [ -75.611947, 45.431752 ], [ -75.611947, 45.431752 ], [ -75.611947, 45.431752 ], [ -75.611947, 45.431752 ], [ -75.611947, 45.431752 ], [ -75.611947, 45.431752 ], [ -75.611947, 45.431752 ], [ -75.611947, 45.431752 ], [ -75.611947, 45.431752 ], [ -75.611947, 45.431752 ], [ -75.611947, 45.431752 ], [ -75.611947, 45.431752 ], [ -75.611947, 45.431752 ], [ -75.611947, 45.431752 ], [ -75.611947, 45.431752 ], [ -75.611947, 45.431752 ], [ -75.611947, 45.431752 ], [ -75.611947, 45.431752 ], [ -75.611947, 45.431752 ], [ -75.611947, 45.431752 ], [ -75.611947, 45.431752 ], [ -75.611947, 45.431752 ], [ -75.611947, 45.431752 ], [ -75.611947, 45.431752 ], [ -75.611947, 45.431752 ], [ -75.611947, 45.431752 ], [ -75.611947, 45.431752 ], [ -75.611947, 45.431752 ], [ -75.611947, 45.431752 ], [ -75.611947, 45.431752 ], [ -75.611947, 45.431752 ], [ -75.611947, 45.431752 ], [ -75.611947, 45.431752 ], [ -75.611947, 45.431752 ], [ -75.611947, 45.431752 ], [ -75.611947, 45.431752 ], [ -75.611947, 45.431752 ], [ -75.611947, 45.431752 ], [ -75.611947, 45.431752 ], [ -75.611947, 45.431752 ], [ -75.611947, 45.431752 ], [ -75.611947, 45.431752 ], [ -75.611947, 45.431752 ], [ -75.611947, 45.431752 ], [ -75.611947, 45.431752 ], [ -75.611947, 45.431752 ], [ -75.611947, 45.431752 ], [ -75.611947, 45.431752 ], [ -75.611947, 45.431752 ], [ -75.611947, 45.431752 ], [ -75.611947, 45.431752 ], [ -75.611947, 45.431752 ], [ -75.611947, 45.431752 ], [ -75.611947, 45.431752 ], [ -75.611947, 45.431752 ], [ -75.611947, 45.431752 ], [ -75.611947, 45.431752 ], [ -75.611947, 45.431752 ], [ -75.611947, 45.431752 ], [ -75.611947, 45.431752 ], [ -75.611947, 45.431752 ], [ -75.611947, 45.431752 ], [ -75.611947, 45.431752 ], [ -75.611947, 45.431752 ], [ -75.611947, 45.431752 ], [ -75.611947, 45.431752 ], [ -75.611947, 45.431752 ], [ -75.611947, 45.431752 ], [ -75.611947, 45.431752 ], [ -75.611947, 45.431752 ], [ -75.611947, 45.431752 ], [ -75.611947, 45.431752 ], [ -75.611947, 45.431752 ], [ -75.611947, 45.431752 ], [ -75.611947, 45.431752 ], [ -75.611947, 45.431752 ], [ -75.611947, 45.431752 ], [ -75.611947, 45.431752 ], [ -75.611947, 45.431752 ], [ -75.611947, 45.431752 ], [ -75.611947, 45.431752 ], [ -75.611947, 45.431752 ], [ -75.611947, 45.431752 ], [ -75.611947, 45.431752 ], [ -75.611947, 45.431752 ], [ -75.611947, 45.431752 ], [ -75.611947, 45.431752 ], [ -75.611947, 45.431752 ], [ -75.611947, 45.431752 ], [ -75.611947, 45.431752 ], [ -75.611947, 45.431752 ], [ -75.611947, 45.431752 ], [ -75.611947, 45.431752 ], [ -75.611947, 45.431752 ], [ -75.611947, 45.431752 ], [ -75.611947, 45.431752 ], [ -75.611947, 45.431752 ], [ -75.611947, 45.431752 ], [ -75.611947, 45.431752 ], [ -75.611947, 45.431752 ], [ -75.611947, 45.431752 ], [ -75.611947, 45.431752 ], [ -75.611947, 45.431752 ], [ -75.611947, 45.431752 ], [ -75.611947, 45.431752 ], [ -75.611947, 45.431752 ], [ -75.611947, 45.431752 ], [ -75.611947, 45.431752 ], [ -75.611947, 45.431752 ], [ -75.611947, 45.431752 ], [ -75.611947, 45.431752 ], [ -75.611947, 45.431752 ], [ -75.611947, 45.431752 ], [ -75.611947, 45.431752 ], [ -75.611947, 45.431752 ], [ -75.611947, 45.431752 ], [ -75.611947, 45.431752 ], [ -75.611947, 45.431752 ], [ -75.611947, 45.431752 ], [ -75.611947, 45.431752 ], [ -75.611947, 45.431752 ], [ -75.611947, 45.431752 ], [ -75.611947, 45.431752 ], [ -75.611947, 45.431752 ], [ -75.611947, 45.431752 ], [ -75.611947, 45.431752 ], [ -75.611947, 45.431752 ], [ -75.611947, 45.431752 ], [ -75.611947, 45.431752 ], [ -75.611947, 45.431752 ], [ -75.611947, 45.431752 ], [ -75.611947, 45.431752 ], [ -75.611947, 45.431752 ], [ -75.611947, 45.431752 ], [ -75.611947, 45.431752 ], [ -75.611947, 45.431752 ], [ -75.611947, 45.431752 ], [ -75.611947, 45.431752 ], [ -75.611947, 45.431752 ], [ -75.611947, 45.431752 ], [ -75.611947, 45.431752 ], [ -75.611947, 45.431752 ], [ -75.611947, 45.431752 ], [ -75.611947, 45.431752 ], [ -75.611947, 45.431752 ], [ -75.611947, 45.431752 ], [ -75.611947, 45.431752 ], [ -75.611947, 45.431752 ], [ -75.611947, 45.431752 ], [ -75.611947, 45.431752 ], [ -75.611947, 45.431752 ], [ -75.611947, 45.431752 ], [ -75.611947, 45.431752 ], [ -75.611947, 45.431752 ], [ -75.611947, 45.431752 ], [ -75.611947, 45.431752 ], [ -75.611947, 45.431752 ], [ -75.611947, 45.431752 ], [ -75.611947, 45.431752 ], [ -75.611947, 45.431752 ], [ -75.611947, 45.431752 ], [ -75.611947, 45.431752 ], [ -75.611947, 45.431752 ], [ -75.611947, 45.431752 ], [ -75.611947, 45.431752 ], [ -75.611947, 45.431752 ], [ -75.611947, 45.431752 ], [ -75.611947, 45.431752 ], [ -75.611947, 45.431752 ], [ -75.611947, 45.431752 ], [ -75.611947, 45.431752 ], [ -75.611947, 45.431752 ], [ -75.611947, 45.431752 ], [ -75.611947, 45.431752 ], [ -75.611947, 45.431752 ], [ -75.611947, 45.431752 ], [ -75.611947, 45.431752 ], [ -75.611947, 45.431752 ], [ -75.611947, 45.431752 ], [ -75.611947, 45.431752 ], [ -75.611947, 45.431752 ], [ -75.611947, 45.431752 ], [ -75.611947, 45.431752 ], [ -75.611947, 45.431752 ], [ -75.611947, 45.431752 ], [ -75.611947, 45.431607 ], [ -75.611947, 45.431462 ], [ -75.612156, 45.431199 ], [ -75.612156, 45.431199 ], [ -75.612156, 45.431199 ], [ -75.612156, 45.431199 ], [ -75.612156, 45.431199 ], [ -75.612156, 45.431199 ], [ -75.612156, 45.431199 ], [ -75.612156, 45.431199 ], [ -75.612156, 45.431199 ], [ -75.612156, 45.431199 ], [ -75.612156, 45.431199 ], [ -75.612156, 45.431199 ], [ -75.612156, 45.431199 ], [ -75.612156, 45.431199 ], [ -75.612156, 45.431199 ], [ -75.612156, 45.431199 ], [ -75.612156, 45.431199 ], [ -75.612156, 45.431199 ], [ -75.612156, 45.431199 ], [ -75.612156, 45.431199 ], [ -75.612156, 45.431199 ], [ -75.612156, 45.431199 ], [ -75.612156, 45.431199 ], [ -75.612156, 45.431199 ], [ -75.612156, 45.431199 ], [ -75.612156, 45.431199 ], [ -75.612156, 45.431199 ], [ -75.612156, 45.431199 ], [ -75.612156, 45.431199 ], [ -75.612156, 45.431199 ], [ -75.612156, 45.431199 ], [ -75.612156, 45.431199 ], [ -75.612156, 45.431199 ], [ -75.612156, 45.431199 ], [ -75.612156, 45.431199 ], [ -75.612156, 45.431199 ], [ -75.612156, 45.431199 ], [ -75.612156, 45.431199 ], [ -75.612156, 45.431199 ], [ -75.612156, 45.431199 ], [ -75.612156, 45.431199 ], [ -75.612156, 45.431199 ], [ -75.612156, 45.431199 ], [ -75.612156, 45.431199 ], [ -75.612156, 45.431199 ], [ -75.612156, 45.431199 ], [ -75.612156, 45.431199 ], [ -75.612156, 45.431199 ], [ -75.612156, 45.431199 ], [ -75.612156, 45.431199 ], [ -75.612156, 45.431199 ], [ -75.612156, 45.431199 ], [ -75.612156, 45.431199 ], [ -75.612156, 45.431199 ], [ -75.612156, 45.431199 ], [ -75.612156, 45.431199 ], [ -75.612156, 45.431199 ], [ -75.612156, 45.431199 ], [ -75.612156, 45.431199 ], [ -75.612156, 45.431199 ], [ -75.612156, 45.431199 ], [ -75.612156, 45.431199 ], [ -75.612156, 45.431199 ], [ -75.612156, 45.431199 ], [ -75.612156, 45.431199 ], [ -75.612156, 45.431199 ], [ -75.612156, 45.431199 ], [ -75.612156, 45.431199 ], [ -75.612156, 45.431199 ], [ -75.612156, 45.431199 ], [ -75.612156, 45.431199 ], [ -75.612156, 45.431199 ], [ -75.612156, 45.431199 ], [ -75.612156, 45.431199 ], [ -75.612156, 45.431199 ], [ -75.612156, 45.431199 ], [ -75.612156, 45.431199 ], [ -75.612156, 45.431199 ], [ -75.612156, 45.431199 ], [ -75.612156, 45.431199 ], [ -75.612156, 45.431199 ], [ -75.612156, 45.431199 ], [ -75.612156, 45.431199 ], [ -75.612156, 45.431199 ], [ -75.612156, 45.431199 ], [ -75.612156, 45.431199 ], [ -75.612156, 45.431199 ], [ -75.612156, 45.431199 ], [ -75.612156, 45.431199 ], [ -75.612156, 45.431199 ], [ -75.612156, 45.431199 ], [ -75.612156, 45.431199 ], [ -75.612156, 45.431199 ], [ -75.612156, 45.431199 ], [ -75.612156, 45.431199 ], [ -75.612156, 45.431199 ], [ -75.612156, 45.431199 ], [ -75.612156, 45.431199 ], [ -75.612156, 45.431199 ], [ -75.612156, 45.431199 ], [ -75.612156, 45.431199 ], [ -75.612156, 45.431199 ], [ -75.612156, 45.431199 ], [ -75.612156, 45.431199 ], [ -75.612156, 45.431199 ], [ -75.612156, 45.431199 ], [ -75.612156, 45.431199 ], [ -75.612156, 45.431199 ], [ -75.612156, 45.431199 ], [ -75.612156, 45.431199 ], [ -75.612156, 45.431199 ], [ -75.612156, 45.431199 ], [ -75.612156, 45.431199 ], [ -75.612156, 45.431199 ], [ -75.612156, 45.431199 ], [ -75.612156, 45.431199 ], [ -75.612156, 45.431199 ], [ -75.612156, 45.431199 ], [ -75.612156, 45.431199 ], [ -75.612156, 45.431199 ], [ -75.612156, 45.431199 ], [ -75.612156, 45.431199 ], [ -75.612156, 45.431199 ], [ -75.612156, 45.431199 ], [ -75.612156, 45.431199 ], [ -75.612156, 45.431199 ], [ -75.612156, 45.431199 ], [ -75.612156, 45.431199 ], [ -75.612156, 45.431199 ], [ -75.612156, 45.431199 ], [ -75.612156, 45.431199 ], [ -75.612156, 45.431199 ], [ -75.612156, 45.431199 ], [ -75.612156, 45.431199 ], [ -75.612156, 45.431199 ], [ -75.612156, 45.431199 ], [ -75.612156, 45.431199 ], [ -75.612156, 45.431199 ], [ -75.612156, 45.431199 ], [ -75.612156, 45.431199 ], [ -75.612156, 45.431199 ], [ -75.612156, 45.431199 ], [ -75.612156, 45.431199 ], [ -75.612156, 45.431199 ], [ -75.612156, 45.431199 ], [ -75.612156, 45.431199 ], [ -75.612156, 45.431199 ], [ -75.612156, 45.431199 ], [ -75.612156, 45.431199 ], [ -75.612156, 45.431199 ], [ -75.612156, 45.431199 ], [ -75.612156, 45.431199 ], [ -75.612156, 45.431199 ], [ -75.612156, 45.431199 ], [ -75.612156, 45.431199 ], [ -75.612156, 45.431199 ], [ -75.612156, 45.431199 ], [ -75.612156, 45.431199 ], [ -75.612156, 45.431199 ], [ -75.612156, 45.431199 ], [ -75.612156, 45.431199 ], [ -75.612156, 45.431199 ], [ -75.612156, 45.431199 ], [ -75.612156, 45.431199 ], [ -75.612156, 45.431199 ], [ -75.612156, 45.431199 ], [ -75.612156, 45.431199 ], [ -75.612156, 45.431199 ], [ -75.612156, 45.431199 ], [ -75.612156, 45.431199 ], [ -75.612156, 45.431199 ], [ -75.612156, 45.431199 ], [ -75.612156, 45.431199 ], [ -75.612156, 45.431199 ], [ -75.612156, 45.431199 ], [ -75.612156, 45.431199 ], [ -75.612156, 45.431199 ], [ -75.612156, 45.431199 ], [ -75.612156, 45.431199 ], [ -75.612156, 45.431199 ], [ -75.612156, 45.431199 ], [ -75.612156, 45.431199 ], [ -75.612156, 45.431199 ], [ -75.612156, 45.431199 ], [ -75.612156, 45.431199 ], [ -75.612156, 45.431199 ], [ -75.612156, 45.431199 ], [ -75.612156, 45.431199 ], [ -75.612156, 45.431199 ], [ -75.612156, 45.431199 ], [ -75.612156, 45.431199 ], [ -75.612156, 45.431199 ], [ -75.612156, 45.431199 ], [ -75.612156, 45.431199 ], [ -75.612156, 45.431199 ], [ -75.612156, 45.431199 ], [ -75.612156, 45.431199 ], [ -75.612156, 45.431199 ], [ -75.612156, 45.431199 ], [ -75.612156, 45.431199 ], [ -75.612156, 45.431199 ], [ -75.612156, 45.431199 ], [ -75.612156, 45.431199 ], [ -75.612156, 45.431199 ], [ -75.612156, 45.431199 ], [ -75.612156, 45.431199 ], [ -75.612156, 45.431199 ], [ -75.612156, 45.431199 ], [ -75.612156, 45.431199 ], [ -75.612156, 45.431199 ], [ -75.612156, 45.431199 ], [ -75.612156, 45.431199 ], [ -75.612156, 45.431199 ], [ -75.612156, 45.431199 ], [ -75.612156, 45.431199 ], [ -75.612156, 45.431199 ], [ -75.612156, 45.431199 ], [ -75.612156, 45.431199 ], [ -75.612156, 45.431199 ], [ -75.612156, 45.431199 ], [ -75.612156, 45.431199 ], [ -75.612156, 45.431199 ], [ -75.612156, 45.431199 ], [ -75.612156, 45.431199 ], [ -75.612156, 45.431199 ], [ -75.612156, 45.431199 ], [ -75.612156, 45.431199 ], [ -75.612156, 45.431199 ], [ -75.612156, 45.431199 ], [ -75.612156, 45.431199 ], [ -75.612156, 45.431199 ], [ -75.612156, 45.431199 ], [ -75.612156, 45.431199 ], [ -75.612156, 45.431199 ], [ -75.612156, 45.431199 ], [ -75.612156, 45.431199 ], [ -75.612156, 45.431199 ], [ -75.612156, 45.431199 ], [ -75.612156, 45.431199 ], [ -75.612156, 45.431199 ], [ -75.612156, 45.431199 ], [ -75.612156, 45.431199 ], [ -75.612156, 45.431199 ], [ -75.612156, 45.431199 ], [ -75.612156, 45.431199 ], [ -75.612156, 45.431199 ], [ -75.612156, 45.431199 ], [ -75.612156, 45.431199 ], [ -75.612156, 45.431199 ], [ -75.612156, 45.431199 ], [ -75.612156, 45.431199 ], [ -75.612156, 45.431199 ], [ -75.612156, 45.431199 ], [ -75.612156, 45.431199 ], [ -75.612156, 45.431199 ], [ -75.612156, 45.431199 ], [ -75.612156, 45.431199 ], [ -75.612156, 45.431199 ], [ -75.612156, 45.431199 ], [ -75.612156, 45.431199 ], [ -75.612156, 45.431199 ], [ -75.612156, 45.431199 ], [ -75.612156, 45.431199 ], [ -75.612156, 45.431199 ], [ -75.612156, 45.431199 ], [ -75.612156, 45.431199 ], [ -75.612156, 45.431199 ], [ -75.612156, 45.431199 ], [ -75.612156, 45.431199 ], [ -75.612156, 45.431199 ], [ -75.612156, 45.431199 ], [ -75.612156, 45.431199 ], [ -75.612156, 45.431199 ], [ -75.612156, 45.431199 ], [ -75.612156, 45.431199 ], [ -75.612156, 45.431199 ], [ -75.612156, 45.431199 ], [ -75.612156, 45.431199 ], [ -75.612156, 45.431199 ], [ -75.612156, 45.431199 ], [ -75.612156, 45.431199 ], [ -75.612156, 45.431199 ], [ -75.612156, 45.431199 ], [ -75.612156, 45.431199 ], [ -75.612156, 45.431199 ], [ -75.612156, 45.431199 ], [ -75.612156, 45.431199 ], [ -75.612156, 45.431199 ], [ -75.612156, 45.431199 ], [ -75.612156, 45.431199 ], [ -75.612156, 45.431199 ], [ -75.612156, 45.431199 ], [ -75.612156, 45.431199 ], [ -75.612156, 45.431199 ], [ -75.612156, 45.431199 ], [ -75.612156, 45.431199 ], [ -75.612156, 45.431199 ], [ -75.612156, 45.431199 ], [ -75.612156, 45.431199 ], [ -75.612156, 45.431199 ], [ -75.612156, 45.431199 ], [ -75.612156, 45.431199 ], [ -75.612156, 45.431199 ], [ -75.612156, 45.431199 ], [ -75.612156, 45.431199 ], [ -75.612156, 45.431199 ], [ -75.612156, 45.431199 ], [ -75.612156, 45.431199 ], [ -75.612156, 45.431199 ], [ -75.612156, 45.431199 ], [ -75.612156, 45.431199 ], [ -75.612156, 45.431199 ], [ -75.612156, 45.431199 ], [ -75.612156, 45.431199 ], [ -75.612156, 45.431199 ], [ -75.612156, 45.431199 ], [ -75.612156, 45.431199 ], [ -75.612156, 45.431199 ], [ -75.612156, 45.431199 ], [ -75.612156, 45.431199 ], [ -75.612156, 45.431199 ], [ -75.612156, 45.431199 ], [ -75.612156, 45.431199 ], [ -75.612156, 45.431199 ], [ -75.612156, 45.431199 ], [ -75.612156, 45.431199 ], [ -75.612156, 45.431199 ], [ -75.612156, 45.431199 ], [ -75.612156, 45.431199 ], [ -75.612156, 45.431199 ], [ -75.612156, 45.431199 ], [ -75.612156, 45.431199 ], [ -75.612156, 45.431199 ], [ -75.612156, 45.431199 ], [ -75.612156, 45.431199 ], [ -75.612156, 45.431199 ], [ -75.612156, 45.431199 ], [ -75.612156, 45.431199 ], [ -75.612156, 45.431199 ], [ -75.612156, 45.431199 ], [ -75.612156, 45.431199 ], [ -75.612156, 45.431199 ], [ -75.612156, 45.431199 ], [ -75.612156, 45.431199 ], [ -75.612156, 45.431199 ], [ -75.612156, 45.431199 ], [ -75.612156, 45.431199 ], [ -75.612156, 45.431199 ], [ -75.612156, 45.431199 ], [ -75.612156, 45.431199 ], [ -75.612156, 45.431199 ], [ -75.612156, 45.431199 ], [ -75.612156, 45.431199 ], [ -75.612156, 45.431199 ], [ -75.612156, 45.431199 ], [ -75.612156, 45.431199 ], [ -75.612156, 45.431199 ], [ -75.612156, 45.431199 ], [ -75.612156, 45.431199 ], [ -75.612156, 45.431199 ], [ -75.612156, 45.431199 ], [ -75.612156, 45.431199 ], [ -75.612156, 45.431199 ], [ -75.612156, 45.431199 ], [ -75.612156, 45.431199 ], [ -75.612156, 45.431199 ], [ -75.612156, 45.431199 ], [ -75.612156, 45.431199 ], [ -75.612156, 45.431199 ], [ -75.612156, 45.431199 ], [ -75.612156, 45.431199 ], [ -75.612156, 45.431199 ], [ -75.612156, 45.431199 ], [ -75.612156, 45.431199 ], [ -75.612156, 45.431199 ], [ -75.612156, 45.431199 ], [ -75.612156, 45.431199 ], [ -75.612156, 45.431199 ], [ -75.612156, 45.431199 ], [ -75.612156, 45.431199 ], [ -75.612156, 45.431199 ], [ -75.612156, 45.431199 ], [ -75.612156, 45.431199 ], [ -75.612156, 45.431199 ], [ -75.612156, 45.431199 ], [ -75.612156, 45.431199 ], [ -75.612156, 45.431199 ], [ -75.612156, 45.431199 ], [ -75.612156, 45.431199 ], [ -75.612156, 45.431199 ], [ -75.612156, 45.431199 ], [ -75.612156, 45.431199 ], [ -75.612156, 45.431199 ], [ -75.612156, 45.431199 ], [ -75.612156, 45.431199 ], [ -75.612156, 45.431199 ], [ -75.612156, 45.431199 ], [ -75.612156, 45.431199 ], [ -75.612156, 45.431199 ], [ -75.612156, 45.431199 ], [ -75.612156, 45.431199 ], [ -75.612156, 45.431199 ], [ -75.612156, 45.431199 ], [ -75.612156, 45.431199 ], [ -75.612156, 45.431199 ], [ -75.612156, 45.431199 ], [ -75.612156, 45.431199 ], [ -75.612156, 45.431199 ], [ -75.612156, 45.431199 ], [ -75.612156, 45.431199 ], [ -75.612156, 45.431199 ], [ -75.612156, 45.431199 ], [ -75.612156, 45.431199 ], [ -75.612156, 45.431199 ], [ -75.612156, 45.431199 ], [ -75.612156, 45.431199 ], [ -75.612156, 45.431199 ], [ -75.612156, 45.431199 ], [ -75.612156, 45.431199 ], [ -75.612156, 45.431199 ], [ -75.612156, 45.431199 ], [ -75.612156, 45.431199 ], [ -75.612156, 45.431199 ], [ -75.612156, 45.431199 ], [ -75.612156, 45.431199 ], [ -75.612156, 45.431199 ], [ -75.612156, 45.431199 ], [ -75.612156, 45.431199 ], [ -75.612156, 45.431199 ], [ -75.612156, 45.431199 ], [ -75.612156, 45.431199 ], [ -75.612156, 45.431199 ], [ -75.612156, 45.431199 ], [ -75.612156, 45.431199 ], [ -75.612156, 45.431199 ], [ -75.612156, 45.431199 ], [ -75.612156, 45.431199 ], [ -75.612156, 45.431199 ], [ -75.612156, 45.431199 ], [ -75.612156, 45.431199 ], [ -75.612156, 45.431199 ], [ -75.612156, 45.431199 ], [ -75.612156, 45.431199 ], [ -75.612156, 45.431199 ], [ -75.612156, 45.431199 ], [ -75.612156, 45.431199 ], [ -75.612156, 45.431199 ], [ -75.612156, 45.431199 ], [ -75.612156, 45.431199 ], [ -75.612156, 45.431199 ], [ -75.612156, 45.431199 ], [ -75.612156, 45.431199 ], [ -75.612156, 45.431199 ], [ -75.612156, 45.431199 ], [ -75.612156, 45.431199 ], [ -75.612156, 45.431199 ], [ -75.612156, 45.431199 ], [ -75.612156, 45.431199 ], [ -75.612156, 45.431199 ], [ -75.612156, 45.431199 ], [ -75.612156, 45.431199 ], [ -75.612156, 45.431199 ], [ -75.612156, 45.431199 ], [ -75.612156, 45.431199 ], [ -75.612156, 45.431199 ], [ -75.612156, 45.431199 ], [ -75.612156, 45.431199 ], [ -75.612156, 45.431199 ], [ -75.612156, 45.431199 ], [ -75.612156, 45.431199 ], [ -75.612156, 45.431199 ], [ -75.612156, 45.431199 ], [ -75.612156, 45.431199 ], [ -75.612156, 45.431199 ], [ -75.612156, 45.431199 ], [ -75.612156, 45.431199 ], [ -75.612156, 45.431199 ], [ -75.612156, 45.431199 ], [ -75.612156, 45.431199 ], [ -75.612156, 45.431199 ], [ -75.612156, 45.431199 ], [ -75.612156, 45.431199 ], [ -75.612156, 45.431199 ], [ -75.612156, 45.431199 ], [ -75.612156, 45.431199 ], [ -75.612156, 45.431199 ], [ -75.612156, 45.431199 ], [ -75.612156, 45.431199 ], [ -75.612156, 45.431199 ], [ -75.612156, 45.431199 ], [ -75.612156, 45.431199 ], [ -75.612156, 45.431199 ], [ -75.612156, 45.431199 ], [ -75.612156, 45.431199 ], [ -75.612156, 45.431199 ], [ -75.612156, 45.431199 ], [ -75.612156, 45.431199 ], [ -75.612156, 45.431199 ], [ -75.612156, 45.431199 ], [ -75.612156, 45.431199 ], [ -75.612156, 45.431199 ], [ -75.612156, 45.431199 ], [ -75.612156, 45.431199 ], [ -75.612156, 45.431199 ], [ -75.612156, 45.431199 ], [ -75.612156, 45.431199 ], [ -75.612156, 45.431199 ], [ -75.612156, 45.431199 ], [ -75.612156, 45.431199 ], [ -75.612156, 45.431199 ], [ -75.612156, 45.431199 ], [ -75.612156, 45.431199 ], [ -75.612156, 45.431199 ], [ -75.612156, 45.431199 ], [ -75.612156, 45.431199 ], [ -75.612156, 45.431199 ], [ -75.612156, 45.431199 ], [ -75.612156, 45.431199 ], [ -75.612156, 45.431199 ], [ -75.612156, 45.431199 ], [ -75.612156, 45.431199 ], [ -75.612156, 45.431199 ], [ -75.612156, 45.431199 ], [ -75.612156, 45.431199 ], [ -75.612156, 45.431199 ], [ -75.612156, 45.431199 ], [ -75.612156, 45.431199 ], [ -75.612156, 45.431199 ], [ -75.612156, 45.431199 ], [ -75.612156, 45.431199 ], [ -75.612156, 45.431199 ], [ -75.612156, 45.431199 ], [ -75.612156, 45.431199 ], [ -75.612156, 45.431199 ], [ -75.612156, 45.431199 ], [ -75.612156, 45.431199 ], [ -75.612156, 45.431199 ], [ -75.612156, 45.431199 ], [ -75.612156, 45.431199 ], [ -75.612156, 45.431199 ], [ -75.612156, 45.431199 ], [ -75.612156, 45.431199 ], [ -75.612156, 45.431199 ], [ -75.612156, 45.431199 ], [ -75.612156, 45.431199 ], [ -75.612156, 45.431199 ], [ -75.612156, 45.431199 ], [ -75.612156, 45.431199 ], [ -75.612156, 45.431199 ], [ -75.612156, 45.431199 ], [ -75.612156, 45.431199 ], [ -75.612156, 45.431199 ], [ -75.612156, 45.431199 ], [ -75.612156, 45.431199 ], [ -75.612156, 45.431199 ], [ -75.612156, 45.431199 ], [ -75.612156, 45.431199 ], [ -75.612156, 45.431199 ], [ -75.612156, 45.431199 ], [ -75.612156, 45.431199 ], [ -75.612156, 45.431199 ], [ -75.612156, 45.431199 ], [ -75.612156, 45.431199 ], [ -75.612156, 45.431199 ], [ -75.612156, 45.431199 ], [ -75.612156, 45.431199 ], [ -75.612156, 45.431199 ], [ -75.612156, 45.431199 ], [ -75.612156, 45.431199 ], [ -75.612156, 45.431199 ], [ -75.612156, 45.431199 ], [ -75.612156, 45.431199 ], [ -75.612156, 45.431199 ], [ -75.612156, 45.431199 ], [ -75.612156, 45.431199 ], [ -75.612156, 45.431199 ], [ -75.612156, 45.431199 ], [ -75.612156, 45.431199 ], [ -75.612156, 45.431199 ], [ -75.612156, 45.431199 ], [ -75.612156, 45.431199 ], [ -75.612156, 45.431199 ], [ -75.612156, 45.431199 ], [ -75.612156, 45.431199 ], [ -75.612156, 45.431199 ], [ -75.612156, 45.431199 ], [ -75.612156, 45.431199 ], [ -75.612156, 45.431199 ], [ -75.612156, 45.431199 ], [ -75.612156, 45.431199 ], [ -75.612156, 45.431199 ], [ -75.612156, 45.431199 ], [ -75.612156, 45.431199 ], [ -75.612156, 45.431199 ], [ -75.612156, 45.431199 ], [ -75.612156, 45.431199 ], [ -75.612156, 45.431199 ], [ -75.612156, 45.431199 ], [ -75.612156, 45.431199 ], [ -75.612156, 45.431199 ], [ -75.612156, 45.431199 ], [ -75.612156, 45.431199 ], [ -75.612156, 45.431199 ], [ -75.612156, 45.431199 ], [ -75.612156, 45.431199 ], [ -75.612156, 45.431199 ], [ -75.612156, 45.431199 ], [ -75.612156, 45.431199 ], [ -75.612156, 45.431199 ], [ -75.612156, 45.431199 ], [ -75.612156, 45.431199 ], [ -75.612156, 45.431199 ], [ -75.612156, 45.431199 ], [ -75.612156, 45.431199 ], [ -75.612156, 45.431199 ], [ -75.612156, 45.431199 ], [ -75.612156, 45.431199 ], [ -75.612156, 45.431199 ], [ -75.612156, 45.431199 ], [ -75.612156, 45.431199 ], [ -75.612156, 45.431199 ], [ -75.612156, 45.431199 ], [ -75.612156, 45.431199 ], [ -75.612156, 45.431199 ], [ -75.612156, 45.431199 ], [ -75.612156, 45.431199 ], [ -75.612156, 45.431199 ], [ -75.612156, 45.431199 ], [ -75.612156, 45.431199 ], [ -75.612156, 45.431199 ], [ -75.612156, 45.431199 ], [ -75.612156, 45.431199 ], [ -75.612156, 45.431199 ], [ -75.612156, 45.431199 ], [ -75.612156, 45.431199 ], [ -75.612156, 45.431199 ], [ -75.612156, 45.431199 ], [ -75.612156, 45.431199 ], [ -75.612156, 45.431199 ], [ -75.612156, 45.431199 ], [ -75.612156, 45.431199 ], [ -75.612156, 45.431199 ], [ -75.612156, 45.431199 ], [ -75.612156, 45.431199 ], [ -75.612156, 45.431199 ], [ -75.612156, 45.431199 ], [ -75.612156, 45.431199 ], [ -75.612156, 45.431199 ], [ -75.612156, 45.431199 ], [ -75.612156, 45.431199 ], [ -75.612156, 45.431199 ], [ -75.612156, 45.431199 ], [ -75.612156, 45.431199 ], [ -75.612156, 45.431199 ], [ -75.612156, 45.431199 ], [ -75.612156, 45.431199 ], [ -75.612156, 45.431199 ], [ -75.612156, 45.431199 ], [ -75.612156, 45.431199 ], [ -75.612156, 45.431199 ], [ -75.612156, 45.431199 ], [ -75.612156, 45.431199 ], [ -75.612156, 45.431199 ], [ -75.612156, 45.431199 ], [ -75.612156, 45.431199 ], [ -75.612156, 45.431199 ], [ -75.612156, 45.431199 ], [ -75.612156, 45.431199 ], [ -75.612156, 45.431199 ], [ -75.612156, 45.431199 ], [ -75.612156, 45.431199 ], [ -75.612156, 45.431199 ], [ -75.612156, 45.431199 ], [ -75.612156, 45.431199 ], [ -75.612156, 45.431199 ], [ -75.612156, 45.431199 ], [ -75.612156, 45.431199 ], [ -75.612156, 45.431199 ], [ -75.612156, 45.431199 ], [ -75.612156, 45.431199 ], [ -75.612156, 45.431199 ], [ -75.612156, 45.431199 ], [ -75.612156, 45.431199 ], [ -75.612156, 45.431199 ], [ -75.612156, 45.431199 ], [ -75.612156, 45.431199 ], [ -75.612156, 45.431199 ], [ -75.612156, 45.431199 ], [ -75.612156, 45.431199 ], [ -75.612156, 45.431199 ], [ -75.612156, 45.431199 ], [ -75.612156, 45.431199 ], [ -75.612156, 45.431199 ], [ -75.612156, 45.431199 ], [ -75.612156, 45.431199 ], [ -75.612156, 45.431199 ], [ -75.612156, 45.431199 ], [ -75.612156, 45.431199 ], [ -75.612156, 45.431199 ], [ -75.612156, 45.431199 ], [ -75.612156, 45.431199 ], [ -75.612156, 45.431199 ], [ -75.612156, 45.431199 ], [ -75.612156, 45.431199 ], [ -75.612156, 45.431199 ], [ -75.612156, 45.431199 ], [ -75.612156, 45.431199 ], [ -75.612156, 45.431199 ], [ -75.612156, 45.431199 ], [ -75.612156, 45.431199 ], [ -75.612156, 45.431199 ], [ -75.612156, 45.431199 ], [ -75.612156, 45.431199 ], [ -75.612156, 45.431199 ], [ -75.612156, 45.431199 ], [ -75.612156, 45.431199 ], [ -75.612156, 45.431199 ], [ -75.612156, 45.431199 ], [ -75.612156, 45.431199 ], [ -75.612156, 45.431199 ], [ -75.612156, 45.431199 ], [ -75.612156, 45.431199 ], [ -75.612156, 45.431199 ], [ -75.612156, 45.431199 ], [ -75.612156, 45.431199 ], [ -75.612156, 45.431199 ], [ -75.612156, 45.431199 ], [ -75.612156, 45.431199 ], [ -75.612156, 45.431199 ], [ -75.612156, 45.431199 ], [ -75.612156, 45.431199 ], [ -75.612156, 45.431199 ], [ -75.612156, 45.431199 ], [ -75.612156, 45.431199 ], [ -75.612156, 45.431199 ], [ -75.612156, 45.431199 ], [ -75.612156, 45.431199 ], [ -75.612156, 45.431199 ], [ -75.612156, 45.431199 ], [ -75.612156, 45.431199 ], [ -75.612156, 45.431199 ], [ -75.612156, 45.431199 ], [ -75.612156, 45.431199 ], [ -75.612156, 45.431199 ], [ -75.612156, 45.431199 ], [ -75.612156, 45.431199 ], [ -75.612156, 45.431199 ], [ -75.612156, 45.431199 ], [ -75.612156, 45.431199 ], [ -75.612156, 45.431199 ], [ -75.612156, 45.431199 ], [ -75.612156, 45.431199 ], [ -75.612156, 45.431199 ], [ -75.612156, 45.431199 ], [ -75.612156, 45.431199 ], [ -75.612156, 45.431199 ], [ -75.612156, 45.431199 ], [ -75.612156, 45.431199 ], [ -75.612156, 45.431199 ], [ -75.612156, 45.431199 ], [ -75.612156, 45.431199 ], [ -75.612156, 45.431199 ], [ -75.612156, 45.431199 ], [ -75.612156, 45.431199 ], [ -75.612156, 45.431199 ], [ -75.612156, 45.431199 ], [ -75.612156, 45.431199 ], [ -75.612156, 45.431199 ], [ -75.612156, 45.431199 ], [ -75.612156, 45.431199 ], [ -75.612156, 45.431199 ], [ -75.612156, 45.431199 ], [ -75.612156, 45.431199 ], [ -75.612156, 45.431199 ], [ -75.612156, 45.431199 ], [ -75.612156, 45.431199 ], [ -75.612156, 45.431199 ], [ -75.612156, 45.431199 ], [ -75.612156, 45.431199 ], [ -75.612156, 45.431199 ], [ -75.612156, 45.431199 ], [ -75.612156, 45.431199 ], [ -75.612156, 45.431199 ], [ -75.612156, 45.431199 ], [ -75.612156, 45.431199 ], [ -75.612156, 45.431199 ], [ -75.612156, 45.431199 ], [ -75.612156, 45.431199 ], [ -75.612156, 45.431199 ], [ -75.612156, 45.431199 ], [ -75.612156, 45.431199 ], [ -75.612156, 45.431199 ], [ -75.612156, 45.431199 ], [ -75.612156, 45.431199 ], [ -75.612156, 45.431199 ], [ -75.612156, 45.431199 ], [ -75.612156, 45.431199 ], [ -75.612156, 45.431199 ], [ -75.612156, 45.431199 ], [ -75.612156, 45.431199 ], [ -75.612156, 45.431199 ], [ -75.612156, 45.431199 ], [ -75.612156, 45.431199 ], [ -75.612156, 45.431199 ], [ -75.612156, 45.431199 ], [ -75.612156, 45.431199 ], [ -75.612156, 45.431199 ], [ -75.612156, 45.431199 ], [ -75.612156, 45.431199 ], [ -75.612156, 45.431199 ], [ -75.612156, 45.431199 ], [ -75.612156, 45.431199 ], [ -75.612156, 45.431199 ], [ -75.612156, 45.431199 ], [ -75.612156, 45.431199 ], [ -75.612156, 45.431199 ], [ -75.612156, 45.431199 ], [ -75.612156, 45.431199 ], [ -75.612156, 45.431199 ], [ -75.612156, 45.431199 ], [ -75.612156, 45.431199 ], [ -75.612156, 45.431199 ], [ -75.612156, 45.431199 ], [ -75.612156, 45.431199 ], [ -75.612156, 45.431199 ], [ -75.612156, 45.431199 ], [ -75.612156, 45.431199 ], [ -75.612156, 45.431199 ], [ -75.612156, 45.431199 ], [ -75.612156, 45.431199 ], [ -75.612156, 45.431199 ], [ -75.612156, 45.431199 ], [ -75.612156, 45.431199 ], [ -75.612156, 45.431199 ], [ -75.612156, 45.431199 ], [ -75.612156, 45.431199 ], [ -75.612156, 45.431199 ], [ -75.612156, 45.431199 ], [ -75.612156, 45.431199 ], [ -75.612156, 45.431199 ], [ -75.612156, 45.431199 ], [ -75.612156, 45.431199 ], [ -75.612156, 45.431199 ], [ -75.612156, 45.431199 ], [ -75.612156, 45.431199 ], [ -75.612156, 45.431199 ], [ -75.612156, 45.431199 ], [ -75.612156, 45.431199 ], [ -75.612156, 45.431199 ], [ -75.612156, 45.431199 ], [ -75.612156, 45.431199 ], [ -75.612156, 45.431199 ], [ -75.612156, 45.431199 ], [ -75.612156, 45.431199 ], [ -75.612156, 45.431199 ], [ -75.612156, 45.431199 ], [ -75.612156, 45.431199 ], [ -75.612156, 45.431199 ], [ -75.612156, 45.431199 ], [ -75.612156, 45.431199 ], [ -75.612156, 45.431199 ], [ -75.612156, 45.431199 ], [ -75.612156, 45.431199 ], [ -75.612156, 45.431199 ], [ -75.612156, 45.431199 ], [ -75.612156, 45.431199 ], [ -75.612156, 45.431199 ], [ -75.612156, 45.431199 ], [ -75.612156, 45.431199 ], [ -75.612156, 45.431199 ], [ -75.612156, 45.431199 ], [ -75.612156, 45.431199 ], [ -75.612156, 45.431199 ], [ -75.612156, 45.431199 ], [ -75.612156, 45.431199 ], [ -75.612156, 45.431199 ], [ -75.612156, 45.431199 ], [ -75.612156, 45.431199 ], [ -75.612156, 45.431199 ], [ -75.612156, 45.431199 ], [ -75.612156, 45.431199 ], [ -75.612156, 45.431199 ], [ -75.612156, 45.431199 ], [ -75.612156, 45.431199 ], [ -75.612156, 45.431199 ], [ -75.612156, 45.431199 ], [ -75.612156, 45.431199 ], [ -75.612156, 45.431199 ], [ -75.612156, 45.431199 ], [ -75.612156, 45.431199 ], [ -75.612156, 45.431199 ], [ -75.612156, 45.431199 ], [ -75.612156, 45.431199 ], [ -75.612156, 45.431199 ], [ -75.612156, 45.431199 ], [ -75.612156, 45.431199 ], [ -75.612156, 45.431199 ], [ -75.612156, 45.431199 ], [ -75.612156, 45.431199 ], [ -75.612156, 45.431199 ], [ -75.612156, 45.431199 ], [ -75.612156, 45.431199 ], [ -75.612156, 45.431199 ], [ -75.612156, 45.431199 ], [ -75.612156, 45.431199 ], [ -75.612156, 45.431199 ], [ -75.612156, 45.431199 ], [ -75.612156, 45.431199 ], [ -75.612156, 45.431199 ], [ -75.612156, 45.431199 ], [ -75.612156, 45.431199 ], [ -75.612156, 45.431199 ], [ -75.612156, 45.431199 ], [ -75.612156, 45.431199 ], [ -75.612156, 45.431199 ], [ -75.612156, 45.431199 ], [ -75.612156, 45.431199 ], [ -75.612156, 45.431199 ], [ -75.612156, 45.431199 ], [ -75.612156, 45.431199 ], [ -75.612156, 45.431199 ], [ -75.612156, 45.431199 ], [ -75.612156, 45.431199 ], [ -75.612156, 45.431199 ], [ -75.612156, 45.431199 ], [ -75.612156, 45.431199 ], [ -75.612156, 45.431199 ], [ -75.612156, 45.431199 ], [ -75.612156, 45.431199 ], [ -75.612156, 45.431199 ], [ -75.612156, 45.431199 ], [ -75.612156, 45.431199 ], [ -75.612156, 45.431199 ], [ -75.612156, 45.431199 ], [ -75.612156, 45.431199 ], [ -75.612156, 45.431199 ], [ -75.612156, 45.431199 ], [ -75.612156, 45.431199 ], [ -75.612156, 45.431199 ], [ -75.612156, 45.431199 ], [ -75.612156, 45.431199 ], [ -75.612156, 45.431199 ], [ -75.612156, 45.431199 ], [ -75.612156, 45.431199 ], [ -75.612156, 45.431199 ], [ -75.612156, 45.431199 ], [ -75.612156, 45.431199 ], [ -75.612156, 45.431199 ], [ -75.612156, 45.431199 ], [ -75.612156, 45.431199 ], [ -75.612156, 45.431199 ], [ -75.612156, 45.431199 ], [ -75.612156, 45.431199 ], [ -75.612156, 45.431199 ], [ -75.612156, 45.431199 ], [ -75.612156, 45.431199 ], [ -75.612156, 45.431199 ], [ -75.612156, 45.431199 ], [ -75.612156, 45.431199 ], [ -75.612156, 45.431199 ], [ -75.612156, 45.431199 ], [ -75.612156, 45.431199 ], [ -75.612156, 45.431199 ], [ -75.612156, 45.431199 ], [ -75.612156, 45.431199 ], [ -75.612156, 45.431199 ], [ -75.612156, 45.431199 ], [ -75.612156, 45.431199 ], [ -75.612156, 45.431199 ], [ -75.612156, 45.431199 ], [ -75.612156, 45.431199 ], [ -75.612156, 45.431199 ], [ -75.612156, 45.431199 ], [ -75.612156, 45.431199 ], [ -75.612156, 45.431199 ], [ -75.612156, 45.431199 ], [ -75.612156, 45.431199 ], [ -75.612156, 45.431199 ], [ -75.612156, 45.431199 ], [ -75.612156, 45.431199 ], [ -75.612156, 45.431199 ], [ -75.612156, 45.431199 ], [ -75.612156, 45.431199 ], [ -75.612156, 45.431199 ], [ -75.612156, 45.431199 ], [ -75.612156, 45.431199 ], [ -75.612156, 45.431199 ], [ -75.612156, 45.431199 ], [ -75.612156, 45.431199 ], [ -75.612156, 45.431199 ], [ -75.612156, 45.431199 ], [ -75.612156, 45.431199 ], [ -75.612156, 45.431199 ], [ -75.612156, 45.431199 ], [ -75.612156, 45.431199 ], [ -75.612156, 45.431199 ], [ -75.612156, 45.431199 ], [ -75.612156, 45.431199 ], [ -75.612156, 45.431199 ], [ -75.612156, 45.431199 ], [ -75.612156, 45.431199 ], [ -75.612156, 45.431199 ], [ -75.612156, 45.431199 ], [ -75.612156, 45.431199 ], [ -75.612156, 45.431199 ], [ -75.612156, 45.431199 ], [ -75.612156, 45.431199 ], [ -75.612156, 45.431199 ], [ -75.612156, 45.431199 ], [ -75.612156, 45.431199 ], [ -75.612156, 45.431199 ], [ -75.612156, 45.431199 ], [ -75.612156, 45.431199 ], [ -75.612156, 45.431199 ], [ -75.612156, 45.431199 ], [ -75.612156, 45.431199 ], [ -75.612156, 45.431199 ], [ -75.612156, 45.431199 ], [ -75.612156, 45.431199 ], [ -75.612156, 45.431199 ], [ -75.612156, 45.431199 ], [ -75.612156, 45.431199 ], [ -75.612156, 45.431199 ], [ -75.612156, 45.431199 ], [ -75.612156, 45.431199 ], [ -75.612156, 45.431199 ], [ -75.612156, 45.431199 ], [ -75.612156, 45.431199 ], [ -75.612156, 45.431199 ], [ -75.612156, 45.431199 ], [ -75.612156, 45.431199 ], [ -75.612156, 45.431199 ], [ -75.612156, 45.431199 ], [ -75.612156, 45.431199 ], [ -75.612156, 45.431199 ], [ -75.612156, 45.431199 ], [ -75.612156, 45.431199 ], [ -75.612156, 45.431199 ], [ -75.612156, 45.431199 ], [ -75.612156, 45.431199 ], [ -75.612156, 45.431199 ], [ -75.612156, 45.431199 ], [ -75.612156, 45.431199 ], [ -75.612156, 45.431199 ], [ -75.612156, 45.431199 ], [ -75.612156, 45.431199 ], [ -75.611923, 45.431101 ], [ -75.611689, 45.431003 ], [ -75.611456, 45.430905 ], [ -75.611456, 45.430905 ], [ -75.611456, 45.430905 ], [ -75.611456, 45.430905 ], [ -75.611456, 45.430905 ], [ -75.611456, 45.430905 ], [ -75.611456, 45.430905 ], [ -75.611456, 45.430905 ], [ -75.611456, 45.430905 ], [ -75.611456, 45.430905 ], [ -75.611456, 45.430905 ], [ -75.611456, 45.430905 ], [ -75.611456, 45.430905 ], [ -75.611456, 45.430905 ], [ -75.611456, 45.430905 ], [ -75.611456, 45.430905 ], [ -75.611456, 45.430905 ], [ -75.611456, 45.430905 ], [ -75.611456, 45.430905 ], [ -75.611456, 45.430905 ], [ -75.611456, 45.430905 ], [ -75.611456, 45.430905 ], [ -75.611456, 45.430905 ], [ -75.611456, 45.430905 ], [ -75.611456, 45.430905 ], [ -75.611456, 45.430905 ], [ -75.611456, 45.430905 ], [ -75.611456, 45.430905 ], [ -75.611456, 45.430905 ], [ -75.611456, 45.430905 ], [ -75.611456, 45.430905 ], [ -75.611456, 45.430905 ], [ -75.611456, 45.430905 ], [ -75.611456, 45.430905 ], [ -75.611456, 45.430905 ], [ -75.611456, 45.430905 ], [ -75.611456, 45.430905 ], [ -75.611456, 45.430905 ], [ -75.611456, 45.430905 ], [ -75.611456, 45.430905 ], [ -75.611456, 45.430905 ], [ -75.611456, 45.430905 ], [ -75.611456, 45.430905 ], [ -75.611456, 45.430905 ], [ -75.611456, 45.430905 ], [ -75.611456, 45.430905 ], [ -75.611456, 45.430905 ], [ -75.611456, 45.430905 ], [ -75.611456, 45.430905 ], [ -75.611456, 45.430905 ], [ -75.611456, 45.430905 ], [ -75.611456, 45.430905 ], [ -75.611456, 45.430905 ], [ -75.611456, 45.430905 ], [ -75.611456, 45.430905 ], [ -75.611456, 45.430905 ], [ -75.611456, 45.430905 ], [ -75.611456, 45.430905 ], [ -75.611456, 45.430905 ], [ -75.611456, 45.430905 ], [ -75.611456, 45.430905 ], [ -75.611456, 45.430905 ], [ -75.611456, 45.430905 ], [ -75.611456, 45.430905 ], [ -75.611456, 45.430905 ], [ -75.611456, 45.430905 ], [ -75.611456, 45.430905 ], [ -75.611456, 45.430905 ], [ -75.611456, 45.430905 ], [ -75.611456, 45.430905 ], [ -75.611456, 45.430905 ], [ -75.611456, 45.430905 ], [ -75.611456, 45.430905 ], [ -75.611456, 45.430905 ], [ -75.611456, 45.430905 ], [ -75.611456, 45.430905 ], [ -75.611456, 45.430905 ], [ -75.611456, 45.430905 ], [ -75.611456, 45.430905 ], [ -75.611456, 45.430905 ], [ -75.611456, 45.430905 ], [ -75.611456, 45.430905 ], [ -75.611456, 45.430905 ], [ -75.611456, 45.430905 ], [ -75.611456, 45.430905 ], [ -75.611456, 45.430905 ], [ -75.611456, 45.430905 ], [ -75.611456, 45.430905 ], [ -75.611456, 45.430905 ], [ -75.611456, 45.430905 ], [ -75.611456, 45.430905 ], [ -75.611456, 45.430905 ], [ -75.611456, 45.430905 ], [ -75.611456, 45.430905 ], [ -75.611456, 45.430905 ], [ -75.611456, 45.430905 ], [ -75.611456, 45.430905 ], [ -75.611456, 45.430905 ], [ -75.611456, 45.430905 ], [ -75.611456, 45.430905 ], [ -75.611456, 45.430905 ], [ -75.611456, 45.430905 ], [ -75.611456, 45.430905 ], [ -75.611456, 45.430905 ], [ -75.611456, 45.430905 ], [ -75.611456, 45.430905 ], [ -75.611456, 45.430905 ], [ -75.611456, 45.430905 ], [ -75.611456, 45.430905 ], [ -75.611456, 45.430905 ], [ -75.611456, 45.430905 ], [ -75.611456, 45.430905 ], [ -75.611456, 45.430905 ], [ -75.611456, 45.430905 ], [ -75.611456, 45.430905 ], [ -75.611456, 45.430905 ], [ -75.611456, 45.430905 ], [ -75.611456, 45.430905 ], [ -75.611456, 45.430905 ], [ -75.611456, 45.430905 ], [ -75.611456, 45.430905 ], [ -75.611456, 45.430905 ], [ -75.611456, 45.430905 ], [ -75.611456, 45.430905 ], [ -75.611456, 45.430905 ], [ -75.611456, 45.430905 ], [ -75.611456, 45.430905 ], [ -75.611456, 45.430905 ], [ -75.611456, 45.430905 ], [ -75.611456, 45.430905 ], [ -75.611456, 45.430905 ], [ -75.611456, 45.430905 ], [ -75.611456, 45.430905 ], [ -75.611456, 45.430905 ], [ -75.611456, 45.430905 ], [ -75.611456, 45.430905 ], [ -75.611456, 45.430905 ], [ -75.611456, 45.430905 ], [ -75.611456, 45.430905 ], [ -75.611456, 45.430905 ], [ -75.611456, 45.430905 ], [ -75.611456, 45.430905 ], [ -75.611456, 45.430905 ], [ -75.611456, 45.430905 ], [ -75.611456, 45.430905 ], [ -75.611456, 45.430905 ], [ -75.611456, 45.430905 ], [ -75.611456, 45.430905 ], [ -75.611456, 45.430905 ], [ -75.611456, 45.430905 ], [ -75.611456, 45.430905 ], [ -75.611456, 45.430905 ], [ -75.611456, 45.430905 ], [ -75.611456, 45.430905 ], [ -75.611456, 45.430905 ], [ -75.611456, 45.430905 ], [ -75.611456, 45.430905 ], [ -75.611456, 45.430905 ], [ -75.611456, 45.430905 ], [ -75.611456, 45.430905 ], [ -75.611456, 45.430905 ], [ -75.611456, 45.430905 ], [ -75.611456, 45.430905 ], [ -75.611456, 45.430905 ], [ -75.611456, 45.430905 ], [ -75.611456, 45.430905 ], [ -75.611456, 45.430905 ], [ -75.611456, 45.430905 ], [ -75.611456, 45.430905 ], [ -75.611456, 45.430905 ], [ -75.611456, 45.430905 ], [ -75.611456, 45.430905 ], [ -75.611456, 45.430905 ], [ -75.611456, 45.430905 ], [ -75.611456, 45.430905 ], [ -75.611456, 45.430905 ], [ -75.611456, 45.430905 ], [ -75.611456, 45.430905 ], [ -75.611456, 45.430905 ], [ -75.611456, 45.430905 ], [ -75.611456, 45.430905 ], [ -75.611456, 45.430905 ], [ -75.611456, 45.430905 ], [ -75.611456, 45.430905 ], [ -75.611456, 45.430905 ], [ -75.611456, 45.430905 ], [ -75.611456, 45.430905 ], [ -75.611456, 45.430905 ], [ -75.611456, 45.430905 ], [ -75.611456, 45.430905 ], [ -75.611456, 45.430905 ], [ -75.611456, 45.430905 ], [ -75.611456, 45.430905 ], [ -75.611456, 45.430905 ], [ -75.611456, 45.430905 ], [ -75.611456, 45.430905 ], [ -75.611456, 45.430905 ], [ -75.611456, 45.430905 ], [ -75.611456, 45.430905 ], [ -75.611456, 45.430905 ], [ -75.611456, 45.430905 ], [ -75.611456, 45.430905 ], [ -75.611456, 45.430905 ], [ -75.611456, 45.430905 ], [ -75.611456, 45.430905 ], [ -75.611456, 45.430905 ], [ -75.611456, 45.430905 ], [ -75.611456, 45.430905 ], [ -75.611456, 45.430905 ], [ -75.611456, 45.430905 ], [ -75.611456, 45.430905 ], [ -75.611456, 45.430905 ], [ -75.611456, 45.430905 ], [ -75.611456, 45.430905 ], [ -75.611456, 45.430905 ], [ -75.611456, 45.430905 ], [ -75.611456, 45.430905 ], [ -75.611456, 45.430905 ], [ -75.611456, 45.430905 ], [ -75.611456, 45.430905 ], [ -75.611456, 45.430905 ], [ -75.611456, 45.430905 ], [ -75.611456, 45.430905 ], [ -75.611456, 45.430905 ], [ -75.611456, 45.430905 ], [ -75.611456, 45.430905 ], [ -75.611456, 45.430905 ], [ -75.611456, 45.430905 ], [ -75.611456, 45.430905 ], [ -75.611456, 45.430905 ], [ -75.611456, 45.430905 ], [ -75.611456, 45.430905 ], [ -75.611456, 45.430905 ], [ -75.611456, 45.430905 ], [ -75.611456, 45.430905 ], [ -75.611456, 45.430905 ], [ -75.611456, 45.430905 ], [ -75.611456, 45.430905 ], [ -75.611456, 45.430905 ], [ -75.611456, 45.430905 ], [ -75.611456, 45.430905 ], [ -75.611456, 45.430905 ], [ -75.611456, 45.430905 ], [ -75.611456, 45.430905 ], [ -75.611456, 45.430905 ], [ -75.611456, 45.430905 ], [ -75.611456, 45.430905 ], [ -75.611456, 45.430905 ], [ -75.611456, 45.430905 ], [ -75.611456, 45.430905 ], [ -75.611456, 45.430905 ], [ -75.611456, 45.430905 ], [ -75.611456, 45.430905 ], [ -75.611456, 45.430905 ], [ -75.611456, 45.430905 ], [ -75.611456, 45.430905 ], [ -75.611456, 45.430905 ], [ -75.611456, 45.430905 ], [ -75.611456, 45.430905 ], [ -75.611456, 45.430905 ], [ -75.611456, 45.430905 ], [ -75.611456, 45.430905 ], [ -75.611456, 45.430905 ], [ -75.611456, 45.430905 ], [ -75.611456, 45.430905 ], [ -75.611456, 45.430905 ], [ -75.611456, 45.430905 ], [ -75.611456, 45.430905 ], [ -75.611456, 45.430905 ], [ -75.611456, 45.430905 ], [ -75.611456, 45.430905 ], [ -75.611456, 45.430905 ], [ -75.611456, 45.430905 ], [ -75.611456, 45.430905 ], [ -75.611456, 45.430905 ], [ -75.611456, 45.430905 ], [ -75.611456, 45.430905 ], [ -75.611456, 45.430905 ], [ -75.611456, 45.430905 ], [ -75.611456, 45.430905 ], [ -75.611456, 45.430905 ], [ -75.611456, 45.430905 ], [ -75.611456, 45.430905 ], [ -75.611456, 45.430905 ], [ -75.611456, 45.430905 ], [ -75.611456, 45.430905 ], [ -75.611456, 45.430905 ], [ -75.611456, 45.430905 ], [ -75.611456, 45.430905 ], [ -75.611456, 45.430905 ], [ -75.611456, 45.430905 ], [ -75.611456, 45.430905 ], [ -75.611456, 45.430905 ], [ -75.611456, 45.430905 ], [ -75.611456, 45.430905 ], [ -75.611456, 45.430905 ], [ -75.611456, 45.430905 ], [ -75.611456, 45.430905 ], [ -75.611456, 45.430905 ], [ -75.611456, 45.430905 ], [ -75.611456, 45.430905 ], [ -75.611456, 45.430905 ], [ -75.611456, 45.430905 ], [ -75.611456, 45.430905 ], [ -75.611456, 45.430905 ], [ -75.611456, 45.430905 ], [ -75.611456, 45.430905 ], [ -75.611456, 45.430905 ], [ -75.611456, 45.430905 ], [ -75.611456, 45.430905 ], [ -75.611456, 45.430905 ], [ -75.611456, 45.430905 ], [ -75.611456, 45.430905 ], [ -75.611456, 45.430905 ], [ -75.611456, 45.430905 ], [ -75.611456, 45.430905 ], [ -75.611456, 45.430905 ], [ -75.611456, 45.430905 ], [ -75.611456, 45.430905 ], [ -75.611456, 45.430905 ], [ -75.611456, 45.430905 ], [ -75.611456, 45.430905 ], [ -75.611456, 45.430905 ], [ -75.611456, 45.430905 ], [ -75.611456, 45.430905 ], [ -75.611456, 45.430905 ], [ -75.611456, 45.430905 ], [ -75.611456, 45.430905 ], [ -75.611456, 45.430905 ], [ -75.611456, 45.430905 ], [ -75.611456, 45.430905 ], [ -75.611456, 45.430905 ], [ -75.611456, 45.430905 ], [ -75.611456, 45.430905 ], [ -75.611456, 45.430905 ], [ -75.611456, 45.430905 ], [ -75.611456, 45.430905 ], [ -75.611456, 45.430905 ], [ -75.611456, 45.430905 ], [ -75.611456, 45.430905 ], [ -75.611456, 45.430905 ], [ -75.611456, 45.430905 ], [ -75.611456, 45.430905 ], [ -75.611456, 45.430905 ], [ -75.611456, 45.430905 ], [ -75.611456, 45.430905 ], [ -75.611456, 45.430905 ], [ -75.611456, 45.430905 ], [ -75.611456, 45.430905 ], [ -75.611456, 45.430905 ], [ -75.611456, 45.430905 ], [ -75.611456, 45.430905 ], [ -75.611456, 45.430905 ], [ -75.611456, 45.430905 ], [ -75.611456, 45.430905 ], [ -75.611456, 45.430905 ], [ -75.611456, 45.430905 ], [ -75.611456, 45.430905 ], [ -75.611456, 45.430905 ], [ -75.611456, 45.430905 ], [ -75.611456, 45.430905 ], [ -75.611456, 45.430905 ], [ -75.611456, 45.430905 ], [ -75.611456, 45.430905 ], [ -75.611456, 45.430905 ], [ -75.611456, 45.430905 ], [ -75.611456, 45.430905 ], [ -75.611456, 45.430905 ], [ -75.611456, 45.430905 ], [ -75.611456, 45.430905 ], [ -75.611456, 45.430905 ], [ -75.611456, 45.430905 ], [ -75.611456, 45.430905 ], [ -75.611456, 45.430905 ], [ -75.611456, 45.430905 ], [ -75.611456, 45.430905 ], [ -75.611456, 45.430905 ], [ -75.611456, 45.430905 ], [ -75.611456, 45.430905 ], [ -75.611456, 45.430905 ], [ -75.611456, 45.430905 ], [ -75.611456, 45.430905 ], [ -75.611456, 45.430905 ], [ -75.611456, 45.430905 ], [ -75.611456, 45.430905 ], [ -75.611456, 45.430905 ], [ -75.611456, 45.430905 ], [ -75.611456, 45.430905 ], [ -75.611456, 45.430905 ], [ -75.611456, 45.430905 ], [ -75.611456, 45.430905 ], [ -75.611456, 45.430905 ], [ -75.611456, 45.430905 ], [ -75.611456, 45.430905 ], [ -75.611456, 45.430905 ], [ -75.611456, 45.430905 ], [ -75.611456, 45.430905 ], [ -75.611456, 45.430905 ], [ -75.611456, 45.430905 ], [ -75.611456, 45.430905 ], [ -75.611456, 45.430905 ], [ -75.611456, 45.430905 ], [ -75.611456, 45.430905 ], [ -75.611456, 45.430905 ], [ -75.611456, 45.430905 ], [ -75.611456, 45.430905 ], [ -75.611456, 45.430905 ], [ -75.611456, 45.430905 ], [ -75.611456, 45.430905 ], [ -75.611456, 45.430905 ], [ -75.611456, 45.430905 ], [ -75.611456, 45.430905 ], [ -75.611456, 45.430905 ], [ -75.611456, 45.430905 ], [ -75.611456, 45.430905 ], [ -75.611456, 45.430905 ], [ -75.611456, 45.430905 ], [ -75.611456, 45.430905 ], [ -75.611456, 45.430905 ], [ -75.611456, 45.430905 ], [ -75.611456, 45.430905 ], [ -75.611456, 45.430905 ], [ -75.611456, 45.430905 ], [ -75.611456, 45.430905 ], [ -75.611456, 45.430905 ], [ -75.611456, 45.430905 ], [ -75.611456, 45.430905 ], [ -75.611456, 45.430905 ], [ -75.611456, 45.430905 ], [ -75.611456, 45.430905 ], [ -75.611456, 45.430905 ], [ -75.611456, 45.430905 ], [ -75.611456, 45.430905 ], [ -75.611456, 45.430905 ], [ -75.611456, 45.430905 ], [ -75.611456, 45.430905 ], [ -75.611456, 45.430905 ], [ -75.611456, 45.430905 ], [ -75.611456, 45.430905 ], [ -75.611456, 45.430905 ], [ -75.611456, 45.430905 ], [ -75.611456, 45.430905 ], [ -75.611456, 45.430905 ], [ -75.611456, 45.430905 ], [ -75.611456, 45.430905 ], [ -75.611456, 45.430905 ], [ -75.611456, 45.430905 ], [ -75.611456, 45.430905 ], [ -75.611456, 45.430905 ], [ -75.611456, 45.430905 ], [ -75.611456, 45.430905 ], [ -75.611456, 45.430905 ], [ -75.611456, 45.430905 ], [ -75.611456, 45.430905 ], [ -75.611456, 45.430905 ], [ -75.611456, 45.430905 ], [ -75.611456, 45.430905 ], [ -75.611456, 45.430905 ], [ -75.611456, 45.430905 ], [ -75.611456, 45.430905 ], [ -75.611456, 45.430905 ], [ -75.611456, 45.430905 ], [ -75.611456, 45.430905 ], [ -75.611456, 45.430905 ], [ -75.611456, 45.430905 ], [ -75.611456, 45.430905 ], [ -75.611456, 45.430905 ], [ -75.611456, 45.430905 ], [ -75.611456, 45.430905 ], [ -75.611456, 45.430905 ], [ -75.611456, 45.430905 ], [ -75.611456, 45.430905 ], [ -75.611456, 45.430905 ], [ -75.611456, 45.430905 ], [ -75.611456, 45.430905 ], [ -75.611456, 45.430905 ], [ -75.611456, 45.430905 ], [ -75.611456, 45.430905 ], [ -75.611456, 45.430905 ], [ -75.611456, 45.430905 ], [ -75.611456, 45.430905 ], [ -75.611456, 45.430905 ], [ -75.611456, 45.430905 ], [ -75.611456, 45.430905 ], [ -75.611456, 45.430905 ], [ -75.611456, 45.430905 ], [ -75.611456, 45.430905 ], [ -75.611456, 45.430905 ], [ -75.611456, 45.430905 ], [ -75.611456, 45.430905 ], [ -75.611456, 45.430905 ], [ -75.611456, 45.430905 ], [ -75.611456, 45.430905 ], [ -75.611456, 45.430905 ], [ -75.611456, 45.430905 ], [ -75.611456, 45.430905 ], [ -75.611456, 45.430905 ], [ -75.611456, 45.430905 ], [ -75.611456, 45.430905 ], [ -75.611456, 45.430905 ], [ -75.611456, 45.430905 ], [ -75.611456, 45.430905 ], [ -75.611456, 45.430905 ], [ -75.611456, 45.430905 ], [ -75.611456, 45.430905 ], [ -75.611456, 45.430905 ], [ -75.611456, 45.430905 ], [ -75.611456, 45.430905 ], [ -75.611456, 45.430905 ], [ -75.611456, 45.430905 ], [ -75.611456, 45.430905 ], [ -75.611456, 45.430905 ], [ -75.611456, 45.430905 ], [ -75.611456, 45.430905 ], [ -75.611456, 45.430905 ], [ -75.611456, 45.430905 ], [ -75.611456, 45.430905 ], [ -75.611456, 45.430905 ], [ -75.611456, 45.430905 ], [ -75.611456, 45.430905 ], [ -75.611456, 45.430905 ], [ -75.611456, 45.430905 ], [ -75.611456, 45.430905 ], [ -75.611456, 45.430905 ], [ -75.611456, 45.430905 ], [ -75.611456, 45.430905 ], [ -75.611456, 45.430905 ], [ -75.611456, 45.430905 ], [ -75.611456, 45.430905 ], [ -75.611456, 45.430905 ], [ -75.611456, 45.430905 ], [ -75.611456, 45.430905 ], [ -75.611456, 45.430905 ], [ -75.611456, 45.430905 ], [ -75.611456, 45.430905 ], [ -75.611456, 45.430905 ], [ -75.611456, 45.430905 ], [ -75.611456, 45.430905 ], [ -75.611456, 45.430905 ], [ -75.611456, 45.430905 ], [ -75.611456, 45.430905 ], [ -75.611456, 45.430905 ], [ -75.611456, 45.430905 ], [ -75.611456, 45.430905 ], [ -75.611456, 45.430905 ], [ -75.611456, 45.430905 ], [ -75.611456, 45.430905 ], [ -75.611456, 45.430905 ], [ -75.611456, 45.430905 ], [ -75.611456, 45.430905 ], [ -75.611456, 45.430905 ], [ -75.611456, 45.430905 ], [ -75.611456, 45.430905 ], [ -75.611456, 45.430905 ], [ -75.611456, 45.430905 ], [ -75.611456, 45.430905 ], [ -75.611456, 45.430905 ], [ -75.611456, 45.430905 ], [ -75.611456, 45.430905 ], [ -75.611456, 45.430905 ], [ -75.611456, 45.430905 ], [ -75.611456, 45.430905 ], [ -75.611456, 45.430905 ], [ -75.611456, 45.430905 ], [ -75.611456, 45.430905 ], [ -75.611456, 45.430905 ], [ -75.611456, 45.430905 ], [ -75.611456, 45.430905 ], [ -75.611456, 45.430905 ], [ -75.611456, 45.430905 ], [ -75.611456, 45.430905 ], [ -75.611456, 45.430905 ], [ -75.611456, 45.430905 ], [ -75.611456, 45.430905 ], [ -75.611456, 45.430905 ], [ -75.611456, 45.430905 ], [ -75.611456, 45.430905 ], [ -75.611456, 45.430905 ], [ -75.611456, 45.430905 ], [ -75.611456, 45.430905 ], [ -75.611456, 45.430905 ], [ -75.611456, 45.430905 ], [ -75.611456, 45.430905 ], [ -75.611456, 45.430905 ], [ -75.611456, 45.430905 ], [ -75.611456, 45.430905 ], [ -75.611456, 45.430905 ], [ -75.611456, 45.430905 ], [ -75.611456, 45.430905 ], [ -75.611456, 45.430905 ], [ -75.611456, 45.430905 ], [ -75.611456, 45.430905 ], [ -75.611456, 45.430905 ], [ -75.611456, 45.430905 ], [ -75.611456, 45.430905 ], [ -75.611456, 45.430905 ], [ -75.611456, 45.430905 ], [ -75.611456, 45.430905 ], [ -75.611456, 45.430905 ], [ -75.611456, 45.430905 ], [ -75.611456, 45.430905 ], [ -75.611456, 45.430905 ], [ -75.611456, 45.430905 ], [ -75.611456, 45.430905 ], [ -75.611456, 45.430905 ], [ -75.611456, 45.430905 ], [ -75.611456, 45.430905 ], [ -75.611456, 45.430905 ], [ -75.611456, 45.430905 ], [ -75.611456, 45.430905 ], [ -75.611456, 45.430905 ], [ -75.611456, 45.430905 ], [ -75.611456, 45.430905 ], [ -75.611456, 45.430905 ], [ -75.611456, 45.430905 ], [ -75.611456, 45.430905 ], [ -75.611456, 45.430905 ], [ -75.611456, 45.430905 ], [ -75.611456, 45.430905 ], [ -75.611456, 45.430905 ], [ -75.611456, 45.430905 ], [ -75.611456, 45.430905 ], [ -75.611456, 45.430905 ], [ -75.611456, 45.430905 ], [ -75.611456, 45.430905 ], [ -75.611456, 45.430905 ], [ -75.611456, 45.430905 ], [ -75.611456, 45.430905 ], [ -75.611456, 45.430905 ], [ -75.611456, 45.430905 ], [ -75.611456, 45.430905 ], [ -75.611456, 45.430905 ], [ -75.611456, 45.430905 ], [ -75.611456, 45.430905 ], [ -75.611456, 45.430905 ], [ -75.611456, 45.430905 ], [ -75.611456, 45.430905 ], [ -75.611456, 45.430905 ], [ -75.611456, 45.430905 ], [ -75.611456, 45.430905 ], [ -75.611456, 45.430905 ], [ -75.611456, 45.430905 ], [ -75.611456, 45.430905 ], [ -75.611456, 45.430905 ], [ -75.611456, 45.430905 ], [ -75.611456, 45.430905 ], [ -75.611456, 45.430905 ], [ -75.611456, 45.430905 ], [ -75.611456, 45.430905 ], [ -75.611456, 45.430905 ], [ -75.611456, 45.430905 ], [ -75.611456, 45.430905 ], [ -75.611456, 45.430905 ], [ -75.611456, 45.430905 ], [ -75.611456, 45.430905 ], [ -75.611456, 45.430905 ], [ -75.611456, 45.430905 ], [ -75.611456, 45.430905 ], [ -75.611456, 45.430905 ], [ -75.611456, 45.430905 ], [ -75.611456, 45.430905 ], [ -75.611456, 45.430905 ], [ -75.611456, 45.430905 ], [ -75.611456, 45.430905 ], [ -75.611456, 45.430905 ], [ -75.611456, 45.430905 ], [ -75.611456, 45.430905 ], [ -75.611456, 45.430905 ], [ -75.611456, 45.430905 ], [ -75.611456, 45.430905 ], [ -75.611456, 45.430905 ], [ -75.611456, 45.430905 ], [ -75.611456, 45.430905 ], [ -75.611456, 45.430905 ], [ -75.611456, 45.430905 ], [ -75.611456, 45.430905 ], [ -75.611456, 45.430905 ], [ -75.611456, 45.430905 ], [ -75.611456, 45.430905 ], [ -75.611456, 45.430905 ], [ -75.611456, 45.430905 ], [ -75.611456, 45.430905 ], [ -75.611456, 45.430905 ], [ -75.611456, 45.430905 ], [ -75.611456, 45.430905 ], [ -75.611456, 45.430905 ], [ -75.611456, 45.430905 ], [ -75.611456, 45.430905 ], [ -75.611456, 45.430905 ], [ -75.611456, 45.430905 ], [ -75.611456, 45.430905 ], [ -75.611456, 45.430905 ], [ -75.611456, 45.430905 ], [ -75.611456, 45.430905 ], [ -75.611456, 45.430905 ], [ -75.611456, 45.430905 ], [ -75.611456, 45.430905 ], [ -75.611456, 45.430905 ], [ -75.611456, 45.430905 ], [ -75.611456, 45.430905 ], [ -75.611456, 45.430905 ], [ -75.611456, 45.430905 ], [ -75.611456, 45.430905 ], [ -75.611456, 45.430905 ], [ -75.611456, 45.430905 ], [ -75.611456, 45.430905 ], [ -75.611456, 45.430905 ], [ -75.611456, 45.430905 ], [ -75.611456, 45.430905 ], [ -75.611456, 45.430905 ], [ -75.611456, 45.430905 ], [ -75.611456, 45.430905 ], [ -75.611456, 45.430905 ], [ -75.611456, 45.430905 ], [ -75.611456, 45.430905 ], [ -75.611456, 45.430905 ], [ -75.611456, 45.430905 ], [ -75.611456, 45.430905 ], [ -75.611456, 45.430905 ], [ -75.611456, 45.430905 ], [ -75.611456, 45.430905 ], [ -75.611456, 45.430905 ], [ -75.611456, 45.430905 ], [ -75.611456, 45.430905 ], [ -75.611456, 45.430905 ], [ -75.611456, 45.430905 ], [ -75.611456, 45.430905 ], [ -75.611456, 45.430905 ], [ -75.611456, 45.430905 ], [ -75.611456, 45.430905 ], [ -75.611456, 45.430905 ], [ -75.611456, 45.430905 ], [ -75.611456, 45.430905 ], [ -75.611456, 45.430905 ], [ -75.611456, 45.430905 ], [ -75.611456, 45.430905 ], [ -75.611456, 45.430905 ], [ -75.611456, 45.430905 ], [ -75.611456, 45.430905 ], [ -75.611456, 45.430905 ], [ -75.611456, 45.430905 ], [ -75.611456, 45.430905 ], [ -75.611456, 45.430905 ], [ -75.611456, 45.430905 ], [ -75.611456, 45.430905 ], [ -75.611456, 45.430905 ], [ -75.611456, 45.430905 ], [ -75.611456, 45.430905 ], [ -75.611456, 45.430905 ], [ -75.611456, 45.430905 ], [ -75.611456, 45.430905 ], [ -75.611456, 45.430905 ], [ -75.611456, 45.430905 ], [ -75.611456, 45.430905 ], [ -75.611456, 45.430905 ], [ -75.611456, 45.430905 ], [ -75.611456, 45.430905 ], [ -75.611456, 45.430905 ], [ -75.611456, 45.430905 ], [ -75.611456, 45.430905 ], [ -75.611456, 45.430905 ], [ -75.611456, 45.430905 ], [ -75.611456, 45.430905 ], [ -75.611456, 45.430905 ], [ -75.611456, 45.430905 ], [ -75.611456, 45.430905 ], [ -75.611456, 45.430905 ], [ -75.611456, 45.430905 ], [ -75.611456, 45.430905 ], [ -75.611456, 45.430905 ], [ -75.611456, 45.430905 ], [ -75.611456, 45.430905 ], [ -75.611456, 45.430905 ], [ -75.611456, 45.430905 ], [ -75.611456, 45.430905 ], [ -75.611456, 45.430905 ], [ -75.611456, 45.430905 ], [ -75.611456, 45.430905 ], [ -75.611456, 45.430905 ], [ -75.611456, 45.430905 ], [ -75.611456, 45.430905 ], [ -75.611456, 45.430905 ], [ -75.611456, 45.430905 ], [ -75.611456, 45.430905 ], [ -75.611456, 45.430905 ], [ -75.611456, 45.430905 ], [ -75.611456, 45.430905 ], [ -75.611456, 45.430905 ], [ -75.611456, 45.430905 ], [ -75.611456, 45.430905 ], [ -75.611456, 45.430905 ], [ -75.611456, 45.430905 ], [ -75.611456, 45.430905 ], [ -75.611456, 45.430905 ], [ -75.611456, 45.430905 ], [ -75.611456, 45.430905 ], [ -75.611456, 45.430905 ], [ -75.611456, 45.430905 ], [ -75.611456, 45.430905 ], [ -75.611456, 45.430905 ], [ -75.611456, 45.430905 ], [ -75.611456, 45.430905 ], [ -75.611456, 45.430905 ], [ -75.611456, 45.430905 ], [ -75.611456, 45.430905 ], [ -75.611456, 45.430905 ], [ -75.611456, 45.430905 ], [ -75.611456, 45.430905 ], [ -75.611456, 45.430905 ], [ -75.611456, 45.430905 ], [ -75.611456, 45.430905 ], [ -75.611456, 45.430905 ], [ -75.611456, 45.430905 ], [ -75.611456, 45.430905 ], [ -75.611456, 45.430905 ], [ -75.611456, 45.430905 ], [ -75.611456, 45.430905 ], [ -75.611456, 45.430905 ], [ -75.611456, 45.430905 ], [ -75.611456, 45.430905 ], [ -75.611456, 45.430905 ], [ -75.611456, 45.430905 ], [ -75.611456, 45.430905 ], [ -75.611456, 45.430905 ], [ -75.611456, 45.430905 ], [ -75.611456, 45.430905 ], [ -75.611456, 45.430905 ], [ -75.611456, 45.430905 ], [ -75.611456, 45.430905 ], [ -75.611456, 45.430905 ], [ -75.611456, 45.430905 ], [ -75.611456, 45.430905 ], [ -75.611456, 45.430905 ], [ -75.611456, 45.430905 ], [ -75.611456, 45.430905 ], [ -75.611456, 45.430905 ], [ -75.611456, 45.430905 ], [ -75.611456, 45.430905 ], [ -75.611456, 45.430905 ], [ -75.611456, 45.430905 ], [ -75.611456, 45.430905 ], [ -75.611456, 45.430905 ], [ -75.611456, 45.430905 ], [ -75.611456, 45.430905 ], [ -75.611456, 45.430905 ], [ -75.611456, 45.430905 ], [ -75.611456, 45.430905 ], [ -75.611456, 45.430905 ], [ -75.611456, 45.430905 ], [ -75.611456, 45.430905 ], [ -75.611456, 45.430905 ], [ -75.611456, 45.430905 ], [ -75.611456, 45.430905 ], [ -75.611456, 45.430905 ], [ -75.611456, 45.430905 ], [ -75.611456, 45.430905 ], [ -75.611456, 45.430905 ], [ -75.611456, 45.430905 ], [ -75.611456, 45.430905 ], [ -75.611456, 45.430905 ], [ -75.611456, 45.430905 ], [ -75.611456, 45.430905 ], [ -75.611456, 45.430905 ], [ -75.611456, 45.430905 ], [ -75.611456, 45.430905 ], [ -75.611456, 45.430905 ], [ -75.611456, 45.430905 ], [ -75.611456, 45.430905 ], [ -75.611456, 45.430905 ], [ -75.611456, 45.430905 ], [ -75.611456, 45.430905 ], [ -75.611456, 45.430905 ], [ -75.611456, 45.430905 ], [ -75.611456, 45.430905 ], [ -75.611456, 45.430905 ], [ -75.611456, 45.430905 ], [ -75.611456, 45.430905 ], [ -75.611456, 45.430905 ], [ -75.611456, 45.430905 ], [ -75.611456, 45.430905 ], [ -75.611456, 45.430905 ], [ -75.611456, 45.430905 ], [ -75.611456, 45.430905 ], [ -75.611456, 45.430905 ], [ -75.611456, 45.430905 ], [ -75.611456, 45.430905 ], [ -75.611456, 45.430905 ], [ -75.611456, 45.430905 ], [ -75.611456, 45.430905 ], [ -75.611456, 45.430905 ], [ -75.611456, 45.430905 ], [ -75.611456, 45.430905 ], [ -75.611456, 45.430905 ], [ -75.611456, 45.430905 ], [ -75.611456, 45.430905 ], [ -75.611456, 45.430905 ], [ -75.611456, 45.430905 ], [ -75.611456, 45.430905 ], [ -75.611456, 45.430905 ], [ -75.611456, 45.430905 ], [ -75.611456, 45.430905 ], [ -75.611456, 45.430905 ], [ -75.611456, 45.430905 ], [ -75.611456, 45.430905 ], [ -75.611456, 45.430905 ], [ -75.611456, 45.430905 ], [ -75.611456, 45.430905 ], [ -75.611456, 45.430905 ], [ -75.611456, 45.430905 ], [ -75.611456, 45.430905 ], [ -75.611456, 45.430905 ], [ -75.611456, 45.430905 ], [ -75.611456, 45.430905 ], [ -75.611456, 45.430905 ], [ -75.611456, 45.430905 ], [ -75.611456, 45.430905 ], [ -75.611456, 45.430905 ], [ -75.611456, 45.430905 ], [ -75.611456, 45.430905 ], [ -75.611456, 45.430905 ], [ -75.611456, 45.430905 ], [ -75.611456, 45.430905 ], [ -75.611456, 45.430905 ], [ -75.611456, 45.430905 ], [ -75.611456, 45.430905 ], [ -75.611456, 45.430905 ], [ -75.611456, 45.430905 ], [ -75.611456, 45.430905 ], [ -75.611456, 45.430905 ], [ -75.611456, 45.430905 ], [ -75.611456, 45.430905 ], [ -75.611456, 45.430905 ], [ -75.611456, 45.430905 ], [ -75.611456, 45.430905 ], [ -75.611456, 45.430905 ], [ -75.611456, 45.430905 ], [ -75.611456, 45.430905 ], [ -75.611456, 45.430905 ], [ -75.611456, 45.430905 ], [ -75.611456, 45.430905 ], [ -75.611456, 45.430905 ], [ -75.611456, 45.430905 ], [ -75.611456, 45.430905 ], [ -75.611456, 45.430905 ], [ -75.611456, 45.430905 ], [ -75.611456, 45.430905 ], [ -75.611456, 45.430905 ], [ -75.611456, 45.430905 ], [ -75.611456, 45.430905 ], [ -75.611456, 45.430905 ], [ -75.611456, 45.430905 ], [ -75.611456, 45.430905 ], [ -75.611456, 45.430905 ], [ -75.611456, 45.430905 ], [ -75.611456, 45.430905 ], [ -75.611456, 45.430905 ], [ -75.611456, 45.430905 ], [ -75.611456, 45.430905 ], [ -75.611456, 45.430905 ], [ -75.611456, 45.430905 ], [ -75.611456, 45.430905 ], [ -75.611456, 45.430905 ], [ -75.611456, 45.430905 ], [ -75.611456, 45.430905 ], [ -75.611456, 45.430905 ], [ -75.611456, 45.430905 ], [ -75.611456, 45.430905 ], [ -75.611456, 45.430905 ], [ -75.611456, 45.430905 ], [ -75.611456, 45.430905 ], [ -75.611456, 45.430905 ], [ -75.611456, 45.430905 ], [ -75.611456, 45.430905 ], [ -75.611456, 45.430905 ], [ -75.611456, 45.430905 ], [ -75.611456, 45.430905 ], [ -75.611456, 45.430905 ], [ -75.611456, 45.430905 ], [ -75.611456, 45.430905 ], [ -75.611456, 45.430905 ], [ -75.611456, 45.430905 ], [ -75.611456, 45.430905 ], [ -75.611456, 45.430905 ], [ -75.611456, 45.430905 ], [ -75.611456, 45.430905 ], [ -75.611456, 45.430905 ], [ -75.611456, 45.430905 ], [ -75.611456, 45.430905 ], [ -75.611456, 45.430905 ], [ -75.611456, 45.430905 ], [ -75.611456, 45.430905 ], [ -75.611456, 45.430905 ], [ -75.611456, 45.430905 ], [ -75.611456, 45.430905 ], [ -75.611456, 45.430905 ], [ -75.611456, 45.430905 ], [ -75.611456, 45.430905 ], [ -75.611456, 45.430905 ], [ -75.611456, 45.430905 ], [ -75.611456, 45.430905 ], [ -75.611456, 45.430905 ], [ -75.611456, 45.430905 ], [ -75.611456, 45.430905 ], [ -75.611456, 45.430905 ], [ -75.611456, 45.430905 ], [ -75.611456, 45.430905 ], [ -75.611456, 45.430905 ], [ -75.611456, 45.430905 ], [ -75.611456, 45.430905 ], [ -75.611456, 45.430905 ], [ -75.611456, 45.430905 ], [ -75.611456, 45.430905 ], [ -75.611456, 45.430905 ], [ -75.611456, 45.430905 ], [ -75.611456, 45.430905 ], [ -75.611456, 45.430905 ], [ -75.611456, 45.430905 ], [ -75.611456, 45.430905 ], [ -75.611456, 45.430905 ], [ -75.611456, 45.430905 ], [ -75.611456, 45.430905 ], [ -75.611456, 45.430905 ], [ -75.611456, 45.430905 ], [ -75.611456, 45.430905 ], [ -75.611456, 45.430905 ], [ -75.611456, 45.430905 ], [ -75.611456, 45.430905 ], [ -75.611456, 45.430905 ], [ -75.611456, 45.430905 ], [ -75.611456, 45.430905 ], [ -75.611456, 45.430905 ], [ -75.611456, 45.430905 ], [ -75.611456, 45.430905 ], [ -75.611456, 45.430905 ], [ -75.611456, 45.430905 ], [ -75.611456, 45.430905 ], [ -75.611456, 45.430905 ], [ -75.611456, 45.430905 ], [ -75.611456, 45.430905 ], [ -75.611456, 45.430905 ], [ -75.611456, 45.430905 ], [ -75.611456, 45.430905 ], [ -75.611456, 45.430905 ], [ -75.611456, 45.430905 ], [ -75.611456, 45.430905 ], [ -75.611456, 45.430905 ], [ -75.611222, 45.430807 ], [ -75.611222, 45.430807 ], [ -75.611222, 45.430807 ], [ -75.611222, 45.430807 ], [ -75.611222, 45.430807 ], [ -75.611222, 45.430807 ], [ -75.611222, 45.430807 ], [ -75.611222, 45.430807 ], [ -75.611222, 45.430807 ], [ -75.611222, 45.430807 ], [ -75.611222, 45.430807 ], [ -75.611222, 45.430807 ], [ -75.611222, 45.430807 ], [ -75.611222, 45.430807 ], [ -75.611222, 45.430807 ], [ -75.611222, 45.430807 ], [ -75.611222, 45.430807 ], [ -75.611222, 45.430807 ], [ -75.611222, 45.430807 ], [ -75.611222, 45.430807 ], [ -75.611222, 45.430807 ], [ -75.611222, 45.430807 ], [ -75.611222, 45.430807 ], [ -75.611222, 45.430807 ], [ -75.611222, 45.430807 ], [ -75.611222, 45.430807 ], [ -75.611222, 45.430807 ], [ -75.611222, 45.430807 ], [ -75.611222, 45.430807 ], [ -75.611222, 45.430807 ], [ -75.611222, 45.430807 ], [ -75.611222, 45.430807 ], [ -75.611222, 45.430807 ], [ -75.611222, 45.430807 ], [ -75.611222, 45.430807 ], [ -75.611222, 45.430807 ], [ -75.611222, 45.430807 ], [ -75.611222, 45.430807 ], [ -75.611222, 45.430807 ], [ -75.611222, 45.430807 ], [ -75.611222, 45.430807 ], [ -75.611222, 45.430807 ], [ -75.611222, 45.430807 ], [ -75.611222, 45.430807 ], [ -75.611222, 45.430807 ], [ -75.611222, 45.430807 ], [ -75.611222, 45.430807 ], [ -75.611222, 45.430807 ], [ -75.611222, 45.430807 ], [ -75.611222, 45.430807 ], [ -75.611222, 45.430807 ], [ -75.611222, 45.430807 ], [ -75.611222, 45.430807 ], [ -75.611222, 45.430807 ], [ -75.611222, 45.430807 ], [ -75.611222, 45.430807 ], [ -75.611222, 45.430807 ], [ -75.611222, 45.430807 ], [ -75.611222, 45.430807 ], [ -75.611222, 45.430807 ], [ -75.611222, 45.430807 ], [ -75.611222, 45.430807 ], [ -75.611222, 45.430807 ], [ -75.611222, 45.430807 ], [ -75.611222, 45.430807 ], [ -75.611222, 45.430807 ], [ -75.611222, 45.430807 ], [ -75.611222, 45.430807 ], [ -75.611222, 45.430807 ], [ -75.611222, 45.430807 ], [ -75.611222, 45.430807 ], [ -75.611222, 45.430807 ], [ -75.611222, 45.430807 ], [ -75.611222, 45.430807 ], [ -75.611222, 45.430807 ], [ -75.611222, 45.430807 ], [ -75.611222, 45.430807 ], [ -75.611222, 45.430807 ], [ -75.611222, 45.430807 ], [ -75.611222, 45.430807 ], [ -75.611222, 45.430807 ], [ -75.611222, 45.430807 ], [ -75.611222, 45.430807 ], [ -75.611222, 45.430807 ], [ -75.611222, 45.430807 ], [ -75.611222, 45.430807 ], [ -75.611222, 45.430807 ], [ -75.611222, 45.430807 ], [ -75.611222, 45.430807 ], [ -75.611222, 45.430807 ], [ -75.611222, 45.430807 ], [ -75.611222, 45.430807 ], [ -75.611222, 45.430807 ], [ -75.611222, 45.430807 ], [ -75.611222, 45.430807 ], [ -75.611222, 45.430807 ], [ -75.611222, 45.430807 ], [ -75.611222, 45.430807 ], [ -75.611222, 45.430807 ], [ -75.611222, 45.430807 ], [ -75.611222, 45.430807 ], [ -75.611222, 45.430807 ], [ -75.611222, 45.430807 ], [ -75.611222, 45.430807 ], [ -75.611222, 45.430807 ], [ -75.611222, 45.430807 ], [ -75.611222, 45.430807 ], [ -75.611222, 45.430807 ], [ -75.611222, 45.430807 ], [ -75.611222, 45.430807 ], [ -75.611222, 45.430807 ], [ -75.611222, 45.430807 ], [ -75.611222, 45.430807 ], [ -75.611222, 45.430807 ], [ -75.611222, 45.430807 ], [ -75.611222, 45.430807 ], [ -75.611222, 45.430807 ], [ -75.611222, 45.430807 ], [ -75.611222, 45.430807 ], [ -75.611222, 45.430807 ], [ -75.611222, 45.430807 ], [ -75.611222, 45.430807 ], [ -75.611222, 45.430807 ], [ -75.611222, 45.430807 ], [ -75.611222, 45.430807 ], [ -75.611222, 45.430807 ], [ -75.611222, 45.430807 ], [ -75.611222, 45.430807 ], [ -75.611222, 45.430807 ], [ -75.611222, 45.430807 ], [ -75.611222, 45.430807 ], [ -75.611222, 45.430807 ], [ -75.611222, 45.430807 ], [ -75.611222, 45.430807 ], [ -75.611222, 45.430807 ], [ -75.611222, 45.430807 ], [ -75.611222, 45.430807 ], [ -75.611222, 45.430807 ], [ -75.611222, 45.430807 ], [ -75.611222, 45.430807 ], [ -75.611222, 45.430807 ], [ -75.611222, 45.430807 ], [ -75.611222, 45.430807 ], [ -75.611222, 45.430807 ], [ -75.611222, 45.430807 ], [ -75.611222, 45.430807 ], [ -75.611222, 45.430807 ], [ -75.611222, 45.430807 ], [ -75.611222, 45.430807 ], [ -75.611222, 45.430807 ], [ -75.611222, 45.430807 ], [ -75.611222, 45.430807 ], [ -75.611222, 45.430807 ], [ -75.611222, 45.430807 ], [ -75.611222, 45.430807 ], [ -75.611222, 45.430807 ], [ -75.611222, 45.430807 ], [ -75.611222, 45.430807 ], [ -75.611222, 45.430807 ], [ -75.611222, 45.430807 ], [ -75.611222, 45.430807 ], [ -75.611222, 45.430807 ], [ -75.611222, 45.430807 ], [ -75.611222, 45.430807 ], [ -75.611222, 45.430807 ], [ -75.611222, 45.430807 ], [ -75.611222, 45.430807 ], [ -75.611222, 45.430807 ], [ -75.611222, 45.430807 ], [ -75.611222, 45.430807 ], [ -75.611222, 45.430807 ], [ -75.611222, 45.430807 ], [ -75.611222, 45.430807 ], [ -75.611222, 45.430807 ], [ -75.611222, 45.430807 ], [ -75.611222, 45.430807 ], [ -75.611222, 45.430807 ], [ -75.611222, 45.430807 ], [ -75.611222, 45.430807 ], [ -75.611222, 45.430807 ], [ -75.611222, 45.430807 ], [ -75.611222, 45.430807 ], [ -75.611222, 45.430807 ], [ -75.611222, 45.430807 ], [ -75.611222, 45.430807 ], [ -75.611222, 45.430807 ], [ -75.611222, 45.430807 ], [ -75.611222, 45.430807 ], [ -75.611222, 45.430807 ], [ -75.611222, 45.430807 ], [ -75.611222, 45.430807 ], [ -75.611222, 45.430807 ], [ -75.611222, 45.430807 ], [ -75.611222, 45.430807 ], [ -75.611222, 45.430807 ], [ -75.611222, 45.430807 ], [ -75.611222, 45.430807 ], [ -75.611222, 45.430807 ], [ -75.611222, 45.430807 ], [ -75.611222, 45.430807 ], [ -75.611222, 45.430807 ], [ -75.611222, 45.430807 ], [ -75.611222, 45.430807 ], [ -75.611222, 45.430807 ], [ -75.611222, 45.430807 ], [ -75.611222, 45.430807 ], [ -75.611222, 45.430807 ], [ -75.611222, 45.430807 ], [ -75.611222, 45.430807 ], [ -75.611222, 45.430807 ], [ -75.611222, 45.430807 ], [ -75.611222, 45.430807 ], [ -75.611222, 45.430807 ], [ -75.611222, 45.430807 ], [ -75.611222, 45.430807 ], [ -75.611222, 45.430807 ], [ -75.611222, 45.430807 ], [ -75.611222, 45.430807 ], [ -75.611222, 45.430807 ], [ -75.611222, 45.430807 ], [ -75.611222, 45.430807 ], [ -75.611222, 45.430807 ], [ -75.611222, 45.430807 ], [ -75.611222, 45.430807 ], [ -75.611222, 45.430807 ], [ -75.611222, 45.430807 ], [ -75.611222, 45.430807 ], [ -75.611222, 45.430807 ], [ -75.611222, 45.430807 ], [ -75.611222, 45.430807 ], [ -75.611222, 45.430807 ], [ -75.611222, 45.430807 ], [ -75.611222, 45.430807 ], [ -75.611222, 45.430807 ], [ -75.611222, 45.430807 ], [ -75.611222, 45.430807 ], [ -75.611222, 45.430807 ], [ -75.611222, 45.430807 ], [ -75.611222, 45.430807 ], [ -75.611222, 45.430807 ], [ -75.611222, 45.430807 ], [ -75.611222, 45.430807 ], [ -75.611222, 45.430807 ], [ -75.611222, 45.430807 ], [ -75.611222, 45.430807 ], [ -75.611222, 45.430807 ], [ -75.611222, 45.430807 ], [ -75.611222, 45.430807 ], [ -75.611222, 45.430807 ], [ -75.611222, 45.430807 ], [ -75.611222, 45.430807 ], [ -75.611222, 45.430807 ], [ -75.611222, 45.430807 ], [ -75.611222, 45.430807 ], [ -75.611222, 45.430807 ], [ -75.611222, 45.430807 ], [ -75.611222, 45.430807 ], [ -75.611222, 45.430807 ], [ -75.611222, 45.430807 ], [ -75.611222, 45.430807 ], [ -75.611222, 45.430807 ], [ -75.611222, 45.430807 ], [ -75.611222, 45.430807 ], [ -75.611222, 45.430807 ], [ -75.611222, 45.430807 ], [ -75.611222, 45.430807 ], [ -75.611222, 45.430807 ], [ -75.611222, 45.430807 ], [ -75.611222, 45.430807 ], [ -75.611222, 45.430807 ], [ -75.611222, 45.430807 ], [ -75.611222, 45.430807 ], [ -75.611222, 45.430807 ], [ -75.611222, 45.430807 ], [ -75.611222, 45.430807 ], [ -75.611222, 45.430807 ], [ -75.611222, 45.430807 ], [ -75.611222, 45.430807 ], [ -75.611222, 45.430807 ], [ -75.611222, 45.430807 ], [ -75.611222, 45.430807 ], [ -75.611222, 45.430807 ], [ -75.611222, 45.430807 ], [ -75.611222, 45.430807 ], [ -75.611222, 45.430807 ], [ -75.611222, 45.430807 ], [ -75.611222, 45.430807 ], [ -75.611222, 45.430807 ], [ -75.611222, 45.430807 ], [ -75.611222, 45.430807 ], [ -75.611222, 45.430807 ], [ -75.611222, 45.430807 ], [ -75.611222, 45.430807 ], [ -75.611222, 45.430807 ], [ -75.611222, 45.430807 ], [ -75.611222, 45.430807 ], [ -75.611222, 45.430807 ], [ -75.611222, 45.430807 ], [ -75.611222, 45.430807 ], [ -75.611222, 45.430807 ], [ -75.611222, 45.430807 ], [ -75.611222, 45.430807 ], [ -75.611222, 45.430807 ], [ -75.611222, 45.430807 ], [ -75.611222, 45.430807 ], [ -75.611222, 45.430807 ], [ -75.611222, 45.430807 ], [ -75.611222, 45.430807 ], [ -75.611222, 45.430807 ], [ -75.611222, 45.430807 ], [ -75.611222, 45.430807 ], [ -75.611222, 45.430807 ], [ -75.611222, 45.430807 ], [ -75.611222, 45.430807 ], [ -75.611222, 45.430807 ], [ -75.611222, 45.430807 ], [ -75.611222, 45.430807 ], [ -75.611222, 45.430807 ], [ -75.611222, 45.430807 ], [ -75.611222, 45.430807 ], [ -75.611222, 45.430807 ], [ -75.611222, 45.430807 ], [ -75.611222, 45.430807 ], [ -75.611222, 45.430807 ], [ -75.611222, 45.430807 ], [ -75.611222, 45.430807 ], [ -75.611222, 45.430807 ], [ -75.611222, 45.430807 ], [ -75.611222, 45.430807 ], [ -75.611222, 45.430807 ], [ -75.611222, 45.430807 ], [ -75.611222, 45.430807 ], [ -75.611222, 45.430807 ], [ -75.611222, 45.430807 ], [ -75.611222, 45.430807 ], [ -75.611222, 45.430807 ], [ -75.611222, 45.430807 ], [ -75.611222, 45.430807 ], [ -75.611222, 45.430807 ], [ -75.611222, 45.430807 ], [ -75.611222, 45.430807 ], [ -75.611222, 45.430807 ], [ -75.611222, 45.430807 ], [ -75.611222, 45.430807 ], [ -75.611222, 45.430807 ], [ -75.611222, 45.430807 ], [ -75.611222, 45.430807 ], [ -75.611222, 45.430807 ], [ -75.611222, 45.430807 ], [ -75.611222, 45.430807 ], [ -75.611222, 45.430807 ], [ -75.611222, 45.430807 ], [ -75.611222, 45.430807 ], [ -75.611222, 45.430807 ], [ -75.611222, 45.430807 ], [ -75.611222, 45.430807 ], [ -75.611222, 45.430807 ], [ -75.611222, 45.430807 ], [ -75.611222, 45.430807 ], [ -75.611222, 45.430807 ], [ -75.611222, 45.430807 ], [ -75.611222, 45.430807 ], [ -75.611222, 45.430807 ], [ -75.611222, 45.430807 ], [ -75.611222, 45.430807 ], [ -75.611222, 45.430807 ], [ -75.611222, 45.430807 ], [ -75.611222, 45.430807 ], [ -75.611222, 45.430807 ], [ -75.611222, 45.430807 ], [ -75.611222, 45.430807 ], [ -75.611222, 45.430807 ], [ -75.611222, 45.430807 ], [ -75.611222, 45.430807 ], [ -75.611222, 45.430807 ], [ -75.611222, 45.430807 ], [ -75.611222, 45.430807 ], [ -75.611222, 45.430807 ], [ -75.611222, 45.430807 ], [ -75.611222, 45.430807 ], [ -75.611222, 45.430807 ], [ -75.611222, 45.430807 ], [ -75.611222, 45.430807 ], [ -75.611222, 45.430807 ], [ -75.611222, 45.430807 ], [ -75.611222, 45.430807 ], [ -75.611222, 45.430807 ], [ -75.611222, 45.430807 ], [ -75.611222, 45.430807 ], [ -75.611222, 45.430807 ], [ -75.611222, 45.430807 ], [ -75.611222, 45.430807 ], [ -75.611222, 45.430807 ], [ -75.611222, 45.430807 ], [ -75.611222, 45.430807 ], [ -75.611222, 45.430807 ], [ -75.611222, 45.430807 ], [ -75.611222, 45.430807 ], [ -75.611222, 45.430807 ], [ -75.611222, 45.430807 ], [ -75.611222, 45.430807 ], [ -75.611222, 45.430807 ], [ -75.611222, 45.430807 ], [ -75.611222, 45.430807 ], [ -75.611222, 45.430807 ], [ -75.611222, 45.430807 ], [ -75.611222, 45.430807 ], [ -75.611222, 45.430807 ], [ -75.611222, 45.430807 ], [ -75.611222, 45.430807 ], [ -75.611222, 45.430807 ], [ -75.611222, 45.430807 ], [ -75.611222, 45.430807 ], [ -75.611222, 45.430807 ], [ -75.611222, 45.430807 ], [ -75.611222, 45.430807 ], [ -75.611222, 45.430807 ], [ -75.611222, 45.430807 ], [ -75.611222, 45.430807 ], [ -75.611222, 45.430807 ], [ -75.611222, 45.430807 ], [ -75.611222, 45.430807 ], [ -75.611222, 45.430807 ], [ -75.611222, 45.430807 ], [ -75.611222, 45.430807 ], [ -75.611222, 45.430807 ], [ -75.611222, 45.430807 ], [ -75.611222, 45.430807 ], [ -75.611222, 45.430807 ], [ -75.611222, 45.430807 ], [ -75.611222, 45.430807 ], [ -75.611222, 45.430807 ], [ -75.611222, 45.430807 ], [ -75.611222, 45.430807 ], [ -75.611222, 45.430807 ], [ -75.611222, 45.430807 ], [ -75.611222, 45.430807 ], [ -75.611222, 45.430807 ], [ -75.611222, 45.430807 ], [ -75.611222, 45.430807 ], [ -75.611222, 45.430807 ], [ -75.611222, 45.430807 ], [ -75.611222, 45.430807 ], [ -75.611222, 45.430807 ], [ -75.611222, 45.430807 ], [ -75.611222, 45.430807 ], [ -75.611222, 45.430807 ], [ -75.611222, 45.430807 ], [ -75.611222, 45.430807 ], [ -75.611222, 45.430807 ], [ -75.611222, 45.430807 ], [ -75.611222, 45.430807 ], [ -75.611222, 45.430807 ], [ -75.611222, 45.430807 ], [ -75.611222, 45.430807 ], [ -75.611222, 45.430807 ], [ -75.611222, 45.430807 ], [ -75.611222, 45.430807 ], [ -75.611222, 45.430807 ], [ -75.611222, 45.430807 ], [ -75.611222, 45.430807 ], [ -75.611222, 45.430807 ], [ -75.611222, 45.430807 ], [ -75.611222, 45.430807 ], [ -75.611222, 45.430807 ], [ -75.611222, 45.430807 ], [ -75.611222, 45.430807 ], [ -75.611222, 45.430807 ], [ -75.611222, 45.430807 ], [ -75.611222, 45.430807 ], [ -75.611222, 45.430807 ], [ -75.611222, 45.430807 ], [ -75.611222, 45.430807 ], [ -75.611222, 45.430807 ], [ -75.611222, 45.430807 ], [ -75.611222, 45.430807 ], [ -75.611222, 45.430807 ], [ -75.611222, 45.430807 ], [ -75.611222, 45.430807 ], [ -75.611222, 45.430807 ], [ -75.611222, 45.430807 ], [ -75.611222, 45.430807 ], [ -75.611222, 45.430807 ], [ -75.611222, 45.430807 ], [ -75.611222, 45.430807 ], [ -75.611222, 45.430807 ], [ -75.611222, 45.430807 ], [ -75.611222, 45.430807 ], [ -75.611222, 45.430807 ], [ -75.611222, 45.430807 ], [ -75.611222, 45.430807 ], [ -75.611222, 45.430807 ], [ -75.611222, 45.430807 ], [ -75.611222, 45.430807 ], [ -75.611222, 45.430807 ], [ -75.611222, 45.430807 ], [ -75.611222, 45.430807 ], [ -75.611222, 45.430807 ], [ -75.611222, 45.430807 ], [ -75.611222, 45.430807 ], [ -75.611222, 45.430807 ], [ -75.611222, 45.430807 ], [ -75.611222, 45.430807 ], [ -75.611222, 45.430807 ], [ -75.611222, 45.430807 ], [ -75.611222, 45.430807 ], [ -75.611222, 45.430807 ], [ -75.611222, 45.430807 ], [ -75.611222, 45.430807 ], [ -75.611222, 45.430807 ], [ -75.611222, 45.430807 ], [ -75.611222, 45.430807 ], [ -75.611222, 45.430807 ], [ -75.611222, 45.430807 ], [ -75.611222, 45.430807 ], [ -75.611222, 45.430807 ], [ -75.611222, 45.430807 ], [ -75.611222, 45.430807 ], [ -75.611222, 45.430807 ], [ -75.611222, 45.430807 ], [ -75.611222, 45.430807 ], [ -75.611222, 45.430807 ], [ -75.611222, 45.430807 ], [ -75.611222, 45.430807 ], [ -75.611222, 45.430807 ], [ -75.611222, 45.430807 ], [ -75.611222, 45.430807 ], [ -75.611222, 45.430807 ], [ -75.611222, 45.430807 ], [ -75.611222, 45.430807 ], [ -75.611222, 45.430807 ], [ -75.611222, 45.430807 ], [ -75.611222, 45.430807 ], [ -75.611222, 45.430807 ], [ -75.611222, 45.430807 ], [ -75.611222, 45.430807 ], [ -75.611222, 45.430807 ], [ -75.611222, 45.430807 ], [ -75.611222, 45.430807 ], [ -75.611222, 45.430807 ], [ -75.611222, 45.430807 ], [ -75.611222, 45.430807 ], [ -75.611222, 45.430807 ], [ -75.611222, 45.430807 ], [ -75.611222, 45.430807 ], [ -75.611222, 45.430807 ], [ -75.611222, 45.430807 ], [ -75.611222, 45.430807 ], [ -75.611222, 45.430807 ], [ -75.611222, 45.430807 ], [ -75.611222, 45.430807 ], [ -75.611222, 45.430807 ], [ -75.611222, 45.430807 ], [ -75.611222, 45.430807 ], [ -75.611222, 45.430807 ], [ -75.611222, 45.430807 ], [ -75.611222, 45.430807 ], [ -75.611222, 45.430807 ], [ -75.611222, 45.430807 ], [ -75.611222, 45.430807 ], [ -75.611222, 45.430807 ], [ -75.611222, 45.430807 ], [ -75.611222, 45.430807 ], [ -75.611222, 45.430807 ], [ -75.611222, 45.430807 ], [ -75.611222, 45.430807 ], [ -75.611222, 45.430807 ], [ -75.611222, 45.430807 ], [ -75.611222, 45.430807 ], [ -75.611222, 45.430807 ], [ -75.611222, 45.430807 ], [ -75.611222, 45.430807 ], [ -75.611222, 45.430807 ], [ -75.611222, 45.430807 ], [ -75.611222, 45.430807 ], [ -75.611222, 45.430807 ], [ -75.611222, 45.430807 ], [ -75.611222, 45.430807 ], [ -75.611222, 45.430807 ], [ -75.611222, 45.430807 ], [ -75.611222, 45.430807 ], [ -75.611222, 45.430807 ], [ -75.611222, 45.430807 ], [ -75.611222, 45.430807 ], [ -75.611222, 45.430807 ], [ -75.611222, 45.430807 ], [ -75.611222, 45.430807 ], [ -75.611222, 45.430807 ], [ -75.611222, 45.430807 ], [ -75.611222, 45.430807 ], [ -75.611222, 45.430807 ], [ -75.611222, 45.430807 ], [ -75.611222, 45.430807 ], [ -75.611222, 45.430807 ], [ -75.611222, 45.430807 ], [ -75.611222, 45.430807 ], [ -75.611222, 45.430807 ], [ -75.611222, 45.430807 ], [ -75.611222, 45.430807 ], [ -75.611222, 45.430807 ], [ -75.611222, 45.430807 ], [ -75.611222, 45.430807 ], [ -75.611222, 45.430807 ], [ -75.611222, 45.430807 ], [ -75.611222, 45.430807 ], [ -75.611222, 45.430807 ], [ -75.611222, 45.430807 ], [ -75.611222, 45.430807 ], [ -75.611222, 45.430807 ], [ -75.611222, 45.430807 ], [ -75.611222, 45.430807 ], [ -75.611222, 45.430807 ], [ -75.611222, 45.430807 ], [ -75.611222, 45.430807 ], [ -75.611222, 45.430807 ], [ -75.611222, 45.430807 ], [ -75.611222, 45.430807 ], [ -75.611222, 45.430807 ], [ -75.611222, 45.430807 ], [ -75.611222, 45.430807 ], [ -75.611222, 45.430807 ], [ -75.611222, 45.430807 ], [ -75.611222, 45.430807 ], [ -75.611222, 45.430807 ], [ -75.611222, 45.430807 ], [ -75.611222, 45.430807 ], [ -75.611222, 45.430807 ], [ -75.611222, 45.430807 ], [ -75.611222, 45.430807 ], [ -75.611222, 45.430807 ], [ -75.611222, 45.430807 ], [ -75.611222, 45.430807 ], [ -75.611222, 45.430807 ], [ -75.611222, 45.430807 ], [ -75.611222, 45.430807 ], [ -75.611222, 45.430807 ], [ -75.611222, 45.430807 ], [ -75.611222, 45.430807 ], [ -75.611222, 45.430807 ], [ -75.611222, 45.430807 ], [ -75.611222, 45.430807 ], [ -75.611222, 45.430807 ], [ -75.611222, 45.430807 ], [ -75.611222, 45.430807 ], [ -75.611222, 45.430807 ], [ -75.611222, 45.430807 ], [ -75.611222, 45.430807 ], [ -75.611222, 45.430807 ], [ -75.611222, 45.430807 ], [ -75.611222, 45.430807 ], [ -75.611222, 45.430807 ], [ -75.611222, 45.430807 ], [ -75.611222, 45.430807 ], [ -75.611222, 45.430807 ], [ -75.611222, 45.430807 ], [ -75.611222, 45.430807 ], [ -75.611222, 45.430807 ], [ -75.611222, 45.430807 ], [ -75.611222, 45.430807 ], [ -75.611222, 45.430807 ], [ -75.611222, 45.430807 ], [ -75.611222, 45.430807 ], [ -75.611222, 45.430807 ], [ -75.611222, 45.430807 ], [ -75.611222, 45.430807 ], [ -75.611222, 45.430807 ], [ -75.611222, 45.430807 ], [ -75.611222, 45.430807 ], [ -75.611222, 45.430807 ], [ -75.611222, 45.430807 ], [ -75.611222, 45.430807 ], [ -75.611222, 45.430807 ], [ -75.611222, 45.430807 ], [ -75.611222, 45.430807 ], [ -75.611222, 45.430807 ], [ -75.611222, 45.430807 ], [ -75.611222, 45.430807 ], [ -75.611222, 45.430807 ], [ -75.611222, 45.430807 ], [ -75.611222, 45.430807 ], [ -75.611222, 45.430807 ], [ -75.611222, 45.430807 ], [ -75.611222, 45.430807 ], [ -75.611222, 45.430807 ], [ -75.611222, 45.430807 ], [ -75.611222, 45.430807 ], [ -75.611222, 45.430807 ], [ -75.611222, 45.430807 ], [ -75.611222, 45.430807 ], [ -75.611222, 45.430807 ], [ -75.611222, 45.430807 ], [ -75.611222, 45.430807 ], [ -75.611222, 45.430807 ], [ -75.611222, 45.430807 ], [ -75.611222, 45.430807 ], [ -75.611222, 45.430807 ], [ -75.611222, 45.430807 ], [ -75.611222, 45.430807 ], [ -75.611222, 45.430807 ], [ -75.611222, 45.430807 ], [ -75.611222, 45.430807 ], [ -75.611222, 45.430807 ], [ -75.611222, 45.430807 ], [ -75.611222, 45.430807 ], [ -75.611222, 45.430807 ], [ -75.611222, 45.430807 ], [ -75.611222, 45.430807 ], [ -75.611222, 45.430807 ], [ -75.611222, 45.430807 ], [ -75.611222, 45.430807 ], [ -75.611222, 45.430807 ], [ -75.611222, 45.430807 ], [ -75.611222, 45.430807 ], [ -75.611222, 45.430807 ], [ -75.611222, 45.430807 ], [ -75.611222, 45.430807 ], [ -75.611222, 45.430807 ], [ -75.611222, 45.430807 ], [ -75.611222, 45.430807 ], [ -75.611222, 45.430807 ], [ -75.611222, 45.430807 ], [ -75.611222, 45.430807 ], [ -75.611222, 45.430807 ], [ -75.611222, 45.430807 ], [ -75.611222, 45.430807 ], [ -75.611222, 45.430807 ], [ -75.611222, 45.430807 ], [ -75.611222, 45.430807 ], [ -75.611222, 45.430807 ], [ -75.611222, 45.430807 ], [ -75.611222, 45.430807 ], [ -75.611222, 45.430807 ], [ -75.611222, 45.430807 ], [ -75.611222, 45.430807 ], [ -75.611222, 45.430807 ], [ -75.611222, 45.430807 ], [ -75.611222, 45.430807 ], [ -75.611222, 45.430807 ], [ -75.611222, 45.430807 ], [ -75.611222, 45.430807 ], [ -75.611222, 45.430807 ], [ -75.611222, 45.430807 ], [ -75.611222, 45.430807 ], [ -75.611222, 45.430807 ], [ -75.611222, 45.430807 ], [ -75.611222, 45.430807 ], [ -75.611222, 45.430807 ], [ -75.611222, 45.430807 ], [ -75.611222, 45.430807 ], [ -75.611222, 45.430807 ], [ -75.611222, 45.430807 ], [ -75.611222, 45.430807 ], [ -75.611222, 45.430807 ], [ -75.611222, 45.430807 ], [ -75.611222, 45.430807 ], [ -75.611222, 45.430807 ], [ -75.611222, 45.430807 ], [ -75.611222, 45.430807 ], [ -75.611222, 45.430807 ], [ -75.611222, 45.430807 ], [ -75.611222, 45.430807 ], [ -75.611222, 45.430807 ], [ -75.611222, 45.430807 ], [ -75.611222, 45.430807 ], [ -75.611222, 45.430807 ], [ -75.611222, 45.430807 ], [ -75.611222, 45.430807 ], [ -75.611222, 45.430807 ], [ -75.611222, 45.430807 ], [ -75.611222, 45.430807 ], [ -75.611222, 45.430807 ], [ -75.611222, 45.430807 ], [ -75.611222, 45.430807 ], [ -75.611222, 45.430807 ], [ -75.611222, 45.430807 ], [ -75.611222, 45.430807 ], [ -75.611222, 45.430807 ], [ -75.611222, 45.430807 ], [ -75.611222, 45.430807 ], [ -75.611222, 45.430807 ], [ -75.611222, 45.430807 ], [ -75.611222, 45.430807 ], [ -75.611222, 45.430807 ], [ -75.611222, 45.430807 ], [ -75.611222, 45.430807 ], [ -75.611222, 45.430807 ], [ -75.611222, 45.430807 ], [ -75.611222, 45.430807 ], [ -75.611222, 45.430807 ], [ -75.611222, 45.430807 ], [ -75.611222, 45.430807 ], [ -75.611222, 45.430807 ], [ -75.611222, 45.430807 ], [ -75.611222, 45.430807 ], [ -75.611222, 45.430807 ], [ -75.611222, 45.430807 ], [ -75.611222, 45.430807 ], [ -75.611222, 45.430807 ], [ -75.611222, 45.430807 ], [ -75.611222, 45.430807 ], [ -75.611222, 45.430807 ], [ -75.611222, 45.430807 ], [ -75.611222, 45.430807 ], [ -75.611222, 45.430807 ], [ -75.611222, 45.430807 ], [ -75.611222, 45.430807 ], [ -75.611222, 45.430807 ], [ -75.611222, 45.430807 ], [ -75.611222, 45.430807 ], [ -75.611222, 45.430807 ], [ -75.611222, 45.430807 ], [ -75.611222, 45.430807 ], [ -75.611222, 45.430807 ], [ -75.611222, 45.430807 ], [ -75.611222, 45.430807 ], [ -75.611222, 45.430807 ], [ -75.611222, 45.430807 ], [ -75.611222, 45.430807 ], [ -75.611222, 45.430807 ], [ -75.611222, 45.430807 ], [ -75.611222, 45.430807 ], [ -75.611222, 45.430807 ], [ -75.611222, 45.430807 ], [ -75.611222, 45.430807 ], [ -75.611222, 45.430807 ], [ -75.611222, 45.430807 ], [ -75.611222, 45.430807 ], [ -75.611222, 45.430807 ], [ -75.611222, 45.430807 ], [ -75.611222, 45.430807 ], [ -75.611222, 45.430807 ], [ -75.611222, 45.430807 ], [ -75.611222, 45.430807 ], [ -75.611222, 45.430807 ], [ -75.611222, 45.430807 ], [ -75.611222, 45.430807 ], [ -75.611222, 45.430807 ], [ -75.611222, 45.430807 ], [ -75.611222, 45.430807 ], [ -75.611222, 45.430807 ], [ -75.611222, 45.430807 ], [ -75.611222, 45.430807 ], [ -75.611222, 45.430807 ], [ -75.611222, 45.430807 ], [ -75.611222, 45.430807 ], [ -75.611222, 45.430807 ], [ -75.611222, 45.430807 ], [ -75.611222, 45.430807 ], [ -75.611222, 45.430807 ], [ -75.611222, 45.430807 ], [ -75.611222, 45.430807 ], [ -75.611222, 45.430807 ], [ -75.611222, 45.430807 ], [ -75.611222, 45.430807 ], [ -75.611222, 45.430807 ], [ -75.611222, 45.430807 ], [ -75.611222, 45.430807 ], [ -75.611222, 45.430807 ], [ -75.611222, 45.430807 ], [ -75.611222, 45.430807 ], [ -75.611222, 45.430807 ], [ -75.611222, 45.430807 ], [ -75.611222, 45.430807 ], [ -75.611222, 45.430807 ], [ -75.611222, 45.430807 ], [ -75.611222, 45.430807 ], [ -75.611222, 45.430807 ], [ -75.611222, 45.430807 ], [ -75.611222, 45.430807 ], [ -75.611222, 45.430807 ], [ -75.611222, 45.430807 ], [ -75.611222, 45.430807 ], [ -75.611222, 45.430807 ], [ -75.611222, 45.430807 ], [ -75.611222, 45.430807 ], [ -75.611222, 45.430807 ], [ -75.611222, 45.430807 ], [ -75.611222, 45.430807 ], [ -75.611222, 45.430807 ], [ -75.611222, 45.430807 ], [ -75.611222, 45.430807 ], [ -75.611222, 45.430807 ], [ -75.611222, 45.430807 ], [ -75.611222, 45.430807 ], [ -75.611222, 45.430807 ], [ -75.611222, 45.430807 ], [ -75.611222, 45.430807 ], [ -75.611222, 45.430807 ], [ -75.611222, 45.430807 ], [ -75.611222, 45.430807 ], [ -75.611222, 45.430807 ], [ -75.611222, 45.430807 ], [ -75.611222, 45.430807 ], [ -75.611222, 45.430807 ], [ -75.611222, 45.430807 ], [ -75.611222, 45.430807 ], [ -75.611222, 45.430807 ], [ -75.611222, 45.430807 ], [ -75.611222, 45.430807 ], [ -75.611222, 45.430807 ], [ -75.611222, 45.430807 ], [ -75.611222, 45.430807 ], [ -75.611222, 45.430807 ], [ -75.611222, 45.430807 ], [ -75.611222, 45.430807 ], [ -75.611222, 45.430807 ], [ -75.611222, 45.430807 ], [ -75.611222, 45.430807 ], [ -75.611222, 45.430807 ], [ -75.611222, 45.430807 ], [ -75.611222, 45.430807 ], [ -75.611222, 45.430807 ], [ -75.611222, 45.430807 ], [ -75.611222, 45.430807 ], [ -75.611222, 45.430807 ], [ -75.611222, 45.430807 ], [ -75.611222, 45.430807 ], [ -75.611222, 45.430807 ], [ -75.611222, 45.430807 ], [ -75.611222, 45.430807 ], [ -75.611222, 45.430807 ], [ -75.611222, 45.430807 ], [ -75.611222, 45.430807 ], [ -75.611222, 45.430807 ], [ -75.611222, 45.430807 ], [ -75.611222, 45.430807 ], [ -75.611222, 45.430807 ], [ -75.611222, 45.430807 ], [ -75.611222, 45.430807 ], [ -75.611222, 45.430807 ], [ -75.611222, 45.430807 ], [ -75.611222, 45.430807 ], [ -75.611222, 45.430807 ], [ -75.611222, 45.430807 ], [ -75.611222, 45.430807 ], [ -75.611222, 45.430807 ], [ -75.611222, 45.430807 ], [ -75.611222, 45.430807 ], [ -75.611222, 45.430807 ], [ -75.611222, 45.430807 ], [ -75.611222, 45.430807 ], [ -75.611222, 45.430807 ], [ -75.611222, 45.430807 ], [ -75.611222, 45.430807 ], [ -75.611222, 45.430807 ], [ -75.611222, 45.430807 ], [ -75.611222, 45.430807 ], [ -75.611222, 45.430807 ], [ -75.611222, 45.430807 ], [ -75.611222, 45.430807 ], [ -75.611222, 45.430807 ], [ -75.611222, 45.430807 ], [ -75.611222, 45.430807 ], [ -75.611222, 45.430807 ], [ -75.611222, 45.430807 ], [ -75.611222, 45.430807 ], [ -75.611222, 45.430807 ], [ -75.611222, 45.430807 ], [ -75.611222, 45.430807 ], [ -75.611222, 45.430807 ], [ -75.611222, 45.430807 ], [ -75.611222, 45.430807 ], [ -75.611222, 45.430807 ], [ -75.611222, 45.430807 ], [ -75.611222, 45.430807 ], [ -75.611222, 45.430807 ], [ -75.611222, 45.430807 ], [ -75.611222, 45.430807 ], [ -75.611222, 45.430807 ], [ -75.611222, 45.430807 ], [ -75.611222, 45.430807 ], [ -75.611222, 45.430807 ], [ -75.611222, 45.430807 ], [ -75.611222, 45.430807 ], [ -75.611222, 45.430807 ], [ -75.611222, 45.430807 ], [ -75.611222, 45.430807 ], [ -75.611222, 45.430807 ], [ -75.611222, 45.430807 ], [ -75.611222, 45.430807 ], [ -75.611222, 45.430807 ], [ -75.611222, 45.430807 ], [ -75.611222, 45.430807 ], [ -75.611222, 45.430807 ], [ -75.611222, 45.430807 ], [ -75.611222, 45.430807 ], [ -75.611222, 45.430807 ], [ -75.611222, 45.430807 ], [ -75.611222, 45.430807 ], [ -75.611222, 45.430807 ], [ -75.611222, 45.430807 ], [ -75.611222, 45.430807 ], [ -75.611222, 45.430807 ], [ -75.611222, 45.430807 ], [ -75.611222, 45.430807 ], [ -75.611222, 45.430807 ], [ -75.611222, 45.430807 ], [ -75.611222, 45.430807 ], [ -75.611222, 45.430807 ], [ -75.611222, 45.430807 ], [ -75.611222, 45.430807 ], [ -75.611222, 45.430807 ], [ -75.611222, 45.430807 ], [ -75.611222, 45.430807 ], [ -75.611222, 45.430807 ], [ -75.611222, 45.430807 ], [ -75.611222, 45.430807 ], [ -75.611222, 45.430807 ], [ -75.611222, 45.430807 ], [ -75.611222, 45.430807 ], [ -75.611222, 45.430807 ], [ -75.611222, 45.430807 ], [ -75.611222, 45.430807 ], [ -75.611222, 45.430807 ], [ -75.611222, 45.430807 ], [ -75.611222, 45.430807 ], [ -75.611222, 45.430807 ], [ -75.611222, 45.430807 ], [ -75.611222, 45.430807 ], [ -75.611222, 45.430807 ], [ -75.611222, 45.430807 ], [ -75.611222, 45.430807 ], [ -75.611222, 45.430807 ], [ -75.611222, 45.430807 ], [ -75.611222, 45.430807 ], [ -75.611222, 45.430807 ], [ -75.611222, 45.430807 ], [ -75.611222, 45.430807 ], [ -75.611222, 45.430807 ], [ -75.611222, 45.430807 ], [ -75.611222, 45.430807 ], [ -75.611222, 45.430807 ], [ -75.611222, 45.430807 ], [ -75.611222, 45.430807 ], [ -75.611222, 45.430807 ], [ -75.611222, 45.430807 ], [ -75.611222, 45.430807 ], [ -75.611222, 45.430807 ], [ -75.611222, 45.430807 ], [ -75.611222, 45.430807 ], [ -75.611222, 45.430807 ], [ -75.611222, 45.430807 ], [ -75.611222, 45.430807 ], [ -75.611222, 45.430807 ], [ -75.611222, 45.430807 ], [ -75.611222, 45.430807 ], [ -75.61108, 45.430792 ], [ -75.61108, 45.430792 ], [ -75.61108, 45.430792 ], [ -75.61108, 45.430792 ], [ -75.61108, 45.430792 ], [ -75.61108, 45.430792 ], [ -75.61108, 45.430792 ], [ -75.61108, 45.430792 ], [ -75.61108, 45.430792 ], [ -75.61108, 45.430792 ], [ -75.61108, 45.430792 ], [ -75.61108, 45.430792 ], [ -75.61108, 45.430792 ], [ -75.61108, 45.430792 ], [ -75.61108, 45.430792 ], [ -75.61108, 45.430792 ], [ -75.61108, 45.430792 ], [ -75.61108, 45.430792 ], [ -75.61108, 45.430792 ], [ -75.61108, 45.430792 ], [ -75.61108, 45.430792 ], [ -75.61108, 45.430792 ], [ -75.61108, 45.430792 ], [ -75.61108, 45.430792 ], [ -75.61108, 45.430792 ], [ -75.61108, 45.430792 ], [ -75.61108, 45.430792 ], [ -75.61108, 45.430792 ], [ -75.61108, 45.430792 ], [ -75.61108, 45.430792 ], [ -75.61108, 45.430792 ], [ -75.61108, 45.430792 ], [ -75.61108, 45.430792 ], [ -75.61108, 45.430792 ], [ -75.61108, 45.430792 ], [ -75.61108, 45.430792 ], [ -75.61108, 45.430792 ], [ -75.61108, 45.430792 ], [ -75.61108, 45.430792 ], [ -75.61108, 45.430792 ], [ -75.61108, 45.430792 ], [ -75.61108, 45.430792 ], [ -75.61108, 45.430792 ], [ -75.61108, 45.430792 ], [ -75.61108, 45.430792 ], [ -75.61108, 45.430792 ], [ -75.61108, 45.430792 ], [ -75.61108, 45.430792 ], [ -75.61108, 45.430792 ], [ -75.61108, 45.430792 ], [ -75.61108, 45.430792 ], [ -75.61108, 45.430792 ], [ -75.61108, 45.430792 ], [ -75.61108, 45.430792 ], [ -75.61108, 45.430792 ], [ -75.61108, 45.430792 ], [ -75.61108, 45.430792 ], [ -75.61108, 45.430792 ], [ -75.61108, 45.430792 ], [ -75.61108, 45.430792 ], [ -75.61108, 45.430792 ], [ -75.61108, 45.430792 ], [ -75.61108, 45.430792 ], [ -75.61108, 45.430792 ], [ -75.61108, 45.430792 ], [ -75.61108, 45.430792 ], [ -75.61108, 45.430792 ], [ -75.61108, 45.430792 ], [ -75.61108, 45.430792 ], [ -75.61108, 45.430792 ], [ -75.61108, 45.430792 ], [ -75.61108, 45.430792 ], [ -75.61108, 45.430792 ], [ -75.61108, 45.430792 ], [ -75.61108, 45.430792 ], [ -75.61108, 45.430792 ], [ -75.61108, 45.430792 ], [ -75.61108, 45.430792 ], [ -75.61108, 45.430792 ], [ -75.61108, 45.430792 ], [ -75.61108, 45.430792 ], [ -75.61108, 45.430792 ], [ -75.61108, 45.430792 ], [ -75.61108, 45.430792 ], [ -75.61108, 45.430792 ], [ -75.61108, 45.430792 ], [ -75.61108, 45.430792 ], [ -75.61108, 45.430792 ], [ -75.61108, 45.430792 ], [ -75.61108, 45.430792 ], [ -75.61108, 45.430792 ], [ -75.61108, 45.430792 ], [ -75.61108, 45.430792 ], [ -75.61108, 45.430792 ], [ -75.61108, 45.430792 ], [ -75.61108, 45.430792 ], [ -75.61108, 45.430792 ], [ -75.61108, 45.430792 ], [ -75.61108, 45.430792 ], [ -75.61108, 45.430792 ], [ -75.61108, 45.430792 ], [ -75.61108, 45.430792 ], [ -75.61108, 45.430792 ], [ -75.61108, 45.430792 ], [ -75.61108, 45.430792 ], [ -75.61108, 45.430792 ], [ -75.61108, 45.430792 ], [ -75.61108, 45.430792 ], [ -75.61108, 45.430792 ], [ -75.61108, 45.430792 ], [ -75.61108, 45.430792 ], [ -75.61108, 45.430792 ], [ -75.61108, 45.430792 ], [ -75.61108, 45.430792 ], [ -75.61108, 45.430792 ], [ -75.61108, 45.430792 ], [ -75.61108, 45.430792 ], [ -75.61108, 45.430792 ], [ -75.61108, 45.430792 ], [ -75.61108, 45.430792 ], [ -75.61108, 45.430792 ], [ -75.61108, 45.430792 ], [ -75.61108, 45.430792 ], [ -75.61108, 45.430792 ], [ -75.61108, 45.430792 ], [ -75.61108, 45.430792 ], [ -75.61108, 45.430792 ], [ -75.61108, 45.430792 ], [ -75.61108, 45.430792 ], [ -75.61108, 45.430792 ], [ -75.61108, 45.430792 ], [ -75.61108, 45.430792 ], [ -75.61108, 45.430792 ], [ -75.61108, 45.430792 ], [ -75.61108, 45.430792 ], [ -75.61108, 45.430792 ], [ -75.61108, 45.430792 ], [ -75.61108, 45.430792 ], [ -75.61108, 45.430792 ], [ -75.61108, 45.430792 ], [ -75.61108, 45.430792 ], [ -75.61108, 45.430792 ], [ -75.61108, 45.430792 ], [ -75.61108, 45.430792 ], [ -75.61108, 45.430792 ], [ -75.61108, 45.430792 ], [ -75.61108, 45.430792 ], [ -75.61108, 45.430792 ], [ -75.61108, 45.430792 ], [ -75.61108, 45.430792 ], [ -75.61108, 45.430792 ], [ -75.61108, 45.430792 ], [ -75.61108, 45.430792 ], [ -75.61108, 45.430792 ], [ -75.61108, 45.430792 ], [ -75.61108, 45.430792 ], [ -75.61108, 45.430792 ], [ -75.61108, 45.430792 ], [ -75.61108, 45.430792 ], [ -75.61108, 45.430792 ], [ -75.61108, 45.430792 ], [ -75.61108, 45.430792 ], [ -75.61108, 45.430792 ], [ -75.61108, 45.430792 ], [ -75.61108, 45.430792 ], [ -75.61108, 45.430792 ], [ -75.61108, 45.430792 ], [ -75.61108, 45.430792 ], [ -75.61108, 45.430792 ], [ -75.61108, 45.430792 ], [ -75.61108, 45.430792 ], [ -75.61108, 45.430792 ], [ -75.61108, 45.430792 ], [ -75.61108, 45.430792 ], [ -75.61108, 45.430792 ], [ -75.61108, 45.430792 ], [ -75.61108, 45.430792 ], [ -75.61108, 45.430792 ], [ -75.61108, 45.430792 ], [ -75.61108, 45.430792 ], [ -75.61108, 45.430792 ], [ -75.61108, 45.430792 ], [ -75.61108, 45.430792 ], [ -75.61108, 45.430792 ], [ -75.61108, 45.430792 ], [ -75.61108, 45.430792 ], [ -75.61108, 45.430792 ], [ -75.61108, 45.430792 ], [ -75.61108, 45.430792 ], [ -75.61108, 45.430792 ], [ -75.61108, 45.430792 ], [ -75.61108, 45.430792 ], [ -75.61108, 45.430792 ], [ -75.61108, 45.430792 ], [ -75.61108, 45.430792 ], [ -75.61108, 45.430792 ], [ -75.61108, 45.430792 ], [ -75.61108, 45.430792 ], [ -75.61108, 45.430792 ], [ -75.61108, 45.430792 ], [ -75.61108, 45.430792 ], [ -75.61108, 45.430792 ], [ -75.61108, 45.430792 ], [ -75.61108, 45.430792 ], [ -75.61108, 45.430792 ], [ -75.61108, 45.430792 ], [ -75.61108, 45.430792 ], [ -75.61108, 45.430792 ], [ -75.61108, 45.430792 ], [ -75.61108, 45.430792 ], [ -75.61108, 45.430792 ], [ -75.61108, 45.430792 ], [ -75.61108, 45.430792 ], [ -75.61108, 45.430792 ], [ -75.61108, 45.430792 ], [ -75.61108, 45.430792 ], [ -75.61108, 45.430792 ], [ -75.61108, 45.430792 ], [ -75.61108, 45.430792 ], [ -75.61108, 45.430792 ], [ -75.61108, 45.430792 ], [ -75.61108, 45.430792 ], [ -75.61108, 45.430792 ], [ -75.61108, 45.430792 ], [ -75.61108, 45.430792 ], [ -75.61108, 45.430792 ], [ -75.61108, 45.430792 ], [ -75.61108, 45.430792 ], [ -75.61108, 45.430792 ], [ -75.61108, 45.430792 ], [ -75.61108, 45.430792 ], [ -75.61108, 45.430792 ], [ -75.61108, 45.430792 ], [ -75.61108, 45.430792 ], [ -75.61108, 45.430792 ], [ -75.61108, 45.430792 ], [ -75.61108, 45.430792 ], [ -75.61108, 45.430792 ], [ -75.61108, 45.430792 ], [ -75.61108, 45.430792 ], [ -75.61108, 45.430792 ], [ -75.61108, 45.430792 ], [ -75.61108, 45.430792 ], [ -75.61108, 45.430792 ], [ -75.61108, 45.430792 ], [ -75.61108, 45.430792 ], [ -75.61108, 45.430792 ], [ -75.61108, 45.430792 ], [ -75.61108, 45.430792 ], [ -75.61108, 45.430792 ], [ -75.61108, 45.430792 ], [ -75.61108, 45.430792 ], [ -75.61108, 45.430792 ], [ -75.61108, 45.430792 ], [ -75.61108, 45.430792 ], [ -75.61108, 45.430792 ], [ -75.61108, 45.430792 ], [ -75.61108, 45.430792 ], [ -75.61108, 45.430792 ], [ -75.61108, 45.430792 ], [ -75.61108, 45.430792 ], [ -75.61108, 45.430792 ], [ -75.61108, 45.430792 ], [ -75.61108, 45.430792 ], [ -75.61108, 45.430792 ], [ -75.61108, 45.430792 ], [ -75.61108, 45.430792 ], [ -75.61108, 45.430792 ], [ -75.61108, 45.430792 ], [ -75.61108, 45.430792 ], [ -75.61108, 45.430792 ], [ -75.61108, 45.430792 ], [ -75.61108, 45.430792 ], [ -75.61108, 45.430792 ], [ -75.61108, 45.430792 ], [ -75.61108, 45.430792 ], [ -75.61108, 45.430792 ], [ -75.61108, 45.430792 ], [ -75.61108, 45.430792 ], [ -75.61108, 45.430792 ], [ -75.61108, 45.430792 ], [ -75.61108, 45.430792 ], [ -75.61108, 45.430792 ], [ -75.61108, 45.430792 ], [ -75.61108, 45.430792 ], [ -75.61108, 45.430792 ], [ -75.61108, 45.430792 ], [ -75.61108, 45.430792 ], [ -75.61108, 45.430792 ], [ -75.61108, 45.430792 ], [ -75.61108, 45.430792 ], [ -75.61108, 45.430792 ], [ -75.61108, 45.430792 ], [ -75.61108, 45.430792 ], [ -75.61108, 45.430792 ], [ -75.61108, 45.430792 ], [ -75.61108, 45.430792 ], [ -75.61108, 45.430792 ], [ -75.61108, 45.430792 ], [ -75.61108, 45.430792 ], [ -75.61108, 45.430792 ], [ -75.61108, 45.430792 ], [ -75.61108, 45.430792 ], [ -75.61108, 45.430792 ], [ -75.61108, 45.430792 ], [ -75.61108, 45.430792 ], [ -75.61108, 45.430792 ], [ -75.61108, 45.430792 ], [ -75.61108, 45.430792 ], [ -75.61108, 45.430792 ], [ -75.61108, 45.430792 ], [ -75.61108, 45.430792 ], [ -75.61108, 45.430792 ], [ -75.61108, 45.430792 ], [ -75.61108, 45.430792 ], [ -75.61108, 45.430792 ], [ -75.61108, 45.430792 ], [ -75.61108, 45.430792 ], [ -75.61108, 45.430792 ], [ -75.61108, 45.430792 ], [ -75.61108, 45.430792 ], [ -75.61108, 45.430792 ], [ -75.61108, 45.430792 ], [ -75.61108, 45.430792 ], [ -75.61108, 45.430792 ], [ -75.61108, 45.430792 ], [ -75.61108, 45.430792 ], [ -75.61108, 45.430792 ], [ -75.61108, 45.430792 ], [ -75.61108, 45.430792 ], [ -75.61108, 45.430792 ], [ -75.61108, 45.430792 ], [ -75.61108, 45.430792 ], [ -75.61108, 45.430792 ], [ -75.61108, 45.430792 ], [ -75.61108, 45.430792 ], [ -75.61108, 45.430792 ], [ -75.61108, 45.430792 ], [ -75.61108, 45.430792 ], [ -75.61108, 45.430792 ], [ -75.61108, 45.430792 ], [ -75.61108, 45.430792 ], [ -75.61108, 45.430792 ], [ -75.61108, 45.430792 ], [ -75.61108, 45.430792 ], [ -75.61108, 45.430792 ], [ -75.61108, 45.430792 ], [ -75.61108, 45.430792 ], [ -75.61108, 45.430792 ], [ -75.61108, 45.430792 ], [ -75.61108, 45.430792 ], [ -75.61108, 45.430792 ], [ -75.61108, 45.430792 ], [ -75.61108, 45.430792 ], [ -75.61108, 45.430792 ], [ -75.61108, 45.430792 ], [ -75.61108, 45.430792 ], [ -75.61108, 45.430792 ], [ -75.61108, 45.430792 ], [ -75.61108, 45.430792 ], [ -75.61108, 45.430792 ], [ -75.61108, 45.430792 ], [ -75.61108, 45.430792 ], [ -75.61108, 45.430792 ], [ -75.61108, 45.430792 ], [ -75.61108, 45.430792 ], [ -75.61108, 45.430792 ], [ -75.61108, 45.430792 ], [ -75.61108, 45.430792 ], [ -75.61108, 45.430792 ], [ -75.61108, 45.430792 ], [ -75.61108, 45.430792 ], [ -75.61108, 45.430792 ], [ -75.61108, 45.430792 ], [ -75.61108, 45.430792 ], [ -75.61108, 45.430792 ], [ -75.61108, 45.430792 ], [ -75.61108, 45.430792 ], [ -75.61108, 45.430792 ], [ -75.61108, 45.430792 ], [ -75.61108, 45.430792 ], [ -75.61108, 45.430792 ], [ -75.61108, 45.430792 ], [ -75.61108, 45.430792 ], [ -75.61108, 45.430792 ], [ -75.61108, 45.430792 ], [ -75.61108, 45.430792 ], [ -75.61108, 45.430792 ], [ -75.61108, 45.430792 ], [ -75.61108, 45.430792 ], [ -75.61108, 45.430792 ], [ -75.61108, 45.430792 ], [ -75.61108, 45.430792 ], [ -75.61108, 45.430792 ], [ -75.61108, 45.430792 ], [ -75.61108, 45.430792 ], [ -75.61108, 45.430792 ], [ -75.61108, 45.430792 ], [ -75.61108, 45.430792 ], [ -75.61108, 45.430792 ], [ -75.61108, 45.430792 ], [ -75.61108, 45.430792 ], [ -75.61108, 45.430792 ], [ -75.61108, 45.430792 ], [ -75.61108, 45.430792 ], [ -75.61108, 45.430792 ], [ -75.61108, 45.430792 ], [ -75.61108, 45.430792 ], [ -75.61108, 45.430792 ], [ -75.61108, 45.430792 ], [ -75.61108, 45.430792 ], [ -75.61108, 45.430792 ], [ -75.61108, 45.430792 ], [ -75.61108, 45.430792 ], [ -75.61108, 45.430792 ], [ -75.61108, 45.430792 ], [ -75.61108, 45.430792 ], [ -75.61108, 45.430792 ], [ -75.61108, 45.430792 ], [ -75.61108, 45.430792 ], [ -75.61108, 45.430792 ], [ -75.61108, 45.430792 ], [ -75.61108, 45.430792 ], [ -75.61108, 45.430792 ], [ -75.61108, 45.430792 ], [ -75.61108, 45.430792 ], [ -75.61108, 45.430792 ], [ -75.61108, 45.430792 ], [ -75.61108, 45.430792 ], [ -75.61108, 45.430792 ], [ -75.61108, 45.430792 ], [ -75.61108, 45.430792 ], [ -75.61108, 45.430792 ], [ -75.61108, 45.430792 ], [ -75.61108, 45.430792 ], [ -75.61108, 45.430792 ], [ -75.61108, 45.430792 ], [ -75.61108, 45.430792 ], [ -75.61108, 45.430792 ], [ -75.61108, 45.430792 ], [ -75.61108, 45.430792 ], [ -75.61108, 45.430792 ], [ -75.61108, 45.430792 ], [ -75.61108, 45.430792 ], [ -75.61108, 45.430792 ], [ -75.61108, 45.430792 ], [ -75.61108, 45.430792 ], [ -75.61108, 45.430792 ], [ -75.61108, 45.430792 ], [ -75.61108, 45.430792 ], [ -75.61108, 45.430792 ], [ -75.61108, 45.430792 ], [ -75.61108, 45.430792 ], [ -75.61108, 45.430792 ], [ -75.61108, 45.430792 ], [ -75.61108, 45.430792 ], [ -75.61108, 45.430792 ], [ -75.61108, 45.430792 ], [ -75.61108, 45.430792 ], [ -75.61108, 45.430792 ], [ -75.61108, 45.430792 ], [ -75.61108, 45.430792 ], [ -75.61108, 45.430792 ], [ -75.61108, 45.430792 ], [ -75.61108, 45.430792 ], [ -75.61108, 45.430792 ], [ -75.61108, 45.430792 ], [ -75.61108, 45.430792 ], [ -75.61108, 45.430792 ], [ -75.61108, 45.430792 ], [ -75.61108, 45.430792 ], [ -75.61108, 45.430792 ], [ -75.61108, 45.430792 ], [ -75.61108, 45.430792 ], [ -75.61108, 45.430792 ], [ -75.61108, 45.430792 ], [ -75.61108, 45.430792 ], [ -75.61108, 45.430792 ], [ -75.61108, 45.430792 ], [ -75.61108, 45.430792 ], [ -75.61108, 45.430792 ], [ -75.61108, 45.430792 ], [ -75.61108, 45.430792 ], [ -75.61108, 45.430792 ], [ -75.61108, 45.430792 ], [ -75.61108, 45.430792 ], [ -75.61108, 45.430792 ], [ -75.61108, 45.430792 ], [ -75.61108, 45.430792 ], [ -75.61108, 45.430792 ], [ -75.61108, 45.430792 ], [ -75.61108, 45.430792 ], [ -75.61108, 45.430792 ], [ -75.61108, 45.430792 ], [ -75.61108, 45.430792 ], [ -75.61108, 45.430792 ], [ -75.61108, 45.430792 ], [ -75.61108, 45.430792 ], [ -75.61108, 45.430792 ], [ -75.61108, 45.430792 ], [ -75.61108, 45.430792 ], [ -75.61108, 45.430792 ], [ -75.61108, 45.430792 ], [ -75.61108, 45.430792 ], [ -75.61108, 45.430792 ], [ -75.61108, 45.430792 ], [ -75.61108, 45.430792 ], [ -75.61108, 45.430792 ], [ -75.61108, 45.430792 ], [ -75.61108, 45.430792 ], [ -75.61108, 45.430792 ], [ -75.61108, 45.430792 ], [ -75.61108, 45.430792 ], [ -75.61108, 45.430792 ], [ -75.61108, 45.430792 ], [ -75.61108, 45.430792 ], [ -75.61108, 45.430792 ], [ -75.61108, 45.430792 ], [ -75.61108, 45.430792 ], [ -75.61108, 45.430792 ], [ -75.61108, 45.430792 ], [ -75.61108, 45.430792 ], [ -75.61108, 45.430792 ], [ -75.61108, 45.430792 ], [ -75.61108, 45.430792 ], [ -75.61108, 45.430792 ], [ -75.61108, 45.430792 ], [ -75.61108, 45.430792 ], [ -75.61108, 45.430792 ], [ -75.61108, 45.430792 ], [ -75.61108, 45.430792 ], [ -75.61108, 45.430792 ], [ -75.61108, 45.430792 ], [ -75.61108, 45.430792 ], [ -75.61108, 45.430792 ], [ -75.61108, 45.430792 ], [ -75.61108, 45.430792 ], [ -75.61108, 45.430792 ], [ -75.61108, 45.430792 ], [ -75.61108, 45.430792 ], [ -75.61108, 45.430792 ], [ -75.61108, 45.430792 ], [ -75.61108, 45.430792 ], [ -75.61108, 45.430792 ], [ -75.61108, 45.430792 ], [ -75.61108, 45.430792 ], [ -75.61108, 45.430792 ], [ -75.61108, 45.430792 ], [ -75.61108, 45.430792 ], [ -75.61108, 45.430792 ], [ -75.61108, 45.430792 ], [ -75.61108, 45.430792 ], [ -75.61108, 45.430792 ], [ -75.61108, 45.430792 ], [ -75.61108, 45.430792 ], [ -75.61108, 45.430792 ], [ -75.61108, 45.430792 ], [ -75.61108, 45.430792 ], [ -75.61108, 45.430792 ], [ -75.61108, 45.430792 ], [ -75.61108, 45.430792 ], [ -75.61108, 45.430792 ], [ -75.61108, 45.430792 ], [ -75.61108, 45.430792 ], [ -75.61108, 45.430792 ], [ -75.61108, 45.430792 ], [ -75.61108, 45.430792 ], [ -75.61108, 45.430792 ], [ -75.61108, 45.430792 ], [ -75.61108, 45.430792 ], [ -75.61108, 45.430792 ], [ -75.61108, 45.430792 ], [ -75.61108, 45.430792 ], [ -75.61108, 45.430792 ], [ -75.61108, 45.430792 ], [ -75.61108, 45.430792 ], [ -75.61108, 45.430792 ], [ -75.61108, 45.430792 ], [ -75.61108, 45.430792 ], [ -75.61108, 45.430792 ], [ -75.61108, 45.430792 ], [ -75.61108, 45.430792 ], [ -75.61108, 45.430792 ], [ -75.61108, 45.430792 ], [ -75.61108, 45.430792 ], [ -75.61108, 45.430792 ], [ -75.61108, 45.430792 ], [ -75.61108, 45.430792 ], [ -75.61108, 45.430792 ], [ -75.61108, 45.430792 ], [ -75.61108, 45.430792 ], [ -75.61108, 45.430792 ], [ -75.61108, 45.430792 ], [ -75.61108, 45.430792 ], [ -75.61108, 45.430792 ], [ -75.61108, 45.430792 ], [ -75.61108, 45.430792 ], [ -75.61108, 45.430792 ], [ -75.61108, 45.430792 ], [ -75.61108, 45.430792 ], [ -75.61108, 45.430792 ], [ -75.61108, 45.430792 ], [ -75.61108, 45.430792 ], [ -75.61108, 45.430792 ], [ -75.61108, 45.430792 ], [ -75.61108, 45.430792 ], [ -75.61108, 45.430792 ], [ -75.61108, 45.430792 ], [ -75.61108, 45.430792 ], [ -75.61108, 45.430792 ], [ -75.61108, 45.430792 ], [ -75.61108, 45.430792 ], [ -75.61108, 45.430792 ], [ -75.61108, 45.430792 ], [ -75.61108, 45.430792 ], [ -75.61108, 45.430792 ], [ -75.61108, 45.430792 ], [ -75.61108, 45.430792 ], [ -75.61108, 45.430792 ], [ -75.61108, 45.430792 ], [ -75.61108, 45.430792 ], [ -75.61108, 45.430792 ], [ -75.61108, 45.430792 ], [ -75.61108, 45.430792 ], [ -75.61108, 45.430792 ], [ -75.61108, 45.430792 ], [ -75.61108, 45.430792 ], [ -75.61108, 45.430792 ], [ -75.61108, 45.430792 ], [ -75.61108, 45.430792 ], [ -75.61108, 45.430792 ], [ -75.61108, 45.430792 ], [ -75.61108, 45.430792 ], [ -75.61108, 45.430792 ], [ -75.61108, 45.430792 ], [ -75.61108, 45.430792 ], [ -75.61108, 45.430792 ], [ -75.61108, 45.430792 ], [ -75.61108, 45.430792 ], [ -75.61108, 45.430792 ], [ -75.61108, 45.430792 ], [ -75.61108, 45.430792 ], [ -75.61108, 45.430792 ], [ -75.61108, 45.430792 ], [ -75.61108, 45.430792 ], [ -75.61108, 45.430792 ], [ -75.61108, 45.430792 ], [ -75.61108, 45.430792 ], [ -75.61108, 45.430792 ], [ -75.61108, 45.430792 ], [ -75.61108, 45.430792 ], [ -75.61108, 45.430792 ], [ -75.61108, 45.430792 ], [ -75.61108, 45.430792 ], [ -75.61108, 45.430792 ], [ -75.61108, 45.430792 ], [ -75.61108, 45.430792 ], [ -75.61108, 45.430792 ], [ -75.61108, 45.430792 ], [ -75.61108, 45.430792 ], [ -75.61108, 45.430792 ], [ -75.61108, 45.430792 ], [ -75.61108, 45.430792 ], [ -75.61108, 45.430792 ], [ -75.61108, 45.430792 ], [ -75.61108, 45.430792 ], [ -75.61108, 45.430792 ], [ -75.61108, 45.430792 ], [ -75.61108, 45.430792 ], [ -75.61108, 45.430792 ], [ -75.61108, 45.430792 ], [ -75.61108, 45.430792 ], [ -75.61108, 45.430792 ], [ -75.61108, 45.430792 ], [ -75.61108, 45.430792 ], [ -75.61108, 45.430792 ], [ -75.61108, 45.430792 ], [ -75.61108, 45.430792 ], [ -75.61108, 45.430792 ], [ -75.61108, 45.430792 ], [ -75.61108, 45.430792 ], [ -75.61108, 45.430792 ], [ -75.61108, 45.430792 ], [ -75.61108, 45.430792 ], [ -75.61108, 45.430792 ], [ -75.61108, 45.430792 ], [ -75.61108, 45.430792 ], [ -75.61108, 45.430792 ], [ -75.61108, 45.430792 ], [ -75.61108, 45.430792 ], [ -75.61108, 45.430792 ], [ -75.61108, 45.430792 ], [ -75.61108, 45.430792 ], [ -75.61108, 45.430792 ], [ -75.61108, 45.430792 ], [ -75.61108, 45.430792 ], [ -75.61108, 45.430792 ], [ -75.61108, 45.430792 ], [ -75.61108, 45.430792 ], [ -75.61108, 45.430792 ], [ -75.61108, 45.430792 ], [ -75.61108, 45.430792 ], [ -75.61108, 45.430792 ], [ -75.61108, 45.430792 ], [ -75.61108, 45.430792 ], [ -75.61108, 45.430792 ], [ -75.61108, 45.430792 ], [ -75.61108, 45.430792 ], [ -75.61108, 45.430792 ], [ -75.61108, 45.430792 ], [ -75.61108, 45.430792 ], [ -75.61108, 45.430792 ], [ -75.61108, 45.430792 ], [ -75.61108, 45.430792 ], [ -75.61108, 45.430792 ], [ -75.61108, 45.430792 ], [ -75.61108, 45.430792 ], [ -75.61108, 45.430792 ], [ -75.61108, 45.430792 ], [ -75.61108, 45.430792 ], [ -75.61108, 45.430792 ], [ -75.61108, 45.430792 ], [ -75.61108, 45.430792 ], [ -75.61108, 45.430792 ], [ -75.61108, 45.430792 ], [ -75.61108, 45.430792 ], [ -75.61108, 45.430792 ], [ -75.61108, 45.430792 ], [ -75.61108, 45.430792 ], [ -75.61108, 45.430792 ], [ -75.61108, 45.430792 ], [ -75.61108, 45.430792 ], [ -75.61108, 45.430792 ], [ -75.61108, 45.430792 ], [ -75.61108, 45.430792 ], [ -75.61108, 45.430792 ], [ -75.61108, 45.430792 ], [ -75.61108, 45.430792 ], [ -75.61108, 45.430792 ], [ -75.61108, 45.430792 ], [ -75.61108, 45.430792 ], [ -75.61108, 45.430792 ], [ -75.61108, 45.430792 ], [ -75.61108, 45.430792 ], [ -75.61108, 45.430792 ], [ -75.61108, 45.430792 ], [ -75.61108, 45.430792 ], [ -75.61108, 45.430792 ], [ -75.61108, 45.430792 ], [ -75.61108, 45.430792 ], [ -75.61108, 45.430792 ], [ -75.61108, 45.430792 ], [ -75.61108, 45.430792 ], [ -75.61108, 45.430792 ], [ -75.61108, 45.430792 ], [ -75.61108, 45.430792 ], [ -75.61108, 45.430792 ], [ -75.61108, 45.430792 ], [ -75.61108, 45.430792 ], [ -75.61108, 45.430792 ], [ -75.61108, 45.430792 ], [ -75.61108, 45.430792 ], [ -75.61108, 45.430792 ], [ -75.61108, 45.430792 ], [ -75.61108, 45.430792 ], [ -75.61108, 45.430792 ], [ -75.61108, 45.430792 ], [ -75.61108, 45.430792 ], [ -75.61108, 45.430792 ], [ -75.61108, 45.430792 ], [ -75.61108, 45.430792 ], [ -75.61108, 45.430792 ], [ -75.61108, 45.430792 ], [ -75.61108, 45.430792 ], [ -75.61108, 45.430792 ], [ -75.61108, 45.430792 ], [ -75.61108, 45.430792 ], [ -75.61108, 45.430792 ], [ -75.61108, 45.430792 ], [ -75.61108, 45.430792 ], [ -75.61108, 45.430792 ], [ -75.61108, 45.430792 ], [ -75.61108, 45.430792 ], [ -75.61108, 45.430792 ], [ -75.61108, 45.430792 ], [ -75.61108, 45.430792 ], [ -75.61108, 45.430792 ], [ -75.61108, 45.430792 ], [ -75.61108, 45.430792 ], [ -75.61108, 45.430792 ], [ -75.61108, 45.430792 ], [ -75.61108, 45.430792 ], [ -75.61108, 45.430792 ], [ -75.61108, 45.430792 ], [ -75.61108, 45.430792 ], [ -75.61108, 45.430792 ], [ -75.61108, 45.430792 ], [ -75.61108, 45.430792 ], [ -75.61108, 45.430792 ], [ -75.61108, 45.430792 ], [ -75.61108, 45.430792 ], [ -75.61108, 45.430792 ], [ -75.61108, 45.430792 ], [ -75.61108, 45.430792 ], [ -75.61108, 45.430792 ], [ -75.61108, 45.430792 ], [ -75.61108, 45.430792 ], [ -75.61108, 45.430792 ], [ -75.61108, 45.430792 ], [ -75.61108, 45.430792 ], [ -75.61108, 45.430792 ], [ -75.61108, 45.430792 ], [ -75.61108, 45.430792 ], [ -75.61108, 45.430792 ], [ -75.61108, 45.430792 ], [ -75.61108, 45.430792 ], [ -75.61108, 45.430792 ], [ -75.61108, 45.430792 ], [ -75.61108, 45.430792 ], [ -75.61108, 45.430792 ], [ -75.61108, 45.430792 ], [ -75.61108, 45.430792 ], [ -75.61108, 45.430792 ], [ -75.61108, 45.430792 ], [ -75.61108, 45.430792 ], [ -75.61108, 45.430792 ], [ -75.61108, 45.430792 ], [ -75.61108, 45.430792 ], [ -75.61108, 45.430792 ], [ -75.61108, 45.430792 ], [ -75.61108, 45.430792 ], [ -75.61108, 45.430792 ], [ -75.61108, 45.430792 ], [ -75.61108, 45.430792 ], [ -75.61108, 45.430792 ], [ -75.61108, 45.430792 ], [ -75.61108, 45.430792 ], [ -75.61108, 45.430792 ], [ -75.61108, 45.430792 ], [ -75.61108, 45.430792 ], [ -75.61108, 45.430792 ], [ -75.61108, 45.430792 ], [ -75.61108, 45.430792 ], [ -75.61108, 45.430792 ], [ -75.61108, 45.430792 ], [ -75.61108, 45.430792 ], [ -75.61108, 45.430792 ], [ -75.61108, 45.430792 ], [ -75.61108, 45.430792 ], [ -75.61108, 45.430792 ], [ -75.61108, 45.430792 ], [ -75.61108, 45.430792 ], [ -75.61108, 45.430792 ], [ -75.61108, 45.430792 ], [ -75.61108, 45.430792 ], [ -75.61108, 45.430792 ], [ -75.61108, 45.430792 ], [ -75.61108, 45.430792 ], [ -75.61108, 45.430792 ], [ -75.61108, 45.430792 ], [ -75.61108, 45.430792 ], [ -75.61108, 45.430792 ], [ -75.61108, 45.430792 ], [ -75.61108, 45.430792 ], [ -75.61108, 45.430792 ], [ -75.61108, 45.430792 ], [ -75.61108, 45.430792 ], [ -75.61108, 45.430792 ], [ -75.61108, 45.430792 ], [ -75.61108, 45.430792 ], [ -75.61108, 45.430792 ], [ -75.61108, 45.430792 ], [ -75.61108, 45.430792 ], [ -75.61108, 45.430792 ], [ -75.61108, 45.430792 ], [ -75.61108, 45.430792 ], [ -75.61108, 45.430792 ], [ -75.61108, 45.430792 ], [ -75.61108, 45.430792 ], [ -75.61108, 45.430792 ], [ -75.61108, 45.430792 ], [ -75.61108, 45.430792 ], [ -75.61108, 45.430792 ], [ -75.61108, 45.430792 ], [ -75.61108, 45.430792 ], [ -75.61108, 45.430792 ], [ -75.61108, 45.430792 ], [ -75.61108, 45.430792 ], [ -75.61108, 45.430792 ], [ -75.61108, 45.430792 ], [ -75.61108, 45.430792 ], [ -75.61108, 45.430792 ], [ -75.61108, 45.430792 ], [ -75.61108, 45.430792 ], [ -75.61108, 45.430792 ], [ -75.61108, 45.430792 ], [ -75.61108, 45.430792 ], [ -75.61108, 45.430792 ], [ -75.61108, 45.430792 ], [ -75.61108, 45.430792 ], [ -75.61108, 45.430792 ], [ -75.61108, 45.430792 ], [ -75.61108, 45.430792 ], [ -75.61108, 45.430792 ], [ -75.61108, 45.430792 ], [ -75.61108, 45.430792 ], [ -75.61108, 45.430792 ], [ -75.61108, 45.430792 ], [ -75.61108, 45.430792 ], [ -75.61108, 45.430792 ], [ -75.61108, 45.430792 ], [ -75.61108, 45.430792 ], [ -75.61108, 45.430792 ], [ -75.61108, 45.430792 ], [ -75.61108, 45.430792 ], [ -75.61108, 45.430792 ], [ -75.61108, 45.430792 ], [ -75.61108, 45.430792 ], [ -75.61108, 45.430792 ], [ -75.61108, 45.430792 ], [ -75.61108, 45.430792 ], [ -75.61108, 45.430792 ], [ -75.61108, 45.430792 ], [ -75.61108, 45.430792 ], [ -75.61108, 45.430792 ], [ -75.61108, 45.430792 ], [ -75.61108, 45.430792 ], [ -75.61108, 45.430792 ], [ -75.61108, 45.430792 ], [ -75.61108, 45.430792 ], [ -75.61108, 45.430792 ], [ -75.61108, 45.430792 ], [ -75.61108, 45.430792 ], [ -75.61108, 45.430792 ], [ -75.61108, 45.430792 ], [ -75.61108, 45.430792 ], [ -75.61108, 45.430792 ], [ -75.61108, 45.430792 ], [ -75.61108, 45.430792 ], [ -75.61108, 45.430792 ], [ -75.61108, 45.430792 ], [ -75.61108, 45.430792 ], [ -75.61108, 45.430792 ], [ -75.61108, 45.430792 ], [ -75.61108, 45.430792 ], [ -75.61108, 45.430792 ], [ -75.61108, 45.430792 ], [ -75.61108, 45.430792 ], [ -75.61108, 45.430792 ], [ -75.61108, 45.430792 ], [ -75.61108, 45.430792 ], [ -75.61108, 45.430792 ], [ -75.61108, 45.430792 ], [ -75.61108, 45.430792 ], [ -75.61108, 45.430792 ], [ -75.61108, 45.430792 ], [ -75.61108, 45.430792 ], [ -75.61108, 45.430792 ], [ -75.61108, 45.430792 ], [ -75.61108, 45.430792 ], [ -75.61108, 45.430792 ], [ -75.61108, 45.430792 ], [ -75.61108, 45.430792 ], [ -75.61108, 45.430792 ], [ -75.61108, 45.430792 ], [ -75.61108, 45.430792 ], [ -75.61108, 45.430792 ], [ -75.61108, 45.430792 ], [ -75.61108, 45.430792 ], [ -75.61108, 45.430792 ], [ -75.61108, 45.430792 ], [ -75.61108, 45.430792 ], [ -75.61108, 45.430792 ], [ -75.61108, 45.430792 ], [ -75.61108, 45.430792 ], [ -75.61108, 45.430792 ], [ -75.61108, 45.430792 ], [ -75.61108, 45.430792 ], [ -75.61108, 45.430792 ], [ -75.61108, 45.430792 ], [ -75.61108, 45.430792 ], [ -75.61108, 45.430792 ], [ -75.61108, 45.430792 ], [ -75.61108, 45.430792 ], [ -75.61108, 45.430792 ], [ -75.61108, 45.430792 ], [ -75.61108, 45.430792 ], [ -75.61108, 45.430792 ], [ -75.61108, 45.430792 ], [ -75.61108, 45.430792 ], [ -75.61108, 45.430792 ], [ -75.61108, 45.430792 ], [ -75.61108, 45.430792 ], [ -75.61108, 45.430792 ], [ -75.61108, 45.430792 ], [ -75.61108, 45.430792 ], [ -75.61108, 45.430792 ], [ -75.61108, 45.430792 ], [ -75.61108, 45.430792 ], [ -75.61108, 45.430792 ], [ -75.61108, 45.430792 ], [ -75.61108, 45.430792 ], [ -75.61108, 45.430792 ], [ -75.61108, 45.430792 ], [ -75.61108, 45.430792 ], [ -75.61108, 45.430792 ], [ -75.61108, 45.430792 ], [ -75.61108, 45.430792 ], [ -75.61108, 45.430792 ], [ -75.61108, 45.430792 ], [ -75.61108, 45.430792 ], [ -75.61108, 45.430792 ], [ -75.61108, 45.430792 ], [ -75.61108, 45.430792 ], [ -75.61108, 45.430792 ], [ -75.61108, 45.430792 ], [ -75.61108, 45.430792 ], [ -75.61108, 45.430792 ], [ -75.61108, 45.430792 ], [ -75.61108, 45.430792 ], [ -75.61108, 45.430792 ], [ -75.61108, 45.430792 ], [ -75.61108, 45.430792 ], [ -75.61108, 45.430792 ], [ -75.61108, 45.430792 ], [ -75.61108, 45.430792 ], [ -75.61108, 45.430792 ], [ -75.61108, 45.430792 ], [ -75.61108, 45.430792 ], [ -75.61108, 45.430792 ], [ -75.61108, 45.430792 ], [ -75.61108, 45.430792 ], [ -75.61108, 45.430792 ], [ -75.61108, 45.430792 ], [ -75.61108, 45.430792 ], [ -75.61108, 45.430792 ], [ -75.61108, 45.430792 ], [ -75.61108, 45.430792 ], [ -75.61108, 45.430792 ], [ -75.61108, 45.430792 ], [ -75.61108, 45.430792 ], [ -75.61108, 45.430792 ], [ -75.61108, 45.430792 ], [ -75.61108, 45.430792 ], [ -75.61108, 45.430792 ], [ -75.61108, 45.430792 ], [ -75.610938, 45.430777 ], [ -75.610938, 45.430777 ], [ -75.610938, 45.430777 ], [ -75.610938, 45.430777 ], [ -75.610938, 45.430777 ], [ -75.610938, 45.430777 ], [ -75.610938, 45.430777 ], [ -75.610938, 45.430777 ], [ -75.610938, 45.430777 ], [ -75.610938, 45.430777 ], [ -75.610938, 45.430777 ], [ -75.610938, 45.430777 ], [ -75.610938, 45.430777 ], [ -75.610938, 45.430777 ], [ -75.610938, 45.430777 ], [ -75.610938, 45.430777 ], [ -75.610938, 45.430777 ], [ -75.610938, 45.430777 ], [ -75.610938, 45.430777 ], [ -75.610938, 45.430777 ], [ -75.610938, 45.430777 ], [ -75.610938, 45.430777 ], [ -75.610938, 45.430777 ], [ -75.610938, 45.430777 ], [ -75.610938, 45.430777 ], [ -75.610938, 45.430777 ], [ -75.610938, 45.430777 ], [ -75.610938, 45.430777 ], [ -75.610938, 45.430777 ], [ -75.610938, 45.430777 ], [ -75.610938, 45.430777 ], [ -75.610938, 45.430777 ], [ -75.610938, 45.430777 ], [ -75.610938, 45.430777 ], [ -75.610938, 45.430777 ], [ -75.610938, 45.430777 ], [ -75.610938, 45.430777 ], [ -75.610938, 45.430777 ], [ -75.610938, 45.430777 ], [ -75.610938, 45.430777 ], [ -75.610938, 45.430777 ], [ -75.610938, 45.430777 ], [ -75.610938, 45.430777 ], [ -75.610938, 45.430777 ], [ -75.610938, 45.430777 ], [ -75.610938, 45.430777 ], [ -75.610938, 45.430777 ], [ -75.610938, 45.430777 ], [ -75.610938, 45.430777 ], [ -75.610938, 45.430777 ], [ -75.610938, 45.430777 ], [ -75.610938, 45.430777 ], [ -75.610938, 45.430777 ], [ -75.610938, 45.430777 ], [ -75.610938, 45.430777 ], [ -75.610938, 45.430777 ], [ -75.610938, 45.430777 ], [ -75.610938, 45.430777 ], [ -75.610938, 45.430777 ], [ -75.610938, 45.430777 ], [ -75.610938, 45.430777 ], [ -75.610938, 45.430777 ], [ -75.610938, 45.430777 ], [ -75.610938, 45.430777 ], [ -75.610938, 45.430777 ], [ -75.610938, 45.430777 ], [ -75.610938, 45.430777 ], [ -75.610938, 45.430777 ], [ -75.610938, 45.430777 ], [ -75.610938, 45.430777 ], [ -75.610938, 45.430777 ], [ -75.610938, 45.430777 ], [ -75.610938, 45.430777 ], [ -75.610938, 45.430777 ], [ -75.610938, 45.430777 ], [ -75.610938, 45.430777 ], [ -75.610938, 45.430777 ], [ -75.610938, 45.430777 ], [ -75.610938, 45.430777 ], [ -75.610938, 45.430777 ], [ -75.610938, 45.430777 ], [ -75.610938, 45.430777 ], [ -75.610938, 45.430777 ], [ -75.610938, 45.430777 ], [ -75.610938, 45.430777 ], [ -75.610938, 45.430777 ], [ -75.610938, 45.430777 ], [ -75.610938, 45.430777 ], [ -75.610938, 45.430777 ], [ -75.610938, 45.430777 ], [ -75.610938, 45.430777 ], [ -75.610938, 45.430777 ], [ -75.610938, 45.430777 ], [ -75.610938, 45.430777 ], [ -75.610938, 45.430777 ], [ -75.610938, 45.430777 ], [ -75.610938, 45.430777 ], [ -75.610938, 45.430777 ], [ -75.610938, 45.430777 ], [ -75.610938, 45.430777 ], [ -75.610938, 45.430777 ], [ -75.610938, 45.430777 ], [ -75.610938, 45.430777 ], [ -75.610938, 45.430777 ], [ -75.610938, 45.430777 ], [ -75.610938, 45.430777 ], [ -75.610938, 45.430777 ], [ -75.610938, 45.430777 ], [ -75.610938, 45.430777 ], [ -75.610938, 45.430777 ], [ -75.610938, 45.430777 ], [ -75.610938, 45.430777 ], [ -75.610938, 45.430777 ], [ -75.610938, 45.430777 ], [ -75.610938, 45.430777 ], [ -75.610938, 45.430777 ], [ -75.610938, 45.430777 ], [ -75.610938, 45.430777 ], [ -75.610938, 45.430777 ], [ -75.610938, 45.430777 ], [ -75.610938, 45.430777 ], [ -75.610938, 45.430777 ], [ -75.610938, 45.430777 ], [ -75.610938, 45.430777 ], [ -75.610938, 45.430777 ], [ -75.610938, 45.430777 ], [ -75.610938, 45.430777 ], [ -75.610938, 45.430777 ], [ -75.610938, 45.430777 ], [ -75.610938, 45.430777 ], [ -75.610938, 45.430777 ], [ -75.610938, 45.430777 ], [ -75.610938, 45.430777 ], [ -75.610938, 45.430777 ], [ -75.610938, 45.430777 ], [ -75.610938, 45.430777 ], [ -75.610938, 45.430777 ], [ -75.610938, 45.430777 ], [ -75.610938, 45.430777 ], [ -75.610938, 45.430777 ], [ -75.610938, 45.430777 ], [ -75.610938, 45.430777 ], [ -75.610938, 45.430777 ], [ -75.610938, 45.430777 ], [ -75.610938, 45.430777 ], [ -75.610938, 45.430777 ], [ -75.610938, 45.430777 ], [ -75.610938, 45.430777 ], [ -75.610938, 45.430777 ], [ -75.610938, 45.430777 ], [ -75.610938, 45.430777 ], [ -75.610938, 45.430777 ], [ -75.610938, 45.430777 ], [ -75.610938, 45.430777 ], [ -75.610938, 45.430777 ], [ -75.610938, 45.430777 ], [ -75.610938, 45.430777 ], [ -75.610938, 45.430777 ], [ -75.610938, 45.430777 ], [ -75.610938, 45.430777 ], [ -75.610938, 45.430777 ], [ -75.610938, 45.430777 ], [ -75.610938, 45.430777 ], [ -75.610938, 45.430777 ], [ -75.610938, 45.430777 ], [ -75.610938, 45.430777 ], [ -75.610938, 45.430777 ], [ -75.610938, 45.430777 ], [ -75.610938, 45.430777 ], [ -75.610938, 45.430777 ], [ -75.610938, 45.430777 ], [ -75.610938, 45.430777 ], [ -75.610938, 45.430777 ], [ -75.610938, 45.430777 ], [ -75.610938, 45.430777 ], [ -75.610938, 45.430777 ], [ -75.610938, 45.430777 ], [ -75.610938, 45.430777 ], [ -75.610938, 45.430777 ], [ -75.610938, 45.430777 ], [ -75.610938, 45.430777 ], [ -75.610938, 45.430777 ], [ -75.610938, 45.430777 ], [ -75.610938, 45.430777 ], [ -75.610938, 45.430777 ], [ -75.610938, 45.430777 ], [ -75.610938, 45.430777 ], [ -75.610938, 45.430777 ], [ -75.610938, 45.430777 ], [ -75.610938, 45.430777 ], [ -75.610938, 45.430777 ], [ -75.610938, 45.430777 ], [ -75.610938, 45.430777 ], [ -75.610938, 45.430777 ], [ -75.610938, 45.430777 ], [ -75.610938, 45.430777 ], [ -75.610938, 45.430777 ], [ -75.610938, 45.430777 ], [ -75.610938, 45.430777 ], [ -75.610938, 45.430777 ], [ -75.610938, 45.430777 ], [ -75.610938, 45.430777 ], [ -75.610938, 45.430777 ], [ -75.610938, 45.430777 ], [ -75.610938, 45.430777 ], [ -75.610938, 45.430777 ], [ -75.610938, 45.430777 ], [ -75.610938, 45.430777 ], [ -75.610938, 45.430777 ], [ -75.610938, 45.430777 ], [ -75.610938, 45.430777 ], [ -75.610938, 45.430777 ], [ -75.610938, 45.430777 ], [ -75.610938, 45.430777 ], [ -75.610938, 45.430777 ], [ -75.610938, 45.430777 ], [ -75.610938, 45.430777 ], [ -75.610938, 45.430777 ], [ -75.610938, 45.430777 ], [ -75.610938, 45.430777 ], [ -75.610938, 45.430777 ], [ -75.610938, 45.430777 ], [ -75.610938, 45.430777 ], [ -75.610938, 45.430777 ], [ -75.610938, 45.430777 ], [ -75.610938, 45.430777 ], [ -75.610938, 45.430777 ], [ -75.610938, 45.430777 ], [ -75.610938, 45.430777 ], [ -75.610938, 45.430777 ], [ -75.610938, 45.430777 ], [ -75.610938, 45.430777 ], [ -75.610938, 45.430777 ], [ -75.610938, 45.430777 ], [ -75.610938, 45.430777 ], [ -75.610938, 45.430777 ], [ -75.610938, 45.430777 ], [ -75.610938, 45.430777 ], [ -75.610938, 45.430777 ], [ -75.610938, 45.430777 ], [ -75.610938, 45.430777 ], [ -75.610938, 45.430777 ], [ -75.610938, 45.430777 ], [ -75.610938, 45.430777 ], [ -75.610938, 45.430777 ], [ -75.610938, 45.430777 ], [ -75.610938, 45.430777 ], [ -75.610938, 45.430777 ], [ -75.610938, 45.430777 ], [ -75.610938, 45.430777 ], [ -75.610938, 45.430777 ], [ -75.610938, 45.430777 ], [ -75.610938, 45.430777 ], [ -75.610938, 45.430777 ], [ -75.610938, 45.430777 ], [ -75.610938, 45.430777 ], [ -75.610938, 45.430777 ], [ -75.610938, 45.430777 ], [ -75.610938, 45.430777 ], [ -75.610938, 45.430777 ], [ -75.610938, 45.430777 ], [ -75.610938, 45.430777 ], [ -75.610938, 45.430777 ], [ -75.610938, 45.430777 ], [ -75.610938, 45.430777 ], [ -75.610938, 45.430777 ], [ -75.610938, 45.430777 ], [ -75.610938, 45.430777 ], [ -75.610938, 45.430777 ], [ -75.610938, 45.430777 ], [ -75.610938, 45.430777 ], [ -75.610938, 45.430777 ], [ -75.610938, 45.430777 ], [ -75.610938, 45.430777 ], [ -75.610938, 45.430777 ], [ -75.610938, 45.430777 ], [ -75.610938, 45.430777 ], [ -75.610938, 45.430777 ], [ -75.610938, 45.430777 ], [ -75.610938, 45.430777 ], [ -75.610938, 45.430777 ], [ -75.610938, 45.430777 ], [ -75.610938, 45.430777 ], [ -75.610938, 45.430777 ], [ -75.610938, 45.430777 ], [ -75.610938, 45.430777 ], [ -75.610938, 45.430777 ], [ -75.610938, 45.430777 ], [ -75.610938, 45.430777 ], [ -75.610938, 45.430777 ], [ -75.610938, 45.430777 ], [ -75.610938, 45.430777 ], [ -75.610938, 45.430777 ], [ -75.610938, 45.430777 ], [ -75.610938, 45.430777 ], [ -75.610938, 45.430777 ], [ -75.610938, 45.430777 ], [ -75.610938, 45.430777 ], [ -75.610938, 45.430777 ], [ -75.610938, 45.430777 ], [ -75.610938, 45.430777 ], [ -75.610938, 45.430777 ], [ -75.610938, 45.430777 ], [ -75.610938, 45.430777 ], [ -75.610938, 45.430777 ], [ -75.610938, 45.430777 ], [ -75.610938, 45.430777 ], [ -75.610938, 45.430777 ], [ -75.610938, 45.430777 ], [ -75.610938, 45.430777 ], [ -75.610938, 45.430777 ], [ -75.610938, 45.430777 ], [ -75.610938, 45.430777 ], [ -75.610938, 45.430777 ], [ -75.610938, 45.430777 ], [ -75.610938, 45.430777 ], [ -75.610938, 45.430777 ], [ -75.610938, 45.430777 ], [ -75.610938, 45.430777 ], [ -75.610938, 45.430777 ], [ -75.610938, 45.430777 ], [ -75.610938, 45.430777 ], [ -75.610938, 45.430777 ], [ -75.610938, 45.430777 ], [ -75.610938, 45.430777 ], [ -75.610938, 45.430777 ], [ -75.610938, 45.430777 ], [ -75.610938, 45.430777 ], [ -75.610938, 45.430777 ], [ -75.610938, 45.430777 ], [ -75.610938, 45.430777 ], [ -75.610938, 45.430777 ], [ -75.610938, 45.430777 ], [ -75.610938, 45.430777 ], [ -75.610938, 45.430777 ], [ -75.610938, 45.430777 ], [ -75.610938, 45.430777 ], [ -75.610938, 45.430777 ], [ -75.610938, 45.430777 ], [ -75.610938, 45.430777 ], [ -75.610938, 45.430777 ], [ -75.610938, 45.430777 ], [ -75.610938, 45.430777 ], [ -75.610938, 45.430777 ], [ -75.610938, 45.430777 ], [ -75.610938, 45.430777 ], [ -75.610938, 45.430777 ], [ -75.610938, 45.430777 ], [ -75.610938, 45.430777 ], [ -75.610938, 45.430777 ], [ -75.610938, 45.430777 ], [ -75.610938, 45.430777 ], [ -75.610938, 45.430777 ], [ -75.610938, 45.430777 ], [ -75.610938, 45.430777 ], [ -75.610938, 45.430777 ], [ -75.610938, 45.430777 ], [ -75.610938, 45.430777 ], [ -75.610938, 45.430777 ], [ -75.610938, 45.430777 ], [ -75.610938, 45.430777 ], [ -75.610938, 45.430777 ], [ -75.610938, 45.430777 ], [ -75.610938, 45.430777 ], [ -75.610938, 45.430777 ], [ -75.610938, 45.430777 ], [ -75.610938, 45.430777 ], [ -75.610938, 45.430777 ], [ -75.610938, 45.430777 ], [ -75.610938, 45.430777 ], [ -75.610938, 45.430777 ], [ -75.610938, 45.430777 ], [ -75.610938, 45.430777 ], [ -75.610938, 45.430777 ], [ -75.610938, 45.430777 ], [ -75.610938, 45.430777 ], [ -75.610938, 45.430777 ], [ -75.610938, 45.430777 ], [ -75.610938, 45.430777 ], [ -75.610938, 45.430777 ], [ -75.610938, 45.430777 ], [ -75.610938, 45.430777 ], [ -75.610938, 45.430777 ], [ -75.610938, 45.430777 ], [ -75.610938, 45.430777 ], [ -75.610938, 45.430777 ], [ -75.610938, 45.430777 ], [ -75.610938, 45.430777 ], [ -75.610938, 45.430777 ], [ -75.610938, 45.430777 ], [ -75.610938, 45.430777 ], [ -75.610938, 45.430777 ], [ -75.610938, 45.430777 ], [ -75.610938, 45.430777 ], [ -75.610938, 45.430777 ], [ -75.610938, 45.430777 ], [ -75.610938, 45.430777 ], [ -75.610938, 45.430777 ], [ -75.610938, 45.430777 ], [ -75.610938, 45.430777 ], [ -75.610938, 45.430777 ], [ -75.610938, 45.430777 ], [ -75.610938, 45.430777 ], [ -75.610938, 45.430777 ], [ -75.610938, 45.430777 ], [ -75.610938, 45.430777 ], [ -75.610938, 45.430777 ], [ -75.610938, 45.430777 ], [ -75.610938, 45.430777 ], [ -75.610938, 45.430777 ], [ -75.610938, 45.430777 ], [ -75.610938, 45.430777 ], [ -75.610938, 45.430777 ], [ -75.610938, 45.430777 ], [ -75.610938, 45.430777 ], [ -75.610938, 45.430777 ], [ -75.610938, 45.430777 ], [ -75.610938, 45.430777 ], [ -75.610938, 45.430777 ], [ -75.610938, 45.430777 ], [ -75.610938, 45.430777 ], [ -75.610938, 45.430777 ], [ -75.610938, 45.430777 ], [ -75.610938, 45.430777 ], [ -75.610938, 45.430777 ], [ -75.610938, 45.430777 ], [ -75.610938, 45.430777 ], [ -75.610938, 45.430777 ], [ -75.610938, 45.430777 ], [ -75.610938, 45.430777 ], [ -75.610938, 45.430777 ], [ -75.610938, 45.430777 ], [ -75.610938, 45.430777 ], [ -75.610938, 45.430777 ], [ -75.610938, 45.430777 ], [ -75.610938, 45.430777 ], [ -75.610938, 45.430777 ], [ -75.610938, 45.430777 ], [ -75.610938, 45.430777 ], [ -75.610938, 45.430777 ], [ -75.610938, 45.430777 ], [ -75.610938, 45.430777 ], [ -75.610938, 45.430777 ], [ -75.610938, 45.430777 ], [ -75.610938, 45.430777 ], [ -75.610938, 45.430777 ], [ -75.610938, 45.430777 ], [ -75.610938, 45.430777 ], [ -75.610938, 45.430777 ], [ -75.610938, 45.430777 ], [ -75.610938, 45.430777 ], [ -75.610938, 45.430777 ], [ -75.610938, 45.430777 ], [ -75.610938, 45.430777 ], [ -75.610938, 45.430777 ], [ -75.610938, 45.430777 ], [ -75.610938, 45.430777 ], [ -75.610938, 45.430777 ], [ -75.610938, 45.430777 ], [ -75.610938, 45.430777 ], [ -75.610938, 45.430777 ], [ -75.610938, 45.430777 ], [ -75.610938, 45.430777 ], [ -75.610938, 45.430777 ], [ -75.610938, 45.430777 ], [ -75.610938, 45.430777 ], [ -75.610938, 45.430777 ], [ -75.610938, 45.430777 ], [ -75.610938, 45.430777 ], [ -75.610938, 45.430777 ], [ -75.610938, 45.430777 ], [ -75.610938, 45.430777 ], [ -75.610938, 45.430777 ], [ -75.610938, 45.430777 ], [ -75.610938, 45.430777 ], [ -75.610938, 45.430777 ], [ -75.610938, 45.430777 ], [ -75.610938, 45.430777 ], [ -75.610938, 45.430777 ], [ -75.610938, 45.430777 ], [ -75.610938, 45.430777 ], [ -75.610938, 45.430777 ], [ -75.610938, 45.430777 ], [ -75.610938, 45.430777 ], [ -75.610938, 45.430777 ], [ -75.610938, 45.430777 ], [ -75.610938, 45.430777 ], [ -75.610938, 45.430777 ], [ -75.610938, 45.430777 ], [ -75.610938, 45.430777 ], [ -75.610938, 45.430777 ], [ -75.610938, 45.430777 ], [ -75.610938, 45.430777 ], [ -75.610938, 45.430777 ], [ -75.610938, 45.430777 ], [ -75.610938, 45.430777 ], [ -75.610938, 45.430777 ], [ -75.610938, 45.430777 ], [ -75.610938, 45.430777 ], [ -75.610938, 45.430777 ], [ -75.610938, 45.430777 ], [ -75.610938, 45.430777 ], [ -75.610938, 45.430777 ], [ -75.610938, 45.430777 ], [ -75.610938, 45.430777 ], [ -75.610938, 45.430777 ], [ -75.610938, 45.430777 ], [ -75.610938, 45.430777 ], [ -75.610938, 45.430777 ], [ -75.610938, 45.430777 ], [ -75.610938, 45.430777 ], [ -75.610938, 45.430777 ], [ -75.610938, 45.430777 ], [ -75.610938, 45.430777 ], [ -75.610938, 45.430777 ], [ -75.610938, 45.430777 ], [ -75.610938, 45.430777 ], [ -75.610938, 45.430777 ], [ -75.610938, 45.430777 ], [ -75.610938, 45.430777 ], [ -75.610938, 45.430777 ], [ -75.610938, 45.430777 ], [ -75.610938, 45.430777 ], [ -75.610938, 45.430777 ], [ -75.610938, 45.430777 ], [ -75.610938, 45.430777 ], [ -75.610938, 45.430777 ], [ -75.610938, 45.430777 ], [ -75.610938, 45.430777 ], [ -75.610938, 45.430777 ], [ -75.610938, 45.430777 ], [ -75.610938, 45.430777 ], [ -75.610938, 45.430777 ], [ -75.610938, 45.430777 ], [ -75.610938, 45.430777 ], [ -75.610938, 45.430777 ], [ -75.610938, 45.430777 ], [ -75.610938, 45.430777 ], [ -75.610938, 45.430777 ], [ -75.610938, 45.430777 ], [ -75.610938, 45.430777 ], [ -75.610938, 45.430777 ], [ -75.610938, 45.430777 ], [ -75.610938, 45.430777 ], [ -75.610938, 45.430777 ], [ -75.610938, 45.430777 ], [ -75.610938, 45.430777 ], [ -75.610938, 45.430777 ], [ -75.610938, 45.430777 ], [ -75.610938, 45.430777 ], [ -75.610938, 45.430777 ], [ -75.610938, 45.430777 ], [ -75.610938, 45.430777 ], [ -75.610938, 45.430777 ], [ -75.610938, 45.430777 ], [ -75.610938, 45.430777 ], [ -75.610938, 45.430777 ], [ -75.610938, 45.430777 ], [ -75.610938, 45.430777 ], [ -75.610938, 45.430777 ], [ -75.610938, 45.430777 ], [ -75.610938, 45.430777 ], [ -75.610938, 45.430777 ], [ -75.610938, 45.430777 ], [ -75.610938, 45.430777 ], [ -75.610938, 45.430777 ], [ -75.610938, 45.430777 ], [ -75.610938, 45.430777 ], [ -75.610938, 45.430777 ], [ -75.610938, 45.430777 ], [ -75.610938, 45.430777 ], [ -75.610938, 45.430777 ], [ -75.610938, 45.430777 ], [ -75.610938, 45.430777 ], [ -75.610938, 45.430777 ], [ -75.610938, 45.430777 ], [ -75.610938, 45.430777 ], [ -75.610938, 45.430777 ], [ -75.610938, 45.430777 ], [ -75.610938, 45.430777 ], [ -75.610938, 45.430777 ], [ -75.610938, 45.430777 ], [ -75.610938, 45.430777 ], [ -75.610938, 45.430777 ], [ -75.610938, 45.430777 ], [ -75.610938, 45.430777 ], [ -75.610938, 45.430777 ], [ -75.610938, 45.430777 ], [ -75.610938, 45.430777 ], [ -75.610938, 45.430777 ], [ -75.610938, 45.430777 ], [ -75.610938, 45.430777 ], [ -75.610938, 45.430777 ], [ -75.610938, 45.430777 ], [ -75.610938, 45.430777 ], [ -75.610938, 45.430777 ], [ -75.610938, 45.430777 ], [ -75.610938, 45.430777 ], [ -75.610938, 45.430777 ], [ -75.610938, 45.430777 ], [ -75.610938, 45.430777 ], [ -75.610938, 45.430777 ], [ -75.610938, 45.430777 ], [ -75.610938, 45.430777 ], [ -75.610938, 45.430777 ], [ -75.610938, 45.430777 ], [ -75.610938, 45.430777 ], [ -75.610938, 45.430777 ], [ -75.610938, 45.430777 ], [ -75.610938, 45.430777 ], [ -75.610938, 45.430777 ], [ -75.610938, 45.430777 ], [ -75.610938, 45.430777 ], [ -75.610938, 45.430777 ], [ -75.610938, 45.430777 ], [ -75.610938, 45.430777 ], [ -75.610938, 45.430777 ], [ -75.610938, 45.430777 ], [ -75.610938, 45.430777 ], [ -75.610938, 45.430777 ], [ -75.610938, 45.430777 ], [ -75.610938, 45.430777 ], [ -75.610938, 45.430777 ], [ -75.610938, 45.430777 ], [ -75.610938, 45.430777 ], [ -75.610938, 45.430777 ], [ -75.610938, 45.430777 ], [ -75.610938, 45.430777 ], [ -75.610938, 45.430777 ], [ -75.610938, 45.430777 ], [ -75.610938, 45.430777 ], [ -75.610938, 45.430777 ], [ -75.610938, 45.430777 ], [ -75.610938, 45.430777 ], [ -75.610938, 45.430777 ], [ -75.610938, 45.430777 ], [ -75.610938, 45.430777 ], [ -75.610938, 45.430777 ], [ -75.610938, 45.430777 ], [ -75.610938, 45.430777 ], [ -75.610938, 45.430777 ], [ -75.610938, 45.430777 ], [ -75.610938, 45.430777 ], [ -75.610938, 45.430777 ], [ -75.610938, 45.430777 ], [ -75.610938, 45.430777 ], [ -75.610938, 45.430777 ], [ -75.610938, 45.430777 ], [ -75.610938, 45.430777 ], [ -75.610938, 45.430777 ], [ -75.610938, 45.430777 ], [ -75.610938, 45.430777 ], [ -75.610938, 45.430777 ], [ -75.610938, 45.430777 ], [ -75.610938, 45.430777 ], [ -75.610938, 45.430777 ], [ -75.610938, 45.430777 ], [ -75.610938, 45.430777 ], [ -75.610938, 45.430777 ], [ -75.610938, 45.430777 ], [ -75.610938, 45.430777 ], [ -75.610938, 45.430777 ], [ -75.610938, 45.430777 ], [ -75.610938, 45.430777 ], [ -75.610938, 45.430777 ], [ -75.610938, 45.430777 ], [ -75.610938, 45.430777 ], [ -75.610938, 45.430777 ], [ -75.610938, 45.430777 ], [ -75.610938, 45.430777 ], [ -75.610938, 45.430777 ], [ -75.610938, 45.430777 ], [ -75.610938, 45.430777 ], [ -75.610938, 45.430777 ], [ -75.610938, 45.430777 ], [ -75.610938, 45.430777 ], [ -75.610938, 45.430777 ], [ -75.610938, 45.430777 ], [ -75.610938, 45.430777 ], [ -75.610938, 45.430777 ], [ -75.610938, 45.430777 ], [ -75.610938, 45.430777 ], [ -75.610938, 45.430777 ], [ -75.610938, 45.430777 ], [ -75.610938, 45.430777 ], [ -75.610938, 45.430777 ], [ -75.610938, 45.430777 ], [ -75.610938, 45.430777 ], [ -75.610938, 45.430777 ], [ -75.610938, 45.430777 ], [ -75.610938, 45.430777 ], [ -75.610938, 45.430777 ], [ -75.610938, 45.430777 ], [ -75.610938, 45.430777 ], [ -75.610938, 45.430777 ], [ -75.610938, 45.430777 ], [ -75.610938, 45.430777 ], [ -75.610938, 45.430777 ], [ -75.610938, 45.430777 ], [ -75.610938, 45.430777 ], [ -75.610938, 45.430777 ], [ -75.610938, 45.430777 ], [ -75.610938, 45.430777 ], [ -75.610938, 45.430777 ], [ -75.610938, 45.430777 ], [ -75.610938, 45.430777 ], [ -75.610938, 45.430777 ], [ -75.610938, 45.430777 ], [ -75.610938, 45.430777 ], [ -75.610938, 45.430777 ], [ -75.610938, 45.430777 ], [ -75.610938, 45.430777 ], [ -75.610938, 45.430777 ], [ -75.610938, 45.430777 ], [ -75.610938, 45.430777 ], [ -75.610938, 45.430777 ], [ -75.610938, 45.430777 ], [ -75.610938, 45.430777 ], [ -75.610938, 45.430777 ], [ -75.610938, 45.430777 ], [ -75.610938, 45.430777 ], [ -75.610938, 45.430777 ], [ -75.610938, 45.430777 ], [ -75.610938, 45.430777 ], [ -75.610938, 45.430777 ], [ -75.610938, 45.430777 ], [ -75.610938, 45.430777 ], [ -75.610938, 45.430777 ], [ -75.610938, 45.430777 ], [ -75.610938, 45.430777 ], [ -75.610938, 45.430777 ], [ -75.610938, 45.430777 ], [ -75.610938, 45.430777 ], [ -75.610938, 45.430777 ], [ -75.610938, 45.430777 ], [ -75.610938, 45.430777 ], [ -75.610938, 45.430777 ], [ -75.610938, 45.430777 ], [ -75.610938, 45.430777 ], [ -75.610938, 45.430777 ], [ -75.610938, 45.430777 ], [ -75.610938, 45.430777 ], [ -75.610938, 45.430777 ], [ -75.610938, 45.430777 ], [ -75.610938, 45.430777 ], [ -75.610938, 45.430777 ], [ -75.610938, 45.430777 ], [ -75.610938, 45.430777 ], [ -75.610938, 45.430777 ], [ -75.610938, 45.430777 ], [ -75.610938, 45.430777 ], [ -75.610938, 45.430777 ], [ -75.610938, 45.430777 ], [ -75.610938, 45.430777 ], [ -75.610938, 45.430777 ], [ -75.610938, 45.430777 ], [ -75.610938, 45.430777 ], [ -75.610938, 45.430777 ], [ -75.610938, 45.430777 ], [ -75.610938, 45.430777 ], [ -75.610938, 45.430777 ], [ -75.610938, 45.430777 ], [ -75.610938, 45.430777 ], [ -75.610938, 45.430777 ], [ -75.610938, 45.430777 ], [ -75.610938, 45.430777 ], [ -75.610938, 45.430777 ], [ -75.610938, 45.430777 ], [ -75.610938, 45.430777 ], [ -75.610938, 45.430777 ], [ -75.610938, 45.430777 ], [ -75.610938, 45.430777 ], [ -75.610938, 45.430777 ], [ -75.610938, 45.430777 ], [ -75.610938, 45.430777 ], [ -75.610938, 45.430777 ], [ -75.610938, 45.430777 ], [ -75.610938, 45.430777 ], [ -75.610938, 45.430777 ], [ -75.610938, 45.430777 ], [ -75.610938, 45.430777 ], [ -75.610938, 45.430777 ], [ -75.610938, 45.430777 ], [ -75.610938, 45.430777 ], [ -75.610938, 45.430777 ], [ -75.610938, 45.430777 ], [ -75.610938, 45.430777 ], [ -75.610938, 45.430777 ], [ -75.610938, 45.430777 ], [ -75.610938, 45.430777 ], [ -75.610938, 45.430777 ], [ -75.610938, 45.430777 ], [ -75.610938, 45.430777 ], [ -75.610938, 45.430777 ], [ -75.610938, 45.430777 ], [ -75.610938, 45.430777 ], [ -75.610938, 45.430777 ], [ -75.610938, 45.430777 ], [ -75.610938, 45.430777 ], [ -75.610938, 45.430777 ], [ -75.610938, 45.430777 ], [ -75.610938, 45.430777 ], [ -75.610938, 45.430777 ], [ -75.610938, 45.430777 ], [ -75.610938, 45.430777 ], [ -75.610938, 45.430777 ], [ -75.610938, 45.430777 ], [ -75.610938, 45.430777 ], [ -75.610938, 45.430777 ], [ -75.610938, 45.430777 ], [ -75.610938, 45.430777 ], [ -75.610938, 45.430777 ], [ -75.610938, 45.430777 ], [ -75.610938, 45.430777 ], [ -75.610938, 45.430777 ], [ -75.610938, 45.430777 ], [ -75.610938, 45.430777 ], [ -75.610938, 45.430777 ], [ -75.610938, 45.430777 ], [ -75.610938, 45.430777 ], [ -75.610938, 45.430777 ], [ -75.610938, 45.430777 ], [ -75.610938, 45.430777 ], [ -75.610938, 45.430777 ], [ -75.610938, 45.430777 ], [ -75.610938, 45.430777 ], [ -75.610938, 45.430777 ], [ -75.610938, 45.430777 ], [ -75.610938, 45.430777 ], [ -75.610938, 45.430777 ], [ -75.610938, 45.430777 ], [ -75.610938, 45.430777 ], [ -75.610938, 45.430777 ], [ -75.610938, 45.430777 ], [ -75.610938, 45.430777 ], [ -75.610938, 45.430777 ], [ -75.610938, 45.430777 ], [ -75.610938, 45.430777 ], [ -75.610938, 45.430777 ], [ -75.610938, 45.430777 ], [ -75.610938, 45.430777 ], [ -75.610938, 45.430777 ], [ -75.610938, 45.430777 ], [ -75.610938, 45.430777 ], [ -75.610938, 45.430777 ], [ -75.610938, 45.430777 ], [ -75.610938, 45.430777 ], [ -75.610938, 45.430777 ], [ -75.610938, 45.430777 ], [ -75.610938, 45.430777 ], [ -75.610938, 45.430777 ], [ -75.610938, 45.430777 ], [ -75.610938, 45.430777 ], [ -75.610938, 45.430777 ], [ -75.610938, 45.430777 ], [ -75.610938, 45.430777 ], [ -75.610938, 45.430777 ], [ -75.610938, 45.430777 ], [ -75.610938, 45.430777 ], [ -75.610938, 45.430777 ], [ -75.610938, 45.430777 ], [ -75.610938, 45.430777 ], [ -75.610938, 45.430777 ], [ -75.610938, 45.430777 ], [ -75.610938, 45.430777 ], [ -75.610938, 45.430777 ], [ -75.610938, 45.430777 ], [ -75.610938, 45.430777 ], [ -75.610938, 45.430777 ], [ -75.610938, 45.430777 ], [ -75.610938, 45.430777 ], [ -75.610938, 45.430777 ], [ -75.610938, 45.430777 ], [ -75.610938, 45.430777 ], [ -75.610938, 45.430777 ], [ -75.610938, 45.430777 ], [ -75.610938, 45.430777 ], [ -75.610938, 45.430777 ], [ -75.610938, 45.430777 ], [ -75.610938, 45.430777 ], [ -75.610938, 45.430777 ], [ -75.610938, 45.430777 ], [ -75.610938, 45.430777 ], [ -75.610938, 45.430777 ], [ -75.610938, 45.430777 ], [ -75.610938, 45.430777 ], [ -75.610938, 45.430777 ], [ -75.610938, 45.430777 ], [ -75.610938, 45.430777 ], [ -75.610938, 45.430777 ], [ -75.610938, 45.430777 ], [ -75.610938, 45.430777 ], [ -75.610938, 45.430777 ], [ -75.610938, 45.430777 ], [ -75.610938, 45.430777 ], [ -75.610938, 45.430777 ], [ -75.610938, 45.430777 ], [ -75.610938, 45.430777 ], [ -75.610938, 45.430777 ], [ -75.610938, 45.430777 ], [ -75.610938, 45.430777 ], [ -75.610938, 45.430777 ], [ -75.610938, 45.430777 ], [ -75.610938, 45.430777 ], [ -75.610938, 45.430777 ], [ -75.610938, 45.430777 ], [ -75.610938, 45.430777 ], [ -75.610938, 45.430777 ], [ -75.610938, 45.430777 ], [ -75.610938, 45.430777 ], [ -75.610938, 45.430777 ], [ -75.610938, 45.430777 ], [ -75.610938, 45.430777 ], [ -75.610938, 45.430777 ], [ -75.610938, 45.430777 ], [ -75.610938, 45.430777 ], [ -75.610938, 45.430777 ], [ -75.610938, 45.430777 ], [ -75.610938, 45.430777 ], [ -75.610938, 45.430777 ], [ -75.610938, 45.430777 ], [ -75.610938, 45.430777 ], [ -75.610938, 45.430777 ], [ -75.610938, 45.430777 ], [ -75.610938, 45.430777 ], [ -75.610938, 45.430777 ], [ -75.610938, 45.430777 ], [ -75.610938, 45.430777 ], [ -75.610938, 45.430777 ], [ -75.610938, 45.430777 ], [ -75.610938, 45.430777 ], [ -75.610938, 45.430777 ], [ -75.610938, 45.430777 ], [ -75.610938, 45.430777 ], [ -75.610938, 45.430777 ], [ -75.610938, 45.430777 ], [ -75.610938, 45.430777 ], [ -75.610938, 45.430777 ], [ -75.610938, 45.430777 ], [ -75.610938, 45.430777 ], [ -75.610938, 45.430777 ], [ -75.610938, 45.430777 ], [ -75.610938, 45.430777 ], [ -75.610938, 45.430777 ], [ -75.610938, 45.430777 ], [ -75.610938, 45.430777 ], [ -75.610938, 45.430777 ], [ -75.610938, 45.430777 ], [ -75.610938, 45.430777 ], [ -75.610938, 45.430777 ], [ -75.610938, 45.430777 ], [ -75.610938, 45.430777 ], [ -75.610938, 45.430777 ], [ -75.610938, 45.430777 ], [ -75.610938, 45.430777 ], [ -75.610938, 45.430777 ], [ -75.610938, 45.430777 ], [ -75.610938, 45.430777 ], [ -75.610938, 45.430777 ], [ -75.610938, 45.430777 ], [ -75.610938, 45.430777 ], [ -75.610938, 45.430777 ], [ -75.610938, 45.430777 ], [ -75.610938, 45.430777 ], [ -75.610938, 45.430777 ], [ -75.610938, 45.430777 ], [ -75.610938, 45.430777 ], [ -75.610938, 45.430777 ], [ -75.610938, 45.430777 ], [ -75.610938, 45.430777 ], [ -75.610938, 45.430777 ], [ -75.610938, 45.430777 ], [ -75.610938, 45.430777 ], [ -75.610938, 45.430777 ], [ -75.610938, 45.430777 ], [ -75.610938, 45.430777 ], [ -75.610938, 45.430777 ], [ -75.610938, 45.430777 ], [ -75.610938, 45.430777 ], [ -75.610938, 45.430777 ], [ -75.610938, 45.430777 ], [ -75.610938, 45.430777 ], [ -75.610938, 45.430777 ], [ -75.610938, 45.430777 ], [ -75.610938, 45.430777 ], [ -75.610938, 45.430777 ], [ -75.610938, 45.430777 ], [ -75.610938, 45.430777 ], [ -75.610938, 45.430777 ], [ -75.610938, 45.430777 ], [ -75.610938, 45.430777 ], [ -75.610938, 45.430777 ], [ -75.610938, 45.430777 ], [ -75.610938, 45.430777 ], [ -75.610938, 45.430777 ], [ -75.610938, 45.430777 ], [ -75.610938, 45.430777 ], [ -75.610938, 45.430777 ], [ -75.610938, 45.430777 ], [ -75.610938, 45.430777 ], [ -75.610938, 45.430777 ], [ -75.610938, 45.430777 ], [ -75.610938, 45.430777 ], [ -75.610938, 45.430777 ], [ -75.610938, 45.430777 ], [ -75.610938, 45.430777 ], [ -75.610938, 45.430777 ], [ -75.610938, 45.430777 ], [ -75.610938, 45.430777 ], [ -75.610938, 45.430777 ], [ -75.610938, 45.430777 ], [ -75.610938, 45.430777 ], [ -75.610938, 45.430777 ], [ -75.610938, 45.430777 ], [ -75.610938, 45.430777 ], [ -75.610938, 45.430777 ], [ -75.610938, 45.430777 ], [ -75.610938, 45.430777 ], [ -75.610938, 45.430777 ], [ -75.610938, 45.430777 ], [ -75.610938, 45.430777 ], [ -75.610938, 45.430777 ], [ -75.610938, 45.430777 ], [ -75.610938, 45.430777 ], [ -75.610938, 45.430777 ], [ -75.610938, 45.430777 ], [ -75.610938, 45.430777 ], [ -75.610938, 45.430777 ], [ -75.610938, 45.430777 ], [ -75.610938, 45.430777 ], [ -75.610938, 45.430777 ], [ -75.610938, 45.430777 ], [ -75.610938, 45.430777 ], [ -75.610938, 45.430777 ], [ -75.610938, 45.430777 ], [ -75.610938, 45.430777 ], [ -75.610938, 45.430777 ], [ -75.610938, 45.430777 ], [ -75.610938, 45.430777 ], [ -75.610938, 45.430777 ], [ -75.610938, 45.430777 ], [ -75.610938, 45.430777 ], [ -75.610938, 45.430777 ], [ -75.610938, 45.430777 ], [ -75.610938, 45.430777 ], [ -75.610938, 45.430777 ], [ -75.610718, 45.430799 ], [ -75.610718, 45.430799 ], [ -75.610718, 45.430799 ], [ -75.610718, 45.430799 ], [ -75.610718, 45.430799 ], [ -75.610718, 45.430799 ], [ -75.610718, 45.430799 ], [ -75.610718, 45.430799 ], [ -75.610718, 45.430799 ], [ -75.610718, 45.430799 ], [ -75.610718, 45.430799 ], [ -75.610718, 45.430799 ], [ -75.610718, 45.430799 ], [ -75.610718, 45.430799 ], [ -75.610718, 45.430799 ], [ -75.610718, 45.430799 ], [ -75.610718, 45.430799 ], [ -75.610718, 45.430799 ], [ -75.610718, 45.430799 ], [ -75.610718, 45.430799 ], [ -75.610718, 45.430799 ], [ -75.610718, 45.430799 ], [ -75.610718, 45.430799 ], [ -75.610718, 45.430799 ], [ -75.610718, 45.430799 ], [ -75.610718, 45.430799 ], [ -75.610718, 45.430799 ], [ -75.610718, 45.430799 ], [ -75.610718, 45.430799 ], [ -75.610718, 45.430799 ], [ -75.610718, 45.430799 ], [ -75.610718, 45.430799 ], [ -75.610718, 45.430799 ], [ -75.610718, 45.430799 ], [ -75.610718, 45.430799 ], [ -75.610718, 45.430799 ], [ -75.610718, 45.430799 ], [ -75.610718, 45.430799 ], [ -75.610718, 45.430799 ], [ -75.610718, 45.430799 ], [ -75.610718, 45.430799 ], [ -75.610718, 45.430799 ], [ -75.610718, 45.430799 ], [ -75.610718, 45.430799 ], [ -75.610718, 45.430799 ], [ -75.610718, 45.430799 ], [ -75.610718, 45.430799 ], [ -75.610718, 45.430799 ], [ -75.610718, 45.430799 ], [ -75.610718, 45.430799 ], [ -75.610718, 45.430799 ], [ -75.610718, 45.430799 ], [ -75.610718, 45.430799 ], [ -75.610718, 45.430799 ], [ -75.610718, 45.430799 ], [ -75.610718, 45.430799 ], [ -75.610718, 45.430799 ], [ -75.610718, 45.430799 ], [ -75.610718, 45.430799 ], [ -75.610718, 45.430799 ], [ -75.610718, 45.430799 ], [ -75.610718, 45.430799 ], [ -75.610718, 45.430799 ], [ -75.610718, 45.430799 ], [ -75.610718, 45.430799 ], [ -75.610718, 45.430799 ], [ -75.610718, 45.430799 ], [ -75.610718, 45.430799 ], [ -75.610718, 45.430799 ], [ -75.610718, 45.430799 ], [ -75.610718, 45.430799 ], [ -75.610718, 45.430799 ], [ -75.610718, 45.430799 ], [ -75.610718, 45.430799 ], [ -75.610718, 45.430799 ], [ -75.610718, 45.430799 ], [ -75.610718, 45.430799 ], [ -75.610718, 45.430799 ], [ -75.610718, 45.430799 ], [ -75.610718, 45.430799 ], [ -75.610718, 45.430799 ], [ -75.610718, 45.430799 ], [ -75.610718, 45.430799 ], [ -75.610718, 45.430799 ], [ -75.610718, 45.430799 ], [ -75.610718, 45.430799 ], [ -75.610718, 45.430799 ], [ -75.610718, 45.430799 ], [ -75.610718, 45.430799 ], [ -75.610718, 45.430799 ], [ -75.610718, 45.430799 ], [ -75.610718, 45.430799 ], [ -75.610718, 45.430799 ], [ -75.610718, 45.430799 ], [ -75.610718, 45.430799 ], [ -75.610718, 45.430799 ], [ -75.610718, 45.430799 ], [ -75.610718, 45.430799 ], [ -75.610718, 45.430799 ], [ -75.610718, 45.430799 ], [ -75.610718, 45.430799 ], [ -75.610718, 45.430799 ], [ -75.610718, 45.430799 ], [ -75.610718, 45.430799 ], [ -75.610718, 45.430799 ], [ -75.610718, 45.430799 ], [ -75.610718, 45.430799 ], [ -75.610718, 45.430799 ], [ -75.610718, 45.430799 ], [ -75.610718, 45.430799 ], [ -75.610718, 45.430799 ], [ -75.610718, 45.430799 ], [ -75.610718, 45.430799 ], [ -75.610718, 45.430799 ], [ -75.610718, 45.430799 ], [ -75.610718, 45.430799 ], [ -75.610718, 45.430799 ], [ -75.610718, 45.430799 ], [ -75.610718, 45.430799 ], [ -75.610718, 45.430799 ], [ -75.610718, 45.430799 ], [ -75.610718, 45.430799 ], [ -75.610718, 45.430799 ], [ -75.610718, 45.430799 ], [ -75.610718, 45.430799 ], [ -75.610718, 45.430799 ], [ -75.610718, 45.430799 ], [ -75.610718, 45.430799 ], [ -75.610718, 45.430799 ], [ -75.610718, 45.430799 ], [ -75.610718, 45.430799 ], [ -75.610718, 45.430799 ], [ -75.610718, 45.430799 ], [ -75.610718, 45.430799 ], [ -75.610718, 45.430799 ], [ -75.610718, 45.430799 ], [ -75.610718, 45.430799 ], [ -75.610718, 45.430799 ], [ -75.610718, 45.430799 ], [ -75.610718, 45.430799 ], [ -75.610718, 45.430799 ], [ -75.610718, 45.430799 ], [ -75.610718, 45.430799 ], [ -75.610718, 45.430799 ], [ -75.610718, 45.430799 ], [ -75.610718, 45.430799 ], [ -75.610718, 45.430799 ], [ -75.610718, 45.430799 ], [ -75.610718, 45.430799 ], [ -75.610718, 45.430799 ], [ -75.610718, 45.430799 ], [ -75.610718, 45.430799 ], [ -75.610718, 45.430799 ], [ -75.610718, 45.430799 ], [ -75.610718, 45.430799 ], [ -75.610718, 45.430799 ], [ -75.610718, 45.430799 ], [ -75.610718, 45.430799 ], [ -75.610718, 45.430799 ], [ -75.610718, 45.430799 ], [ -75.610718, 45.430799 ], [ -75.610718, 45.430799 ], [ -75.610718, 45.430799 ], [ -75.610718, 45.430799 ], [ -75.610718, 45.430799 ], [ -75.610718, 45.430799 ], [ -75.610718, 45.430799 ], [ -75.610718, 45.430799 ], [ -75.610718, 45.430799 ], [ -75.610718, 45.430799 ], [ -75.610718, 45.430799 ], [ -75.610718, 45.430799 ], [ -75.610718, 45.430799 ], [ -75.610718, 45.430799 ], [ -75.610718, 45.430799 ], [ -75.610718, 45.430799 ], [ -75.610718, 45.430799 ], [ -75.610718, 45.430799 ], [ -75.610718, 45.430799 ], [ -75.610718, 45.430799 ], [ -75.610718, 45.430799 ], [ -75.610718, 45.430799 ], [ -75.610718, 45.430799 ], [ -75.610718, 45.430799 ], [ -75.610718, 45.430799 ], [ -75.610718, 45.430799 ], [ -75.610718, 45.430799 ], [ -75.610718, 45.430799 ], [ -75.610718, 45.430799 ], [ -75.610718, 45.430799 ], [ -75.610718, 45.430799 ], [ -75.610718, 45.430799 ], [ -75.610718, 45.430799 ], [ -75.610718, 45.430799 ], [ -75.610718, 45.430799 ], [ -75.610718, 45.430799 ], [ -75.610718, 45.430799 ], [ -75.610718, 45.430799 ], [ -75.610718, 45.430799 ], [ -75.610718, 45.430799 ], [ -75.610718, 45.430799 ], [ -75.610718, 45.430799 ], [ -75.610718, 45.430799 ], [ -75.610718, 45.430799 ], [ -75.610718, 45.430799 ], [ -75.610718, 45.430799 ], [ -75.610718, 45.430799 ], [ -75.610718, 45.430799 ], [ -75.610718, 45.430799 ], [ -75.610718, 45.430799 ], [ -75.610718, 45.430799 ], [ -75.610718, 45.430799 ], [ -75.610718, 45.430799 ], [ -75.610718, 45.430799 ], [ -75.610718, 45.430799 ], [ -75.610718, 45.430799 ], [ -75.610718, 45.430799 ], [ -75.610718, 45.430799 ], [ -75.610718, 45.430799 ], [ -75.610718, 45.430799 ], [ -75.610718, 45.430799 ], [ -75.610718, 45.430799 ], [ -75.610718, 45.430799 ], [ -75.610718, 45.430799 ], [ -75.610718, 45.430799 ], [ -75.610718, 45.430799 ], [ -75.610718, 45.430799 ], [ -75.610718, 45.430799 ], [ -75.610718, 45.430799 ], [ -75.610718, 45.430799 ], [ -75.610718, 45.430799 ], [ -75.610718, 45.430799 ], [ -75.610718, 45.430799 ], [ -75.610718, 45.430799 ], [ -75.610718, 45.430799 ], [ -75.610718, 45.430799 ], [ -75.610718, 45.430799 ], [ -75.610718, 45.430799 ], [ -75.610718, 45.430799 ], [ -75.610718, 45.430799 ], [ -75.610718, 45.430799 ], [ -75.610718, 45.430799 ], [ -75.610718, 45.430799 ], [ -75.610718, 45.430799 ], [ -75.610718, 45.430799 ], [ -75.610718, 45.430799 ], [ -75.610718, 45.430799 ], [ -75.610718, 45.430799 ], [ -75.610718, 45.430799 ], [ -75.610718, 45.430799 ], [ -75.610718, 45.430799 ], [ -75.610718, 45.430799 ], [ -75.610718, 45.430799 ], [ -75.610718, 45.430799 ], [ -75.610718, 45.430799 ], [ -75.610718, 45.430799 ], [ -75.610718, 45.430799 ], [ -75.610718, 45.430799 ], [ -75.610718, 45.430799 ], [ -75.610718, 45.430799 ], [ -75.610718, 45.430799 ], [ -75.610718, 45.430799 ], [ -75.610718, 45.430799 ], [ -75.610718, 45.430799 ], [ -75.610718, 45.430799 ], [ -75.610718, 45.430799 ], [ -75.610718, 45.430799 ], [ -75.610718, 45.430799 ], [ -75.610718, 45.430799 ], [ -75.610718, 45.430799 ], [ -75.610718, 45.430799 ], [ -75.610718, 45.430799 ], [ -75.610718, 45.430799 ], [ -75.610718, 45.430799 ], [ -75.610718, 45.430799 ], [ -75.610718, 45.430799 ], [ -75.610718, 45.430799 ], [ -75.610718, 45.430799 ], [ -75.610718, 45.430799 ], [ -75.610718, 45.430799 ], [ -75.610718, 45.430799 ], [ -75.610718, 45.430799 ], [ -75.610718, 45.430799 ], [ -75.610718, 45.430799 ], [ -75.610718, 45.430799 ], [ -75.610718, 45.430799 ], [ -75.610718, 45.430799 ], [ -75.610718, 45.430799 ], [ -75.610718, 45.430799 ], [ -75.610718, 45.430799 ], [ -75.610718, 45.430799 ], [ -75.610718, 45.430799 ], [ -75.610718, 45.430799 ], [ -75.610718, 45.430799 ], [ -75.610718, 45.430799 ], [ -75.610718, 45.430799 ], [ -75.610718, 45.430799 ], [ -75.610718, 45.430799 ], [ -75.610718, 45.430799 ], [ -75.610718, 45.430799 ], [ -75.610718, 45.430799 ], [ -75.610718, 45.430799 ], [ -75.610718, 45.430799 ], [ -75.610718, 45.430799 ], [ -75.610718, 45.430799 ], [ -75.610718, 45.430799 ], [ -75.610718, 45.430799 ], [ -75.610718, 45.430799 ], [ -75.610718, 45.430799 ], [ -75.610718, 45.430799 ], [ -75.610718, 45.430799 ], [ -75.610718, 45.430799 ], [ -75.610718, 45.430799 ], [ -75.610718, 45.430799 ], [ -75.610718, 45.430799 ], [ -75.610718, 45.430799 ], [ -75.610718, 45.430799 ], [ -75.610718, 45.430799 ], [ -75.610718, 45.430799 ], [ -75.610718, 45.430799 ], [ -75.610718, 45.430799 ], [ -75.610718, 45.430799 ], [ -75.610718, 45.430799 ], [ -75.610718, 45.430799 ], [ -75.610718, 45.430799 ], [ -75.610718, 45.430799 ], [ -75.610718, 45.430799 ], [ -75.610718, 45.430799 ], [ -75.610718, 45.430799 ], [ -75.610718, 45.430799 ], [ -75.610718, 45.430799 ], [ -75.610718, 45.430799 ], [ -75.610718, 45.430799 ], [ -75.610718, 45.430799 ], [ -75.610718, 45.430799 ], [ -75.610718, 45.430799 ], [ -75.610718, 45.430799 ], [ -75.610718, 45.430799 ], [ -75.610718, 45.430799 ], [ -75.610718, 45.430799 ], [ -75.610718, 45.430799 ], [ -75.610718, 45.430799 ], [ -75.610718, 45.430799 ], [ -75.610718, 45.430799 ], [ -75.610718, 45.430799 ], [ -75.610718, 45.430799 ], [ -75.610718, 45.430799 ], [ -75.610718, 45.430799 ], [ -75.610718, 45.430799 ], [ -75.610718, 45.430799 ], [ -75.610718, 45.430799 ], [ -75.610718, 45.430799 ], [ -75.610718, 45.430799 ], [ -75.610718, 45.430799 ], [ -75.610718, 45.430799 ], [ -75.610718, 45.430799 ], [ -75.610718, 45.430799 ], [ -75.610718, 45.430799 ], [ -75.610718, 45.430799 ], [ -75.610718, 45.430799 ], [ -75.610718, 45.430799 ], [ -75.610718, 45.430799 ], [ -75.610718, 45.430799 ], [ -75.610718, 45.430799 ], [ -75.610718, 45.430799 ], [ -75.610718, 45.430799 ], [ -75.610718, 45.430799 ], [ -75.610718, 45.430799 ], [ -75.610718, 45.430799 ], [ -75.610718, 45.430799 ], [ -75.610718, 45.430799 ], [ -75.610718, 45.430799 ], [ -75.610718, 45.430799 ], [ -75.610718, 45.430799 ], [ -75.610718, 45.430799 ], [ -75.610718, 45.430799 ], [ -75.610718, 45.430799 ], [ -75.610718, 45.430799 ], [ -75.610718, 45.430799 ], [ -75.610718, 45.430799 ], [ -75.610718, 45.430799 ], [ -75.610718, 45.430799 ], [ -75.610718, 45.430799 ], [ -75.610718, 45.430799 ], [ -75.610718, 45.430799 ], [ -75.610718, 45.430799 ], [ -75.610718, 45.430799 ], [ -75.610718, 45.430799 ], [ -75.610718, 45.430799 ], [ -75.610718, 45.430799 ], [ -75.610718, 45.430799 ], [ -75.610718, 45.430799 ], [ -75.610718, 45.430799 ], [ -75.610718, 45.430799 ], [ -75.610718, 45.430799 ], [ -75.610718, 45.430799 ], [ -75.610718, 45.430799 ], [ -75.610718, 45.430799 ], [ -75.610718, 45.430799 ], [ -75.610718, 45.430799 ], [ -75.610718, 45.430799 ], [ -75.610718, 45.430799 ], [ -75.610718, 45.430799 ], [ -75.610718, 45.430799 ], [ -75.610718, 45.430799 ], [ -75.610718, 45.430799 ], [ -75.610718, 45.430799 ], [ -75.610718, 45.430799 ], [ -75.610718, 45.430799 ], [ -75.610718, 45.430799 ], [ -75.610718, 45.430799 ], [ -75.610718, 45.430799 ], [ -75.610718, 45.430799 ], [ -75.610718, 45.430799 ], [ -75.610718, 45.430799 ], [ -75.610718, 45.430799 ], [ -75.610718, 45.430799 ], [ -75.610718, 45.430799 ], [ -75.610718, 45.430799 ], [ -75.610718, 45.430799 ], [ -75.610718, 45.430799 ], [ -75.610718, 45.430799 ], [ -75.610718, 45.430799 ], [ -75.610718, 45.430799 ], [ -75.610718, 45.430799 ], [ -75.610718, 45.430799 ], [ -75.610718, 45.430799 ], [ -75.610718, 45.430799 ], [ -75.610718, 45.430799 ], [ -75.610718, 45.430799 ], [ -75.610718, 45.430799 ], [ -75.610718, 45.430799 ], [ -75.610718, 45.430799 ], [ -75.610718, 45.430799 ], [ -75.610718, 45.430799 ], [ -75.610718, 45.430799 ], [ -75.610718, 45.430799 ], [ -75.610718, 45.430799 ], [ -75.610718, 45.430799 ], [ -75.610718, 45.430799 ], [ -75.610718, 45.430799 ], [ -75.610718, 45.430799 ], [ -75.610718, 45.430799 ], [ -75.610718, 45.430799 ], [ -75.610718, 45.430799 ], [ -75.610718, 45.430799 ], [ -75.610718, 45.430799 ], [ -75.610718, 45.430799 ], [ -75.610718, 45.430799 ], [ -75.610718, 45.430799 ], [ -75.610718, 45.430799 ], [ -75.610718, 45.430799 ], [ -75.610718, 45.430799 ], [ -75.610718, 45.430799 ], [ -75.610718, 45.430799 ], [ -75.610718, 45.430799 ], [ -75.610718, 45.430799 ], [ -75.610718, 45.430799 ], [ -75.610718, 45.430799 ], [ -75.610718, 45.430799 ], [ -75.610718, 45.430799 ], [ -75.610718, 45.430799 ], [ -75.610718, 45.430799 ], [ -75.610718, 45.430799 ], [ -75.610718, 45.430799 ], [ -75.610718, 45.430799 ], [ -75.610718, 45.430799 ], [ -75.610718, 45.430799 ], [ -75.610718, 45.430799 ], [ -75.610718, 45.430799 ], [ -75.610718, 45.430799 ], [ -75.610718, 45.430799 ], [ -75.610718, 45.430799 ], [ -75.610718, 45.430799 ], [ -75.610718, 45.430799 ], [ -75.610718, 45.430799 ], [ -75.610718, 45.430799 ], [ -75.610718, 45.430799 ], [ -75.610718, 45.430799 ], [ -75.610718, 45.430799 ], [ -75.610718, 45.430799 ], [ -75.610718, 45.430799 ], [ -75.610718, 45.430799 ], [ -75.610718, 45.430799 ], [ -75.610718, 45.430799 ], [ -75.610718, 45.430799 ], [ -75.610718, 45.430799 ], [ -75.610718, 45.430799 ], [ -75.610718, 45.430799 ], [ -75.610718, 45.430799 ], [ -75.610718, 45.430799 ], [ -75.610718, 45.430799 ], [ -75.610718, 45.430799 ], [ -75.610718, 45.430799 ], [ -75.610718, 45.430799 ], [ -75.610718, 45.430799 ], [ -75.610718, 45.430799 ], [ -75.610718, 45.430799 ], [ -75.610718, 45.430799 ], [ -75.610718, 45.430799 ], [ -75.610718, 45.430799 ], [ -75.610718, 45.430799 ], [ -75.610718, 45.430799 ], [ -75.610718, 45.430799 ], [ -75.610718, 45.430799 ], [ -75.610718, 45.430799 ], [ -75.610718, 45.430799 ], [ -75.610718, 45.430799 ], [ -75.610718, 45.430799 ], [ -75.610718, 45.430799 ], [ -75.610718, 45.430799 ], [ -75.610718, 45.430799 ], [ -75.610718, 45.430799 ], [ -75.610718, 45.430799 ], [ -75.610718, 45.430799 ], [ -75.610718, 45.430799 ], [ -75.610718, 45.430799 ], [ -75.610718, 45.430799 ], [ -75.610718, 45.430799 ], [ -75.610718, 45.430799 ], [ -75.610718, 45.430799 ], [ -75.610718, 45.430799 ], [ -75.610718, 45.430799 ], [ -75.610718, 45.430799 ], [ -75.610718, 45.430799 ], [ -75.610718, 45.430799 ], [ -75.610718, 45.430799 ], [ -75.610718, 45.430799 ], [ -75.610718, 45.430799 ], [ -75.610718, 45.430799 ], [ -75.610718, 45.430799 ], [ -75.610718, 45.430799 ], [ -75.610718, 45.430799 ], [ -75.610718, 45.430799 ], [ -75.610718, 45.430799 ], [ -75.610718, 45.430799 ], [ -75.610718, 45.430799 ], [ -75.610718, 45.430799 ], [ -75.610718, 45.430799 ], [ -75.610718, 45.430799 ], [ -75.610718, 45.430799 ], [ -75.610718, 45.430799 ], [ -75.610718, 45.430799 ], [ -75.610718, 45.430799 ], [ -75.610718, 45.430799 ], [ -75.610718, 45.430799 ], [ -75.610718, 45.430799 ], [ -75.610718, 45.430799 ], [ -75.610718, 45.430799 ], [ -75.610718, 45.430799 ], [ -75.610718, 45.430799 ], [ -75.610718, 45.430799 ], [ -75.610718, 45.430799 ], [ -75.610718, 45.430799 ], [ -75.610718, 45.430799 ], [ -75.610718, 45.430799 ], [ -75.610718, 45.430799 ], [ -75.610718, 45.430799 ], [ -75.610718, 45.430799 ], [ -75.610718, 45.430799 ], [ -75.610718, 45.430799 ], [ -75.610718, 45.430799 ], [ -75.610718, 45.430799 ], [ -75.610718, 45.430799 ], [ -75.610718, 45.430799 ], [ -75.610718, 45.430799 ], [ -75.610718, 45.430799 ], [ -75.610718, 45.430799 ], [ -75.610718, 45.430799 ], [ -75.610718, 45.430799 ], [ -75.610718, 45.430799 ], [ -75.610718, 45.430799 ], [ -75.610718, 45.430799 ], [ -75.610718, 45.430799 ], [ -75.610718, 45.430799 ], [ -75.610718, 45.430799 ], [ -75.610718, 45.430799 ], [ -75.610718, 45.430799 ], [ -75.610718, 45.430799 ], [ -75.610718, 45.430799 ], [ -75.610718, 45.430799 ], [ -75.610718, 45.430799 ], [ -75.610718, 45.430799 ], [ -75.610718, 45.430799 ], [ -75.610718, 45.430799 ], [ -75.610718, 45.430799 ], [ -75.610718, 45.430799 ], [ -75.610718, 45.430799 ], [ -75.610718, 45.430799 ], [ -75.610718, 45.430799 ], [ -75.610718, 45.430799 ], [ -75.610718, 45.430799 ], [ -75.610718, 45.430799 ], [ -75.610718, 45.430799 ], [ -75.610718, 45.430799 ], [ -75.610718, 45.430799 ], [ -75.610718, 45.430799 ], [ -75.610718, 45.430799 ], [ -75.610718, 45.430799 ], [ -75.610718, 45.430799 ], [ -75.610718, 45.430799 ], [ -75.610718, 45.430799 ], [ -75.610718, 45.430799 ], [ -75.610718, 45.430799 ], [ -75.610718, 45.430799 ], [ -75.610718, 45.430799 ], [ -75.610718, 45.430799 ], [ -75.610718, 45.430799 ], [ -75.610718, 45.430799 ], [ -75.610718, 45.430799 ], [ -75.610718, 45.430799 ], [ -75.610718, 45.430799 ], [ -75.610718, 45.430799 ], [ -75.610718, 45.430799 ], [ -75.610718, 45.430799 ], [ -75.610718, 45.430799 ], [ -75.610718, 45.430799 ], [ -75.610718, 45.430799 ], [ -75.610718, 45.430799 ], [ -75.610718, 45.430799 ], [ -75.610718, 45.430799 ], [ -75.610718, 45.430799 ], [ -75.610718, 45.430799 ], [ -75.610718, 45.430799 ], [ -75.610718, 45.430799 ], [ -75.610718, 45.430799 ], [ -75.610718, 45.430799 ], [ -75.610718, 45.430799 ], [ -75.610718, 45.430799 ], [ -75.610718, 45.430799 ], [ -75.610718, 45.430799 ], [ -75.610718, 45.430799 ], [ -75.610718, 45.430799 ], [ -75.610718, 45.430799 ], [ -75.610718, 45.430799 ], [ -75.610718, 45.430799 ], [ -75.610718, 45.430799 ], [ -75.610718, 45.430799 ], [ -75.610718, 45.430799 ], [ -75.610718, 45.430799 ], [ -75.610718, 45.430799 ], [ -75.610718, 45.430799 ], [ -75.610718, 45.430799 ], [ -75.610718, 45.430799 ], [ -75.610718, 45.430799 ], [ -75.610718, 45.430799 ], [ -75.610718, 45.430799 ], [ -75.610718, 45.430799 ], [ -75.610718, 45.430799 ], [ -75.610718, 45.430799 ], [ -75.610718, 45.430799 ], [ -75.610718, 45.430799 ], [ -75.610718, 45.430799 ], [ -75.610718, 45.430799 ], [ -75.610718, 45.430799 ], [ -75.610718, 45.430799 ], [ -75.610718, 45.430799 ], [ -75.610718, 45.430799 ], [ -75.610718, 45.430799 ], [ -75.610718, 45.430799 ], [ -75.610718, 45.430799 ], [ -75.610718, 45.430799 ], [ -75.610718, 45.430799 ], [ -75.610718, 45.430799 ], [ -75.610718, 45.430799 ], [ -75.610718, 45.430799 ], [ -75.610718, 45.430799 ], [ -75.610718, 45.430799 ], [ -75.610718, 45.430799 ], [ -75.610718, 45.430799 ], [ -75.610718, 45.430799 ], [ -75.610718, 45.430799 ], [ -75.610718, 45.430799 ], [ -75.610718, 45.430799 ], [ -75.610718, 45.430799 ], [ -75.610718, 45.430799 ], [ -75.610718, 45.430799 ], [ -75.610718, 45.430799 ], [ -75.610718, 45.430799 ], [ -75.610718, 45.430799 ], [ -75.610718, 45.430799 ], [ -75.610718, 45.430799 ], [ -75.610718, 45.430799 ], [ -75.610718, 45.430799 ], [ -75.610718, 45.430799 ], [ -75.610718, 45.430799 ], [ -75.610718, 45.430799 ], [ -75.610718, 45.430799 ], [ -75.610718, 45.430799 ], [ -75.610718, 45.430799 ], [ -75.610718, 45.430799 ], [ -75.610718, 45.430799 ], [ -75.610718, 45.430799 ], [ -75.610718, 45.430799 ], [ -75.610718, 45.430799 ], [ -75.610718, 45.430799 ], [ -75.610718, 45.430799 ], [ -75.610718, 45.430799 ], [ -75.610718, 45.430799 ], [ -75.610718, 45.430799 ], [ -75.610718, 45.430799 ], [ -75.610718, 45.430799 ], [ -75.610718, 45.430799 ], [ -75.610718, 45.430799 ], [ -75.610718, 45.430799 ], [ -75.610718, 45.430799 ], [ -75.610718, 45.430799 ], [ -75.610718, 45.430799 ], [ -75.610718, 45.430799 ], [ -75.610718, 45.430799 ], [ -75.610718, 45.430799 ], [ -75.610718, 45.430799 ], [ -75.610718, 45.430799 ], [ -75.610718, 45.430799 ], [ -75.610718, 45.430799 ], [ -75.610718, 45.430799 ], [ -75.610718, 45.430799 ], [ -75.610718, 45.430799 ], [ -75.610718, 45.430799 ], [ -75.610718, 45.430799 ], [ -75.610718, 45.430799 ], [ -75.610718, 45.430799 ], [ -75.610718, 45.430799 ], [ -75.610718, 45.430799 ], [ -75.610718, 45.430799 ], [ -75.610718, 45.430799 ], [ -75.610718, 45.430799 ], [ -75.610718, 45.430799 ], [ -75.610718, 45.430799 ], [ -75.610718, 45.430799 ], [ -75.610718, 45.430799 ], [ -75.610718, 45.430799 ], [ -75.610718, 45.430799 ], [ -75.610718, 45.430799 ], [ -75.610718, 45.430799 ], [ -75.610718, 45.430799 ], [ -75.610718, 45.430799 ], [ -75.610718, 45.430799 ], [ -75.610718, 45.430799 ], [ -75.610718, 45.430799 ], [ -75.610718, 45.430799 ], [ -75.610718, 45.430799 ], [ -75.610718, 45.430799 ], [ -75.610718, 45.430799 ], [ -75.610718, 45.430799 ], [ -75.610718, 45.430799 ], [ -75.610718, 45.430799 ], [ -75.610718, 45.430799 ], [ -75.610718, 45.430799 ], [ -75.610718, 45.430799 ], [ -75.610718, 45.430799 ], [ -75.610718, 45.430799 ], [ -75.610718, 45.430799 ], [ -75.610718, 45.430799 ], [ -75.610718, 45.430799 ], [ -75.610718, 45.430799 ], [ -75.610718, 45.430799 ], [ -75.610718, 45.430799 ], [ -75.610718, 45.430799 ], [ -75.610718, 45.430799 ], [ -75.610718, 45.430799 ], [ -75.610718, 45.430799 ], [ -75.610718, 45.430799 ], [ -75.610718, 45.430799 ], [ -75.610718, 45.430799 ], [ -75.610718, 45.430799 ], [ -75.610718, 45.430799 ], [ -75.610718, 45.430799 ], [ -75.610718, 45.430799 ], [ -75.610718, 45.430799 ], [ -75.610718, 45.430799 ], [ -75.610718, 45.430799 ], [ -75.610718, 45.430799 ], [ -75.610718, 45.430799 ], [ -75.610718, 45.430799 ], [ -75.610718, 45.430799 ], [ -75.610718, 45.430799 ], [ -75.610718, 45.430799 ], [ -75.610718, 45.430799 ], [ -75.610718, 45.430799 ], [ -75.610718, 45.430799 ], [ -75.610718, 45.430799 ], [ -75.610718, 45.430799 ], [ -75.610718, 45.430799 ], [ -75.610718, 45.430799 ], [ -75.610718, 45.430799 ], [ -75.610718, 45.430799 ], [ -75.610718, 45.430799 ], [ -75.610718, 45.430799 ], [ -75.610718, 45.430799 ], [ -75.610718, 45.430799 ], [ -75.610718, 45.430799 ], [ -75.610718, 45.430799 ], [ -75.610718, 45.430799 ], [ -75.610718, 45.430799 ], [ -75.610718, 45.430799 ], [ -75.610718, 45.430799 ], [ -75.610718, 45.430799 ], [ -75.610718, 45.430799 ], [ -75.610718, 45.430799 ], [ -75.610718, 45.430799 ], [ -75.610718, 45.430799 ], [ -75.610718, 45.430799 ], [ -75.610718, 45.430799 ], [ -75.610718, 45.430799 ], [ -75.610718, 45.430799 ], [ -75.610718, 45.430799 ], [ -75.610718, 45.430799 ], [ -75.610718, 45.430799 ], [ -75.610718, 45.430799 ], [ -75.610718, 45.430799 ], [ -75.610718, 45.430799 ], [ -75.610718, 45.430799 ], [ -75.610718, 45.430799 ], [ -75.610718, 45.430799 ], [ -75.610718, 45.430799 ], [ -75.610718, 45.430799 ], [ -75.610718, 45.430799 ], [ -75.610718, 45.430799 ], [ -75.610718, 45.430799 ], [ -75.610718, 45.430799 ], [ -75.610718, 45.430799 ], [ -75.610718, 45.430799 ], [ -75.610718, 45.430799 ], [ -75.610718, 45.430799 ], [ -75.610718, 45.430799 ], [ -75.610718, 45.430799 ], [ -75.610718, 45.430799 ], [ -75.610718, 45.430799 ], [ -75.610718, 45.430799 ], [ -75.610718, 45.430799 ], [ -75.610718, 45.430799 ], [ -75.610718, 45.430799 ], [ -75.610718, 45.430799 ], [ -75.610718, 45.430799 ], [ -75.610718, 45.430799 ], [ -75.610718, 45.430799 ], [ -75.610718, 45.430799 ], [ -75.610718, 45.430799 ], [ -75.610718, 45.430799 ], [ -75.610718, 45.430799 ], [ -75.610718, 45.430799 ], [ -75.610718, 45.430799 ], [ -75.610718, 45.430799 ], [ -75.610718, 45.430799 ], [ -75.610718, 45.430799 ], [ -75.610718, 45.430799 ], [ -75.610718, 45.430799 ], [ -75.610718, 45.430799 ], [ -75.610718, 45.430799 ], [ -75.610718, 45.430799 ], [ -75.610718, 45.430799 ], [ -75.610718, 45.430799 ], [ -75.610718, 45.430799 ], [ -75.610718, 45.430799 ], [ -75.610718, 45.430799 ], [ -75.610718, 45.430799 ], [ -75.610718, 45.430799 ], [ -75.610718, 45.430799 ], [ -75.610718, 45.430799 ], [ -75.610718, 45.430799 ], [ -75.610718, 45.430799 ], [ -75.610718, 45.430799 ], [ -75.610718, 45.430799 ], [ -75.610718, 45.430799 ], [ -75.610718, 45.430799 ], [ -75.610718, 45.430799 ], [ -75.610718, 45.430799 ], [ -75.610718, 45.430799 ], [ -75.610718, 45.430799 ], [ -75.610718, 45.430799 ], [ -75.610718, 45.430799 ], [ -75.610718, 45.430799 ], [ -75.610718, 45.430799 ], [ -75.610718, 45.430799 ], [ -75.610718, 45.430799 ], [ -75.610718, 45.430799 ], [ -75.610718, 45.430799 ], [ -75.610718, 45.430799 ], [ -75.610718, 45.430799 ], [ -75.610718, 45.430799 ], [ -75.610718, 45.430799 ], [ -75.610718, 45.430799 ], [ -75.610718, 45.430799 ], [ -75.610718, 45.430799 ], [ -75.610718, 45.430799 ], [ -75.610718, 45.430799 ], [ -75.610718, 45.430799 ], [ -75.610718, 45.430799 ], [ -75.610718, 45.430799 ], [ -75.610718, 45.430799 ], [ -75.610718, 45.430799 ], [ -75.610718, 45.430799 ], [ -75.610718, 45.430799 ], [ -75.610718, 45.430799 ], [ -75.610718, 45.430799 ], [ -75.610718, 45.430799 ], [ -75.610718, 45.430799 ], [ -75.610718, 45.430799 ], [ -75.610718, 45.430799 ], [ -75.610718, 45.430799 ], [ -75.610718, 45.430799 ], [ -75.610718, 45.430799 ], [ -75.610718, 45.430799 ], [ -75.610718, 45.430799 ], [ -75.610718, 45.430799 ], [ -75.610718, 45.430799 ], [ -75.610718, 45.430799 ], [ -75.610718, 45.430799 ], [ -75.610718, 45.430799 ], [ -75.610718, 45.430799 ], [ -75.610718, 45.430799 ], [ -75.610718, 45.430799 ], [ -75.610718, 45.430799 ], [ -75.610718, 45.430799 ], [ -75.610718, 45.430799 ], [ -75.610718, 45.430799 ], [ -75.610718, 45.430799 ], [ -75.610718, 45.430799 ], [ -75.610718, 45.430799 ], [ -75.610718, 45.430799 ], [ -75.610718, 45.430799 ], [ -75.610718, 45.430799 ], [ -75.610718, 45.430799 ], [ -75.610718, 45.430799 ], [ -75.610718, 45.430799 ], [ -75.610718, 45.430799 ], [ -75.610718, 45.430799 ], [ -75.610718, 45.430799 ], [ -75.610718, 45.430799 ], [ -75.610718, 45.430799 ], [ -75.610718, 45.430799 ], [ -75.610718, 45.430799 ], [ -75.610718, 45.430799 ], [ -75.610718, 45.430799 ], [ -75.610718, 45.430799 ], [ -75.610718, 45.430799 ], [ -75.610718, 45.430799 ], [ -75.610718, 45.430799 ], [ -75.610718, 45.430799 ], [ -75.610718, 45.430799 ], [ -75.610718, 45.430799 ], [ -75.610718, 45.430799 ], [ -75.610718, 45.430799 ], [ -75.610718, 45.430799 ], [ -75.610718, 45.430799 ], [ -75.610718, 45.430799 ], [ -75.610718, 45.430799 ], [ -75.610718, 45.430799 ], [ -75.610718, 45.430799 ], [ -75.610718, 45.430799 ], [ -75.610718, 45.430799 ], [ -75.610718, 45.430799 ], [ -75.610718, 45.430799 ], [ -75.610718, 45.430799 ], [ -75.610718, 45.430799 ], [ -75.610718, 45.430799 ], [ -75.610718, 45.430799 ], [ -75.610718, 45.430799 ], [ -75.610718, 45.430799 ], [ -75.610718, 45.430799 ], [ -75.610718, 45.430799 ], [ -75.610718, 45.430799 ], [ -75.610718, 45.430799 ], [ -75.610718, 45.430799 ], [ -75.610718, 45.430799 ], [ -75.610718, 45.430799 ], [ -75.610718, 45.430799 ], [ -75.610718, 45.430799 ], [ -75.610718, 45.430799 ], [ -75.610718, 45.430799 ], [ -75.610718, 45.430799 ], [ -75.610718, 45.430799 ], [ -75.610718, 45.430799 ], [ -75.610718, 45.430799 ], [ -75.610718, 45.430799 ], [ -75.610718, 45.430799 ], [ -75.610718, 45.430799 ], [ -75.610718, 45.430799 ], [ -75.610718, 45.430799 ], [ -75.610718, 45.430799 ], [ -75.610718, 45.430799 ], [ -75.610718, 45.430799 ], [ -75.610718, 45.430799 ], [ -75.610718, 45.430799 ], [ -75.610718, 45.430799 ], [ -75.610718, 45.430799 ], [ -75.610718, 45.430799 ], [ -75.610718, 45.430799 ], [ -75.610718, 45.430799 ], [ -75.610718, 45.430799 ], [ -75.610718, 45.430799 ], [ -75.610718, 45.430799 ], [ -75.610718, 45.430799 ], [ -75.610718, 45.430799 ], [ -75.610718, 45.430799 ], [ -75.610718, 45.430799 ], [ -75.610718, 45.430799 ], [ -75.610718, 45.430799 ], [ -75.610718, 45.430799 ], [ -75.610718, 45.430799 ], [ -75.610718, 45.430799 ], [ -75.610718, 45.430799 ], [ -75.610718, 45.430799 ], [ -75.610718, 45.430799 ], [ -75.610718, 45.430799 ], [ -75.610718, 45.430799 ], [ -75.610718, 45.430799 ], [ -75.610718, 45.430799 ], [ -75.610718, 45.430799 ], [ -75.610718, 45.430799 ], [ -75.610718, 45.430799 ], [ -75.610718, 45.430799 ], [ -75.610718, 45.430799 ], [ -75.610718, 45.430799 ], [ -75.610718, 45.430799 ], [ -75.610718, 45.430799 ], [ -75.610718, 45.430799 ], [ -75.610718, 45.430799 ], [ -75.610718, 45.430799 ], [ -75.610718, 45.430799 ], [ -75.610718, 45.430799 ], [ -75.610718, 45.430799 ], [ -75.610718, 45.430799 ], [ -75.610718, 45.430799 ], [ -75.610718, 45.430799 ], [ -75.610718, 45.430799 ], [ -75.610718, 45.430799 ], [ -75.610718, 45.430799 ], [ -75.610718, 45.430799 ], [ -75.610718, 45.430799 ], [ -75.610718, 45.430799 ], [ -75.610718, 45.430799 ], [ -75.610718, 45.430799 ], [ -75.610718, 45.430799 ], [ -75.610718, 45.430799 ], [ -75.610718, 45.430799 ], [ -75.610718, 45.430799 ], [ -75.610718, 45.430799 ], [ -75.610718, 45.430799 ], [ -75.610718, 45.430799 ], [ -75.610718, 45.430799 ], [ -75.610718, 45.430799 ], [ -75.610718, 45.430799 ], [ -75.610718, 45.430799 ], [ -75.610718, 45.430799 ], [ -75.610498, 45.430822 ], [ -75.610166, 45.43095 ], [ -75.609844, 45.430589 ], [ -75.609517, 45.430596 ], [ -75.607384, 45.432115 ], [ -75.607588, 45.432379 ], [ -75.607352, 45.432688 ], [ -75.607846, 45.432906 ], [ -75.608082, 45.432838 ], [ -75.608125, 45.432515 ], [ -75.607577, 45.432319 ], [ -75.607567, 45.432138 ], [ -75.608865, 45.43121 ], [ -75.610002, 45.430843 ], [ -75.610088, 45.430986 ], [ -75.61051, 45.43083 ], [ -75.61065, 45.43081 ], [ -75.61065, 45.43081 ], [ -75.61065, 45.43081 ], [ -75.61065, 45.43081 ], [ -75.61065, 45.43081 ], [ -75.61065, 45.43081 ], [ -75.61065, 45.43081 ], [ -75.61065, 45.43081 ], [ -75.61065, 45.43081 ], [ -75.61065, 45.43081 ], [ -75.61065, 45.43081 ], [ -75.61065, 45.43081 ], [ -75.61065, 45.43081 ], [ -75.61065, 45.43081 ], [ -75.61065, 45.43081 ], [ -75.61065, 45.43081 ], [ -75.61065, 45.43081 ], [ -75.61065, 45.43081 ], [ -75.61065, 45.43081 ], [ -75.61065, 45.43081 ], [ -75.61065, 45.43081 ], [ -75.61065, 45.43081 ], [ -75.61065, 45.43081 ], [ -75.61065, 45.43081 ], [ -75.61065, 45.43081 ], [ -75.61065, 45.43081 ], [ -75.61065, 45.43081 ], [ -75.61065, 45.43081 ], [ -75.61065, 45.43081 ], [ -75.61065, 45.43081 ], [ -75.61065, 45.43081 ], [ -75.61065, 45.43081 ], [ -75.61065, 45.43081 ], [ -75.61065, 45.43081 ], [ -75.61065, 45.43081 ], [ -75.61065, 45.43081 ], [ -75.61065, 45.43081 ], [ -75.61065, 45.43081 ], [ -75.61065, 45.43081 ], [ -75.61065, 45.43081 ], [ -75.61065, 45.43081 ], [ -75.61065, 45.43081 ], [ -75.61065, 45.43081 ], [ -75.61065, 45.43081 ], [ -75.61065, 45.43081 ], [ -75.61065, 45.43081 ], [ -75.61065, 45.43081 ], [ -75.61065, 45.43081 ], [ -75.61065, 45.43081 ], [ -75.61065, 45.43081 ], [ -75.61065, 45.43081 ], [ -75.61065, 45.43081 ], [ -75.61065, 45.43081 ], [ -75.61065, 45.43081 ], [ -75.61065, 45.43081 ], [ -75.61065, 45.43081 ], [ -75.61065, 45.43081 ], [ -75.61065, 45.43081 ], [ -75.61065, 45.43081 ], [ -75.61065, 45.43081 ], [ -75.61065, 45.43081 ], [ -75.61065, 45.43081 ], [ -75.61065, 45.43081 ], [ -75.61065, 45.43081 ], [ -75.61065, 45.43081 ], [ -75.61065, 45.43081 ], [ -75.61065, 45.43081 ], [ -75.61065, 45.43081 ], [ -75.61065, 45.43081 ], [ -75.61065, 45.43081 ], [ -75.61065, 45.43081 ], [ -75.61065, 45.43081 ], [ -75.61065, 45.43081 ], [ -75.61065, 45.43081 ], [ -75.61065, 45.43081 ], [ -75.61065, 45.43081 ], [ -75.61065, 45.43081 ], [ -75.61065, 45.43081 ], [ -75.61065, 45.43081 ], [ -75.61065, 45.43081 ], [ -75.61065, 45.43081 ], [ -75.61065, 45.43081 ], [ -75.61065, 45.43081 ], [ -75.61065, 45.43081 ], [ -75.61065, 45.43081 ], [ -75.61065, 45.43081 ], [ -75.61065, 45.43081 ], [ -75.61065, 45.43081 ], [ -75.61065, 45.43081 ], [ -75.61065, 45.43081 ], [ -75.61065, 45.43081 ], [ -75.61065, 45.43081 ], [ -75.61065, 45.43081 ], [ -75.61065, 45.43081 ], [ -75.61065, 45.43081 ], [ -75.61065, 45.43081 ], [ -75.61065, 45.43081 ], [ -75.61065, 45.43081 ], [ -75.61065, 45.43081 ], [ -75.61065, 45.43081 ], [ -75.61065, 45.43081 ], [ -75.61065, 45.43081 ], [ -75.61065, 45.43081 ], [ -75.61065, 45.43081 ], [ -75.61065, 45.43081 ], [ -75.61065, 45.43081 ], [ -75.61065, 45.43081 ], [ -75.61065, 45.43081 ], [ -75.61065, 45.43081 ], [ -75.61065, 45.43081 ], [ -75.61065, 45.43081 ], [ -75.61065, 45.43081 ], [ -75.61065, 45.43081 ], [ -75.61065, 45.43081 ], [ -75.61065, 45.43081 ], [ -75.61065, 45.43081 ], [ -75.61065, 45.43081 ], [ -75.61065, 45.43081 ], [ -75.61065, 45.43081 ], [ -75.61065, 45.43081 ], [ -75.61065, 45.43081 ], [ -75.61065, 45.43081 ], [ -75.61065, 45.43081 ], [ -75.61065, 45.43081 ], [ -75.61065, 45.43081 ], [ -75.61065, 45.43081 ], [ -75.61065, 45.43081 ], [ -75.61065, 45.43081 ], [ -75.61065, 45.43081 ], [ -75.61065, 45.43081 ], [ -75.61065, 45.43081 ], [ -75.61065, 45.43081 ], [ -75.61065, 45.43081 ], [ -75.61065, 45.43081 ], [ -75.61065, 45.43081 ], [ -75.61065, 45.43081 ], [ -75.61065, 45.43081 ], [ -75.61065, 45.43081 ], [ -75.61065, 45.43081 ], [ -75.61065, 45.43081 ], [ -75.61065, 45.43081 ], [ -75.61065, 45.43081 ], [ -75.61065, 45.43081 ], [ -75.61065, 45.43081 ], [ -75.61065, 45.43081 ], [ -75.61065, 45.43081 ], [ -75.61065, 45.43081 ], [ -75.61065, 45.43081 ], [ -75.61065, 45.43081 ], [ -75.61065, 45.43081 ], [ -75.61065, 45.43081 ], [ -75.61065, 45.43081 ], [ -75.61065, 45.43081 ], [ -75.61065, 45.43081 ], [ -75.61065, 45.43081 ], [ -75.61065, 45.43081 ], [ -75.61065, 45.43081 ], [ -75.61065, 45.43081 ], [ -75.61065, 45.43081 ], [ -75.61065, 45.43081 ], [ -75.61065, 45.43081 ], [ -75.61065, 45.43081 ], [ -75.61065, 45.43081 ], [ -75.61065, 45.43081 ], [ -75.61065, 45.43081 ], [ -75.61065, 45.43081 ], [ -75.61065, 45.43081 ], [ -75.61065, 45.43081 ], [ -75.61065, 45.43081 ], [ -75.61065, 45.43081 ], [ -75.61065, 45.43081 ], [ -75.61065, 45.43081 ], [ -75.61065, 45.43081 ], [ -75.61065, 45.43081 ], [ -75.61065, 45.43081 ], [ -75.61065, 45.43081 ], [ -75.61065, 45.43081 ], [ -75.61065, 45.43081 ], [ -75.61065, 45.43081 ], [ -75.61065, 45.43081 ], [ -75.61065, 45.43081 ], [ -75.61065, 45.43081 ], [ -75.61065, 45.43081 ], [ -75.61065, 45.43081 ], [ -75.61065, 45.43081 ], [ -75.61065, 45.43081 ], [ -75.61065, 45.43081 ], [ -75.61065, 45.43081 ], [ -75.61065, 45.43081 ], [ -75.61065, 45.43081 ], [ -75.61065, 45.43081 ], [ -75.61065, 45.43081 ], [ -75.61065, 45.43081 ], [ -75.61065, 45.43081 ], [ -75.61065, 45.43081 ], [ -75.61065, 45.43081 ], [ -75.61065, 45.43081 ], [ -75.61065, 45.43081 ], [ -75.61065, 45.43081 ], [ -75.61065, 45.43081 ], [ -75.61065, 45.43081 ], [ -75.61065, 45.43081 ], [ -75.61065, 45.43081 ], [ -75.61065, 45.43081 ], [ -75.61065, 45.43081 ], [ -75.61065, 45.43081 ], [ -75.61065, 45.43081 ], [ -75.61065, 45.43081 ], [ -75.61065, 45.43081 ], [ -75.61065, 45.43081 ], [ -75.61065, 45.43081 ], [ -75.61065, 45.43081 ], [ -75.61065, 45.43081 ], [ -75.61065, 45.43081 ], [ -75.61065, 45.43081 ], [ -75.61065, 45.43081 ], [ -75.61065, 45.43081 ], [ -75.61065, 45.43081 ], [ -75.61065, 45.43081 ], [ -75.61065, 45.43081 ], [ -75.61065, 45.43081 ], [ -75.61065, 45.43081 ], [ -75.61065, 45.43081 ], [ -75.61065, 45.43081 ], [ -75.61065, 45.43081 ], [ -75.61065, 45.43081 ], [ -75.61065, 45.43081 ], [ -75.61065, 45.43081 ], [ -75.61065, 45.43081 ], [ -75.61065, 45.43081 ], [ -75.61065, 45.43081 ], [ -75.61065, 45.43081 ], [ -75.61065, 45.43081 ], [ -75.61065, 45.43081 ], [ -75.61065, 45.43081 ], [ -75.61065, 45.43081 ], [ -75.61065, 45.43081 ], [ -75.61065, 45.43081 ], [ -75.61065, 45.43081 ], [ -75.61065, 45.43081 ], [ -75.61065, 45.43081 ], [ -75.61065, 45.43081 ], [ -75.61065, 45.43081 ], [ -75.61065, 45.43081 ], [ -75.61065, 45.43081 ], [ -75.61065, 45.43081 ], [ -75.61065, 45.43081 ], [ -75.61065, 45.43081 ], [ -75.61065, 45.43081 ], [ -75.61065, 45.43081 ], [ -75.61065, 45.43081 ], [ -75.61065, 45.43081 ], [ -75.61065, 45.43081 ], [ -75.61065, 45.43081 ], [ -75.61065, 45.43081 ], [ -75.61065, 45.43081 ], [ -75.61065, 45.43081 ], [ -75.61065, 45.43081 ], [ -75.61065, 45.43081 ], [ -75.61065, 45.43081 ], [ -75.61065, 45.43081 ], [ -75.61065, 45.43081 ], [ -75.61065, 45.43081 ], [ -75.61065, 45.43081 ], [ -75.61065, 45.43081 ], [ -75.61065, 45.43081 ], [ -75.61065, 45.43081 ], [ -75.61065, 45.43081 ], [ -75.61065, 45.43081 ], [ -75.61065, 45.43081 ], [ -75.61065, 45.43081 ], [ -75.61065, 45.43081 ], [ -75.61065, 45.43081 ], [ -75.61065, 45.43081 ], [ -75.61065, 45.43081 ], [ -75.61065, 45.43081 ], [ -75.61065, 45.43081 ], [ -75.61065, 45.43081 ], [ -75.61065, 45.43081 ], [ -75.61065, 45.43081 ], [ -75.61065, 45.43081 ], [ -75.61065, 45.43081 ], [ -75.61065, 45.43081 ], [ -75.61065, 45.43081 ], [ -75.61065, 45.43081 ], [ -75.61065, 45.43081 ], [ -75.61065, 45.43081 ], [ -75.61065, 45.43081 ], [ -75.61065, 45.43081 ], [ -75.61065, 45.43081 ], [ -75.61065, 45.43081 ], [ -75.61065, 45.43081 ], [ -75.61065, 45.43081 ], [ -75.61065, 45.43081 ], [ -75.61065, 45.43081 ], [ -75.61065, 45.43081 ], [ -75.61065, 45.43081 ], [ -75.61065, 45.43081 ], [ -75.61065, 45.43081 ], [ -75.61065, 45.43081 ], [ -75.61065, 45.43081 ], [ -75.61065, 45.43081 ], [ -75.61065, 45.43081 ], [ -75.61065, 45.43081 ], [ -75.61065, 45.43081 ], [ -75.61065, 45.43081 ], [ -75.61065, 45.43081 ], [ -75.61065, 45.43081 ], [ -75.61065, 45.43081 ], [ -75.61065, 45.43081 ], [ -75.61065, 45.43081 ], [ -75.61065, 45.43081 ], [ -75.61065, 45.43081 ], [ -75.61065, 45.43081 ], [ -75.61065, 45.43081 ], [ -75.61065, 45.43081 ], [ -75.61065, 45.43081 ], [ -75.61065, 45.43081 ], [ -75.61065, 45.43081 ], [ -75.61065, 45.43081 ], [ -75.61065, 45.43081 ], [ -75.61065, 45.43081 ], [ -75.61065, 45.43081 ], [ -75.61065, 45.43081 ], [ -75.61065, 45.43081 ], [ -75.61065, 45.43081 ], [ -75.61065, 45.43081 ], [ -75.61065, 45.43081 ], [ -75.61065, 45.43081 ], [ -75.61065, 45.43081 ], [ -75.61065, 45.43081 ], [ -75.61065, 45.43081 ], [ -75.61065, 45.43081 ], [ -75.61065, 45.43081 ], [ -75.61065, 45.43081 ], [ -75.61065, 45.43081 ], [ -75.61065, 45.43081 ], [ -75.61065, 45.43081 ], [ -75.61065, 45.43081 ], [ -75.61065, 45.43081 ], [ -75.61065, 45.43081 ], [ -75.61065, 45.43081 ], [ -75.61065, 45.43081 ], [ -75.61065, 45.43081 ], [ -75.61065, 45.43081 ], [ -75.61065, 45.43081 ], [ -75.61065, 45.43081 ], [ -75.61065, 45.43081 ], [ -75.61065, 45.43081 ], [ -75.61065, 45.43081 ], [ -75.61065, 45.43081 ], [ -75.61065, 45.43081 ], [ -75.61065, 45.43081 ], [ -75.61065, 45.43081 ], [ -75.61065, 45.43081 ], [ -75.61065, 45.43081 ], [ -75.61065, 45.43081 ], [ -75.61065, 45.43081 ], [ -75.61065, 45.43081 ], [ -75.61065, 45.43081 ], [ -75.61065, 45.43081 ], [ -75.61065, 45.43081 ], [ -75.61065, 45.43081 ], [ -75.61065, 45.43081 ], [ -75.61065, 45.43081 ], [ -75.61065, 45.43081 ], [ -75.61065, 45.43081 ], [ -75.61065, 45.43081 ], [ -75.61065, 45.43081 ], [ -75.61065, 45.43081 ], [ -75.61065, 45.43081 ], [ -75.61065, 45.43081 ], [ -75.61065, 45.43081 ], [ -75.61065, 45.43081 ], [ -75.61065, 45.43081 ], [ -75.61065, 45.43081 ], [ -75.61065, 45.43081 ], [ -75.61065, 45.43081 ], [ -75.61065, 45.43081 ], [ -75.61065, 45.43081 ], [ -75.61065, 45.43081 ], [ -75.61065, 45.43081 ], [ -75.61065, 45.43081 ], [ -75.61065, 45.43081 ], [ -75.61065, 45.43081 ], [ -75.61065, 45.43081 ], [ -75.61065, 45.43081 ], [ -75.61065, 45.43081 ], [ -75.61065, 45.43081 ], [ -75.61065, 45.43081 ], [ -75.61065, 45.43081 ], [ -75.61065, 45.43081 ], [ -75.61065, 45.43081 ], [ -75.61065, 45.43081 ], [ -75.61065, 45.43081 ], [ -75.61065, 45.43081 ], [ -75.61065, 45.43081 ], [ -75.61065, 45.43081 ], [ -75.61065, 45.43081 ], [ -75.61065, 45.43081 ], [ -75.61065, 45.43081 ], [ -75.61065, 45.43081 ], [ -75.61065, 45.43081 ], [ -75.61065, 45.43081 ], [ -75.61065, 45.43081 ], [ -75.61065, 45.43081 ], [ -75.61065, 45.43081 ], [ -75.61065, 45.43081 ], [ -75.61065, 45.43081 ], [ -75.61065, 45.43081 ], [ -75.61065, 45.43081 ], [ -75.61065, 45.43081 ], [ -75.61065, 45.43081 ], [ -75.61065, 45.43081 ], [ -75.61065, 45.43081 ], [ -75.61065, 45.43081 ], [ -75.61065, 45.43081 ], [ -75.61065, 45.43081 ], [ -75.61065, 45.43081 ], [ -75.61065, 45.43081 ], [ -75.61065, 45.43081 ], [ -75.61065, 45.43081 ], [ -75.61065, 45.43081 ], [ -75.61065, 45.43081 ], [ -75.61065, 45.43081 ], [ -75.61065, 45.43081 ], [ -75.61065, 45.43081 ], [ -75.61065, 45.43081 ], [ -75.61065, 45.43081 ], [ -75.61065, 45.43081 ], [ -75.61065, 45.43081 ], [ -75.61065, 45.43081 ], [ -75.61065, 45.43081 ], [ -75.61065, 45.43081 ], [ -75.61065, 45.43081 ], [ -75.61065, 45.43081 ], [ -75.61065, 45.43081 ], [ -75.61065, 45.43081 ], [ -75.61065, 45.43081 ], [ -75.61065, 45.43081 ], [ -75.61065, 45.43081 ], [ -75.61065, 45.43081 ], [ -75.61065, 45.43081 ], [ -75.61065, 45.43081 ], [ -75.61065, 45.43081 ], [ -75.61065, 45.43081 ], [ -75.61065, 45.43081 ], [ -75.61065, 45.43081 ], [ -75.61065, 45.43081 ], [ -75.61065, 45.43081 ], [ -75.61065, 45.43081 ], [ -75.61065, 45.43081 ], [ -75.61065, 45.43081 ], [ -75.61065, 45.43081 ], [ -75.61065, 45.43081 ], [ -75.61065, 45.43081 ], [ -75.61065, 45.43081 ], [ -75.61065, 45.43081 ], [ -75.61065, 45.43081 ], [ -75.61065, 45.43081 ], [ -75.61065, 45.43081 ], [ -75.61065, 45.43081 ], [ -75.61065, 45.43081 ], [ -75.61065, 45.43081 ], [ -75.61065, 45.43081 ], [ -75.61065, 45.43081 ], [ -75.61065, 45.43081 ], [ -75.61065, 45.43081 ], [ -75.61065, 45.43081 ], [ -75.61065, 45.43081 ], [ -75.61065, 45.43081 ], [ -75.61065, 45.43081 ], [ -75.61065, 45.43081 ], [ -75.61065, 45.43081 ], [ -75.61065, 45.43081 ], [ -75.61065, 45.43081 ], [ -75.61065, 45.43081 ], [ -75.61065, 45.43081 ], [ -75.61065, 45.43081 ], [ -75.61065, 45.43081 ], [ -75.61065, 45.43081 ], [ -75.61065, 45.43081 ], [ -75.61065, 45.43081 ], [ -75.61065, 45.43081 ], [ -75.61065, 45.43081 ], [ -75.61065, 45.43081 ], [ -75.61065, 45.43081 ], [ -75.61065, 45.43081 ], [ -75.61065, 45.43081 ], [ -75.61065, 45.43081 ], [ -75.61065, 45.43081 ], [ -75.61065, 45.43081 ], [ -75.61065, 45.43081 ], [ -75.61065, 45.43081 ], [ -75.61065, 45.43081 ], [ -75.61065, 45.43081 ], [ -75.61065, 45.43081 ], [ -75.61065, 45.43081 ], [ -75.61065, 45.43081 ], [ -75.61065, 45.43081 ], [ -75.61065, 45.43081 ], [ -75.61065, 45.43081 ], [ -75.61065, 45.43081 ], [ -75.61065, 45.43081 ], [ -75.61065, 45.43081 ], [ -75.61065, 45.43081 ], [ -75.61065, 45.43081 ], [ -75.61065, 45.43081 ], [ -75.61065, 45.43081 ], [ -75.61065, 45.43081 ], [ -75.61065, 45.43081 ], [ -75.61065, 45.43081 ], [ -75.61065, 45.43081 ], [ -75.61065, 45.43081 ], [ -75.61065, 45.43081 ], [ -75.61065, 45.43081 ], [ -75.61065, 45.43081 ], [ -75.61065, 45.43081 ], [ -75.61065, 45.43081 ], [ -75.61065, 45.43081 ], [ -75.61065, 45.43081 ], [ -75.61065, 45.43081 ], [ -75.61065, 45.43081 ], [ -75.61065, 45.43081 ], [ -75.61065, 45.43081 ], [ -75.61065, 45.43081 ], [ -75.61065, 45.43081 ], [ -75.61065, 45.43081 ], [ -75.61065, 45.43081 ], [ -75.61065, 45.43081 ], [ -75.61065, 45.43081 ], [ -75.61065, 45.43081 ], [ -75.61065, 45.43081 ], [ -75.61065, 45.43081 ], [ -75.61065, 45.43081 ], [ -75.61065, 45.43081 ], [ -75.61065, 45.43081 ], [ -75.61065, 45.43081 ], [ -75.61065, 45.43081 ], [ -75.61065, 45.43081 ], [ -75.61065, 45.43081 ], [ -75.61065, 45.43081 ], [ -75.61065, 45.43081 ], [ -75.61065, 45.43081 ], [ -75.61065, 45.43081 ], [ -75.61065, 45.43081 ], [ -75.61065, 45.43081 ], [ -75.61065, 45.43081 ], [ -75.61065, 45.43081 ], [ -75.61065, 45.43081 ], [ -75.61065, 45.43081 ], [ -75.61065, 45.43081 ], [ -75.61065, 45.43081 ], [ -75.61065, 45.43081 ], [ -75.61065, 45.43081 ], [ -75.61065, 45.43081 ], [ -75.61065, 45.43081 ], [ -75.61065, 45.43081 ], [ -75.61065, 45.43081 ], [ -75.61065, 45.43081 ], [ -75.61065, 45.43081 ], [ -75.61065, 45.43081 ], [ -75.61065, 45.43081 ], [ -75.61065, 45.43081 ], [ -75.61065, 45.43081 ], [ -75.61065, 45.43081 ], [ -75.61065, 45.43081 ], [ -75.61065, 45.43081 ], [ -75.61065, 45.43081 ], [ -75.61065, 45.43081 ], [ -75.61065, 45.43081 ], [ -75.61065, 45.43081 ], [ -75.61065, 45.43081 ], [ -75.61065, 45.43081 ], [ -75.61065, 45.43081 ], [ -75.61065, 45.43081 ], [ -75.61065, 45.43081 ], [ -75.61065, 45.43081 ], [ -75.61065, 45.43081 ], [ -75.61065, 45.43081 ], [ -75.61065, 45.43081 ], [ -75.61065, 45.43081 ], [ -75.61065, 45.43081 ], [ -75.61065, 45.43081 ], [ -75.61065, 45.43081 ], [ -75.61065, 45.43081 ], [ -75.61065, 45.43081 ], [ -75.61065, 45.43081 ], [ -75.61065, 45.43081 ], [ -75.61065, 45.43081 ], [ -75.61065, 45.43081 ], [ -75.61065, 45.43081 ], [ -75.61065, 45.43081 ], [ -75.61065, 45.43081 ], [ -75.61065, 45.43081 ], [ -75.61065, 45.43081 ], [ -75.61065, 45.43081 ], [ -75.61065, 45.43081 ], [ -75.61065, 45.43081 ], [ -75.61065, 45.43081 ], [ -75.61065, 45.43081 ], [ -75.61065, 45.43081 ], [ -75.61065, 45.43081 ], [ -75.61065, 45.43081 ], [ -75.61065, 45.43081 ], [ -75.61065, 45.43081 ], [ -75.61065, 45.43081 ], [ -75.61065, 45.43081 ], [ -75.61065, 45.43081 ], [ -75.61065, 45.43081 ], [ -75.61065, 45.43081 ], [ -75.61065, 45.43081 ], [ -75.61065, 45.43081 ], [ -75.61065, 45.43081 ], [ -75.61065, 45.43081 ], [ -75.61065, 45.43081 ], [ -75.61065, 45.43081 ], [ -75.61065, 45.43081 ], [ -75.61065, 45.43081 ], [ -75.61065, 45.43081 ], [ -75.61065, 45.43081 ], [ -75.61065, 45.43081 ], [ -75.61065, 45.43081 ], [ -75.61065, 45.43081 ], [ -75.61065, 45.43081 ], [ -75.61065, 45.43081 ], [ -75.61065, 45.43081 ], [ -75.61065, 45.43081 ], [ -75.61065, 45.43081 ], [ -75.61065, 45.43081 ], [ -75.61065, 45.43081 ], [ -75.61065, 45.43081 ], [ -75.61065, 45.43081 ], [ -75.61065, 45.43081 ], [ -75.61065, 45.43081 ], [ -75.61065, 45.43081 ], [ -75.61065, 45.43081 ], [ -75.61065, 45.43081 ], [ -75.61065, 45.43081 ], [ -75.61065, 45.43081 ], [ -75.61065, 45.43081 ], [ -75.61065, 45.43081 ], [ -75.61065, 45.43081 ], [ -75.61065, 45.43081 ], [ -75.61065, 45.43081 ], [ -75.61065, 45.43081 ], [ -75.61065, 45.43081 ], [ -75.61065, 45.43081 ], [ -75.61065, 45.43081 ], [ -75.61065, 45.43081 ], [ -75.61065, 45.43081 ], [ -75.61065, 45.43081 ], [ -75.61065, 45.43081 ], [ -75.61065, 45.43081 ], [ -75.61065, 45.43081 ], [ -75.61065, 45.43081 ], [ -75.61065, 45.43081 ], [ -75.61065, 45.43081 ], [ -75.61065, 45.43081 ], [ -75.61065, 45.43081 ], [ -75.61065, 45.43081 ], [ -75.61065, 45.43081 ], [ -75.61065, 45.43081 ], [ -75.61065, 45.43081 ], [ -75.61065, 45.43081 ], [ -75.61065, 45.43081 ], [ -75.61065, 45.43081 ], [ -75.61065, 45.43081 ], [ -75.61065, 45.43081 ], [ -75.61065, 45.43081 ], [ -75.61065, 45.43081 ], [ -75.61065, 45.43081 ], [ -75.61065, 45.43081 ], [ -75.61065, 45.43081 ], [ -75.61065, 45.43081 ], [ -75.61065, 45.43081 ], [ -75.61065, 45.43081 ], [ -75.61065, 45.43081 ], [ -75.61065, 45.43081 ], [ -75.61065, 45.43081 ], [ -75.61065, 45.43081 ], [ -75.61065, 45.43081 ], [ -75.61065, 45.43081 ], [ -75.61065, 45.43081 ], [ -75.61065, 45.43081 ], [ -75.61065, 45.43081 ], [ -75.61065, 45.43081 ], [ -75.61065, 45.43081 ], [ -75.61065, 45.43081 ], [ -75.61065, 45.43081 ], [ -75.61065, 45.43081 ], [ -75.61065, 45.43081 ], [ -75.61065, 45.43081 ], [ -75.61065, 45.43081 ], [ -75.61065, 45.43081 ], [ -75.61065, 45.43081 ], [ -75.61065, 45.43081 ], [ -75.61065, 45.43081 ], [ -75.61065, 45.43081 ], [ -75.61065, 45.43081 ], [ -75.61065, 45.43081 ], [ -75.61065, 45.43081 ], [ -75.61065, 45.43081 ], [ -75.61065, 45.43081 ], [ -75.61065, 45.43081 ], [ -75.61065, 45.43081 ], [ -75.61065, 45.43081 ], [ -75.61065, 45.43081 ], [ -75.61065, 45.43081 ], [ -75.61065, 45.43081 ], [ -75.61065, 45.43081 ], [ -75.61065, 45.43081 ], [ -75.61065, 45.43081 ], [ -75.61065, 45.43081 ], [ -75.61065, 45.43081 ], [ -75.61065, 45.43081 ], [ -75.61065, 45.43081 ], [ -75.61065, 45.43081 ], [ -75.61065, 45.43081 ], [ -75.61065, 45.43081 ], [ -75.61065, 45.43081 ], [ -75.61065, 45.43081 ], [ -75.61065, 45.43081 ], [ -75.61065, 45.43081 ], [ -75.61065, 45.43081 ], [ -75.61065, 45.43081 ], [ -75.61065, 45.43081 ], [ -75.61065, 45.43081 ], [ -75.61065, 45.43081 ], [ -75.61065, 45.43081 ], [ -75.61065, 45.43081 ], [ -75.61065, 45.43081 ], [ -75.61065, 45.43081 ], [ -75.61065, 45.43081 ], [ -75.61065, 45.43081 ], [ -75.61065, 45.43081 ], [ -75.61065, 45.43081 ], [ -75.61065, 45.43081 ], [ -75.61065, 45.43081 ], [ -75.61065, 45.43081 ], [ -75.61065, 45.43081 ], [ -75.61065, 45.43081 ], [ -75.61065, 45.43081 ], [ -75.61065, 45.43081 ], [ -75.61065, 45.43081 ], [ -75.61065, 45.43081 ], [ -75.61065, 45.43081 ], [ -75.61065, 45.43081 ], [ -75.61065, 45.43081 ], [ -75.61065, 45.43081 ], [ -75.61065, 45.43081 ], [ -75.61065, 45.43081 ], [ -75.61065, 45.43081 ], [ -75.61065, 45.43081 ], [ -75.61065, 45.43081 ], [ -75.61065, 45.43081 ], [ -75.61065, 45.43081 ], [ -75.61065, 45.43081 ], [ -75.61065, 45.43081 ], [ -75.61065, 45.43081 ], [ -75.61065, 45.43081 ], [ -75.61065, 45.43081 ], [ -75.61065, 45.43081 ], [ -75.61065, 45.43081 ], [ -75.61065, 45.43081 ], [ -75.61065, 45.43081 ], [ -75.61065, 45.43081 ], [ -75.61065, 45.43081 ], [ -75.61065, 45.43081 ], [ -75.61065, 45.43081 ], [ -75.61065, 45.43081 ], [ -75.61065, 45.43081 ], [ -75.61065, 45.43081 ], [ -75.61065, 45.43081 ], [ -75.61065, 45.43081 ], [ -75.61065, 45.43081 ], [ -75.61065, 45.43081 ], [ -75.61065, 45.43081 ], [ -75.61065, 45.43081 ], [ -75.61065, 45.43081 ], [ -75.61065, 45.43081 ], [ -75.61065, 45.43081 ], [ -75.61065, 45.43081 ], [ -75.61065, 45.43081 ], [ -75.61065, 45.43081 ], [ -75.61065, 45.43081 ], [ -75.61065, 45.43081 ], [ -75.61065, 45.43081 ], [ -75.61065, 45.43081 ], [ -75.61065, 45.43081 ], [ -75.61065, 45.43081 ], [ -75.61065, 45.43081 ], [ -75.61065, 45.43081 ], [ -75.61065, 45.43081 ], [ -75.61065, 45.43081 ], [ -75.61065, 45.43081 ], [ -75.61065, 45.43081 ], [ -75.61065, 45.43081 ], [ -75.61065, 45.43081 ], [ -75.61065, 45.43081 ], [ -75.61065, 45.43081 ], [ -75.61065, 45.43081 ], [ -75.61065, 45.43081 ], [ -75.61065, 45.43081 ], [ -75.61065, 45.43081 ], [ -75.61065, 45.43081 ], [ -75.61065, 45.43081 ], [ -75.61065, 45.43081 ], [ -75.61065, 45.43081 ], [ -75.61065, 45.43081 ], [ -75.61065, 45.43081 ], [ -75.61065, 45.43081 ], [ -75.61065, 45.43081 ], [ -75.61065, 45.43081 ], [ -75.61065, 45.43081 ], [ -75.61065, 45.43081 ], [ -75.61065, 45.43081 ], [ -75.61065, 45.43081 ], [ -75.61065, 45.43081 ], [ -75.61065, 45.43081 ], [ -75.61065, 45.43081 ], [ -75.61065, 45.43081 ], [ -75.61065, 45.43081 ], [ -75.61065, 45.43081 ], [ -75.61065, 45.43081 ], [ -75.61065, 45.43081 ], [ -75.61065, 45.43081 ], [ -75.61065, 45.43081 ], [ -75.61065, 45.43081 ], [ -75.61065, 45.43081 ], [ -75.61065, 45.43081 ], [ -75.61065, 45.43081 ], [ -75.61065, 45.43081 ], [ -75.61065, 45.43081 ], [ -75.61065, 45.43081 ], [ -75.61065, 45.43081 ], [ -75.61065, 45.43081 ], [ -75.61065, 45.43081 ], [ -75.61065, 45.43081 ], [ -75.61065, 45.43081 ], [ -75.61065, 45.43081 ], [ -75.61065, 45.43081 ], [ -75.61065, 45.43081 ], [ -75.61065, 45.43081 ], [ -75.61065, 45.43081 ], [ -75.61065, 45.43081 ], [ -75.61065, 45.43081 ], [ -75.61065, 45.43081 ], [ -75.61065, 45.43081 ], [ -75.61065, 45.43081 ], [ -75.61065, 45.43081 ], [ -75.61065, 45.43081 ], [ -75.61065, 45.43081 ], [ -75.61065, 45.43081 ], [ -75.61065, 45.43081 ], [ -75.61065, 45.43081 ], [ -75.61065, 45.43081 ], [ -75.61065, 45.43081 ], [ -75.61065, 45.43081 ], [ -75.61065, 45.43081 ], [ -75.61065, 45.43081 ], [ -75.61065, 45.43081 ], [ -75.61065, 45.43081 ], [ -75.61065, 45.43081 ], [ -75.61065, 45.43081 ], [ -75.61065, 45.43081 ], [ -75.61065, 45.43081 ], [ -75.61065, 45.43081 ], [ -75.61065, 45.43081 ], [ -75.61065, 45.43081 ], [ -75.61065, 45.43081 ], [ -75.61065, 45.43081 ], [ -75.61065, 45.43081 ], [ -75.61065, 45.43081 ], [ -75.61065, 45.43081 ], [ -75.61065, 45.43081 ], [ -75.61065, 45.43081 ], [ -75.61065, 45.43081 ], [ -75.61065, 45.43081 ], [ -75.61065, 45.43081 ], [ -75.61065, 45.43081 ], [ -75.61065, 45.43081 ], [ -75.61065, 45.43081 ], [ -75.61065, 45.43081 ], [ -75.61065, 45.43081 ], [ -75.61065, 45.43081 ], [ -75.61065, 45.43081 ], [ -75.61065, 45.43081 ], [ -75.61065, 45.43081 ], [ -75.61065, 45.43081 ], [ -75.61065, 45.43081 ], [ -75.61065, 45.43081 ], [ -75.61065, 45.43081 ], [ -75.61065, 45.43081 ], [ -75.61065, 45.43081 ], [ -75.61065, 45.43081 ], [ -75.61065, 45.43081 ], [ -75.61065, 45.43081 ], [ -75.61065, 45.43081 ], [ -75.61065, 45.43081 ], [ -75.61065, 45.43081 ], [ -75.61065, 45.43081 ], [ -75.61065, 45.43081 ], [ -75.61065, 45.43081 ], [ -75.61065, 45.43081 ], [ -75.61065, 45.43081 ], [ -75.61065, 45.43081 ], [ -75.61065, 45.43081 ], [ -75.61065, 45.43081 ], [ -75.61065, 45.43081 ], [ -75.61065, 45.43081 ], [ -75.61065, 45.43081 ], [ -75.61065, 45.43081 ], [ -75.61065, 45.43081 ], [ -75.61065, 45.43081 ], [ -75.61065, 45.43081 ], [ -75.61065, 45.43081 ], [ -75.61065, 45.43081 ], [ -75.61065, 45.43081 ], [ -75.61065, 45.43081 ], [ -75.61065, 45.43081 ], [ -75.61065, 45.43081 ], [ -75.61065, 45.43081 ], [ -75.61065, 45.43081 ], [ -75.61065, 45.43081 ], [ -75.61065, 45.43081 ], [ -75.61065, 45.43081 ], [ -75.61065, 45.43081 ], [ -75.61065, 45.43081 ], [ -75.61065, 45.43081 ], [ -75.61065, 45.43081 ], [ -75.61065, 45.43081 ], [ -75.61065, 45.43081 ], [ -75.61065, 45.43081 ], [ -75.61065, 45.43081 ], [ -75.61065, 45.43081 ], [ -75.61065, 45.43081 ], [ -75.61065, 45.43081 ], [ -75.61065, 45.43081 ], [ -75.61065, 45.43081 ], [ -75.61065, 45.43081 ], [ -75.61065, 45.43081 ], [ -75.61065, 45.43081 ], [ -75.61065, 45.43081 ], [ -75.61065, 45.43081 ], [ -75.61065, 45.43081 ], [ -75.61065, 45.43081 ], [ -75.61065, 45.43081 ], [ -75.61065, 45.43081 ], [ -75.61065, 45.43081 ], [ -75.61065, 45.43081 ], [ -75.61065, 45.43081 ], [ -75.61065, 45.43081 ], [ -75.61065, 45.43081 ], [ -75.61065, 45.43081 ], [ -75.61065, 45.43081 ], [ -75.61065, 45.43081 ], [ -75.61065, 45.43081 ], [ -75.61065, 45.43081 ], [ -75.61065, 45.43081 ], [ -75.61065, 45.43081 ], [ -75.61065, 45.43081 ], [ -75.61065, 45.43081 ], [ -75.61065, 45.43081 ], [ -75.61065, 45.43081 ], [ -75.61065, 45.43081 ], [ -75.61065, 45.43081 ], [ -75.61065, 45.43081 ], [ -75.61065, 45.43081 ], [ -75.61065, 45.43081 ], [ -75.61065, 45.43081 ], [ -75.61065, 45.43081 ], [ -75.61065, 45.43081 ], [ -75.61065, 45.43081 ], [ -75.61065, 45.43081 ], [ -75.61065, 45.43081 ], [ -75.61065, 45.43081 ], [ -75.61065, 45.43081 ], [ -75.61065, 45.43081 ], [ -75.61065, 45.43081 ], [ -75.61065, 45.43081 ], [ -75.61065, 45.43081 ], [ -75.61065, 45.43081 ], [ -75.61065, 45.43081 ], [ -75.61065, 45.43081 ], [ -75.61065, 45.43081 ], [ -75.61065, 45.43081 ], [ -75.61065, 45.43081 ], [ -75.61065, 45.43081 ], [ -75.61065, 45.43081 ], [ -75.61065, 45.43081 ], [ -75.61065, 45.43081 ], [ -75.61065, 45.43081 ], [ -75.61065, 45.43081 ], [ -75.61065, 45.43081 ], [ -75.61065, 45.43081 ], [ -75.61065, 45.43081 ], [ -75.61065, 45.43081 ], [ -75.61065, 45.43081 ], [ -75.61065, 45.43081 ], [ -75.61065, 45.43081 ], [ -75.61065, 45.43081 ], [ -75.61065, 45.43081 ], [ -75.61065, 45.43081 ], [ -75.61065, 45.43081 ], [ -75.61065, 45.43081 ], [ -75.61065, 45.43081 ], [ -75.61065, 45.43081 ], [ -75.61065, 45.43081 ], [ -75.61065, 45.43081 ], [ -75.61065, 45.43081 ], [ -75.61065, 45.43081 ], [ -75.61065, 45.43081 ], [ -75.61065, 45.43081 ], [ -75.61065, 45.43081 ], [ -75.61065, 45.43081 ], [ -75.61065, 45.43081 ], [ -75.61065, 45.43081 ], [ -75.61065, 45.43081 ], [ -75.61065, 45.43081 ], [ -75.61065, 45.43081 ], [ -75.61065, 45.43081 ], [ -75.61065, 45.43081 ], [ -75.61065, 45.43081 ], [ -75.61065, 45.43081 ], [ -75.61065, 45.43081 ], [ -75.61065, 45.43081 ], [ -75.61065, 45.43081 ], [ -75.61065, 45.43081 ], [ -75.61065, 45.43081 ], [ -75.61065, 45.43081 ], [ -75.61065, 45.43081 ], [ -75.61065, 45.43081 ], [ -75.61065, 45.43081 ], [ -75.61065, 45.43081 ], [ -75.61065, 45.43081 ], [ -75.61065, 45.43081 ], [ -75.61065, 45.43081 ], [ -75.61065, 45.43081 ], [ -75.61065, 45.43081 ], [ -75.61065, 45.43081 ], [ -75.61065, 45.43081 ], [ -75.61065, 45.43081 ], [ -75.61065, 45.43081 ], [ -75.61065, 45.43081 ], [ -75.61065, 45.43081 ], [ -75.6108, 45.43078 ], [ -75.6108, 45.43078 ], [ -75.6108, 45.43078 ], [ -75.6108, 45.43078 ], [ -75.6108, 45.43078 ], [ -75.6108, 45.43078 ], [ -75.6108, 45.43078 ], [ -75.6108, 45.43078 ], [ -75.6108, 45.43078 ], [ -75.6108, 45.43078 ], [ -75.6108, 45.43078 ], [ -75.6108, 45.43078 ], [ -75.6108, 45.43078 ], [ -75.6108, 45.43078 ], [ -75.6108, 45.43078 ], [ -75.6108, 45.43078 ], [ -75.6108, 45.43078 ], [ -75.6108, 45.43078 ], [ -75.6108, 45.43078 ], [ -75.6108, 45.43078 ], [ -75.6108, 45.43078 ], [ -75.6108, 45.43078 ], [ -75.6108, 45.43078 ], [ -75.6108, 45.43078 ], [ -75.6108, 45.43078 ], [ -75.6108, 45.43078 ], [ -75.6108, 45.43078 ], [ -75.6108, 45.43078 ], [ -75.6108, 45.43078 ], [ -75.6108, 45.43078 ], [ -75.6108, 45.43078 ], [ -75.6108, 45.43078 ], [ -75.6108, 45.43078 ], [ -75.6108, 45.43078 ], [ -75.6108, 45.43078 ], [ -75.6108, 45.43078 ], [ -75.6108, 45.43078 ], [ -75.6108, 45.43078 ], [ -75.6108, 45.43078 ], [ -75.6108, 45.43078 ], [ -75.6108, 45.43078 ], [ -75.6108, 45.43078 ], [ -75.6108, 45.43078 ], [ -75.6108, 45.43078 ], [ -75.6108, 45.43078 ], [ -75.6108, 45.43078 ], [ -75.6108, 45.43078 ], [ -75.6108, 45.43078 ], [ -75.6108, 45.43078 ], [ -75.6108, 45.43078 ], [ -75.6108, 45.43078 ], [ -75.6108, 45.43078 ], [ -75.6108, 45.43078 ], [ -75.6108, 45.43078 ], [ -75.6108, 45.43078 ], [ -75.6108, 45.43078 ], [ -75.6108, 45.43078 ], [ -75.6108, 45.43078 ], [ -75.6108, 45.43078 ], [ -75.6108, 45.43078 ], [ -75.6108, 45.43078 ], [ -75.6108, 45.43078 ], [ -75.6108, 45.43078 ], [ -75.6108, 45.43078 ], [ -75.6108, 45.43078 ], [ -75.6108, 45.43078 ], [ -75.6108, 45.43078 ], [ -75.6108, 45.43078 ], [ -75.6108, 45.43078 ], [ -75.6108, 45.43078 ], [ -75.6108, 45.43078 ], [ -75.6108, 45.43078 ], [ -75.6108, 45.43078 ], [ -75.6108, 45.43078 ], [ -75.6108, 45.43078 ], [ -75.6108, 45.43078 ], [ -75.6108, 45.43078 ], [ -75.6108, 45.43078 ], [ -75.6108, 45.43078 ], [ -75.6108, 45.43078 ], [ -75.6108, 45.43078 ], [ -75.6108, 45.43078 ], [ -75.6108, 45.43078 ], [ -75.6108, 45.43078 ], [ -75.6108, 45.43078 ], [ -75.6108, 45.43078 ], [ -75.6108, 45.43078 ], [ -75.6108, 45.43078 ], [ -75.6108, 45.43078 ], [ -75.6108, 45.43078 ], [ -75.6108, 45.43078 ], [ -75.6108, 45.43078 ], [ -75.6108, 45.43078 ], [ -75.6108, 45.43078 ], [ -75.6108, 45.43078 ], [ -75.6108, 45.43078 ], [ -75.6108, 45.43078 ], [ -75.6108, 45.43078 ], [ -75.6108, 45.43078 ], [ -75.6108, 45.43078 ], [ -75.6108, 45.43078 ], [ -75.6108, 45.43078 ], [ -75.6108, 45.43078 ], [ -75.6108, 45.43078 ], [ -75.6108, 45.43078 ], [ -75.6108, 45.43078 ], [ -75.6108, 45.43078 ], [ -75.6108, 45.43078 ], [ -75.6108, 45.43078 ], [ -75.6108, 45.43078 ], [ -75.6108, 45.43078 ], [ -75.6108, 45.43078 ], [ -75.6108, 45.43078 ], [ -75.6108, 45.43078 ], [ -75.6108, 45.43078 ], [ -75.6108, 45.43078 ], [ -75.6108, 45.43078 ], [ -75.6108, 45.43078 ], [ -75.6108, 45.43078 ], [ -75.6108, 45.43078 ], [ -75.6108, 45.43078 ], [ -75.6108, 45.43078 ], [ -75.6108, 45.43078 ], [ -75.6108, 45.43078 ], [ -75.6108, 45.43078 ], [ -75.6108, 45.43078 ], [ -75.6108, 45.43078 ], [ -75.6108, 45.43078 ], [ -75.6108, 45.43078 ], [ -75.6108, 45.43078 ], [ -75.6108, 45.43078 ], [ -75.6108, 45.43078 ], [ -75.6108, 45.43078 ], [ -75.6108, 45.43078 ], [ -75.6108, 45.43078 ], [ -75.6108, 45.43078 ], [ -75.6108, 45.43078 ], [ -75.6108, 45.43078 ], [ -75.6108, 45.43078 ], [ -75.6108, 45.43078 ], [ -75.6108, 45.43078 ], [ -75.6108, 45.43078 ], [ -75.6108, 45.43078 ], [ -75.6108, 45.43078 ], [ -75.6108, 45.43078 ], [ -75.6108, 45.43078 ], [ -75.6108, 45.43078 ], [ -75.6108, 45.43078 ], [ -75.6108, 45.43078 ], [ -75.6108, 45.43078 ], [ -75.6108, 45.43078 ], [ -75.6108, 45.43078 ], [ -75.6108, 45.43078 ], [ -75.6108, 45.43078 ], [ -75.6108, 45.43078 ], [ -75.6108, 45.43078 ], [ -75.6108, 45.43078 ], [ -75.6108, 45.43078 ], [ -75.6108, 45.43078 ], [ -75.6108, 45.43078 ], [ -75.6108, 45.43078 ], [ -75.6108, 45.43078 ], [ -75.6108, 45.43078 ], [ -75.6108, 45.43078 ], [ -75.6108, 45.43078 ], [ -75.6108, 45.43078 ], [ -75.6108, 45.43078 ], [ -75.6108, 45.43078 ], [ -75.6108, 45.43078 ], [ -75.6108, 45.43078 ], [ -75.6108, 45.43078 ], [ -75.6108, 45.43078 ], [ -75.6108, 45.43078 ], [ -75.6108, 45.43078 ], [ -75.6108, 45.43078 ], [ -75.6108, 45.43078 ], [ -75.6108, 45.43078 ], [ -75.6108, 45.43078 ], [ -75.6108, 45.43078 ], [ -75.6108, 45.43078 ], [ -75.6108, 45.43078 ], [ -75.6108, 45.43078 ], [ -75.6108, 45.43078 ], [ -75.6108, 45.43078 ], [ -75.6108, 45.43078 ], [ -75.6108, 45.43078 ], [ -75.6108, 45.43078 ], [ -75.6108, 45.43078 ], [ -75.6108, 45.43078 ], [ -75.6108, 45.43078 ], [ -75.6108, 45.43078 ], [ -75.6108, 45.43078 ], [ -75.6108, 45.43078 ], [ -75.6108, 45.43078 ], [ -75.6108, 45.43078 ], [ -75.6108, 45.43078 ], [ -75.6108, 45.43078 ], [ -75.6108, 45.43078 ], [ -75.6108, 45.43078 ], [ -75.6108, 45.43078 ], [ -75.6108, 45.43078 ], [ -75.6108, 45.43078 ], [ -75.6108, 45.43078 ], [ -75.6108, 45.43078 ], [ -75.6108, 45.43078 ], [ -75.6108, 45.43078 ], [ -75.6108, 45.43078 ], [ -75.6108, 45.43078 ], [ -75.6108, 45.43078 ], [ -75.6108, 45.43078 ], [ -75.6108, 45.43078 ], [ -75.6108, 45.43078 ], [ -75.6108, 45.43078 ], [ -75.6108, 45.43078 ], [ -75.6108, 45.43078 ], [ -75.6108, 45.43078 ], [ -75.6108, 45.43078 ], [ -75.6108, 45.43078 ], [ -75.6108, 45.43078 ], [ -75.6108, 45.43078 ], [ -75.6108, 45.43078 ], [ -75.6108, 45.43078 ], [ -75.6108, 45.43078 ], [ -75.6108, 45.43078 ], [ -75.6108, 45.43078 ], [ -75.6108, 45.43078 ], [ -75.6108, 45.43078 ], [ -75.6108, 45.43078 ], [ -75.6108, 45.43078 ], [ -75.6108, 45.43078 ], [ -75.6108, 45.43078 ], [ -75.6108, 45.43078 ], [ -75.6108, 45.43078 ], [ -75.6108, 45.43078 ], [ -75.6108, 45.43078 ], [ -75.6108, 45.43078 ], [ -75.6108, 45.43078 ], [ -75.6108, 45.43078 ], [ -75.6108, 45.43078 ], [ -75.6108, 45.43078 ], [ -75.6108, 45.43078 ], [ -75.6108, 45.43078 ], [ -75.6108, 45.43078 ], [ -75.6108, 45.43078 ], [ -75.6108, 45.43078 ], [ -75.6108, 45.43078 ], [ -75.6108, 45.43078 ], [ -75.6108, 45.43078 ], [ -75.6108, 45.43078 ], [ -75.6108, 45.43078 ], [ -75.6108, 45.43078 ], [ -75.6108, 45.43078 ], [ -75.6108, 45.43078 ], [ -75.6108, 45.43078 ], [ -75.6108, 45.43078 ], [ -75.6108, 45.43078 ], [ -75.6108, 45.43078 ], [ -75.6108, 45.43078 ], [ -75.6108, 45.43078 ], [ -75.6108, 45.43078 ], [ -75.6108, 45.43078 ], [ -75.6108, 45.43078 ], [ -75.6108, 45.43078 ], [ -75.6108, 45.43078 ], [ -75.6108, 45.43078 ], [ -75.6108, 45.43078 ], [ -75.6108, 45.43078 ], [ -75.6108, 45.43078 ], [ -75.6108, 45.43078 ], [ -75.6108, 45.43078 ], [ -75.6108, 45.43078 ], [ -75.6108, 45.43078 ], [ -75.6108, 45.43078 ], [ -75.6108, 45.43078 ], [ -75.6108, 45.43078 ], [ -75.6108, 45.43078 ], [ -75.6108, 45.43078 ], [ -75.6108, 45.43078 ], [ -75.6108, 45.43078 ], [ -75.6108, 45.43078 ], [ -75.6108, 45.43078 ], [ -75.6108, 45.43078 ], [ -75.6108, 45.43078 ], [ -75.6108, 45.43078 ], [ -75.6108, 45.43078 ], [ -75.6108, 45.43078 ], [ -75.6108, 45.43078 ], [ -75.6108, 45.43078 ], [ -75.6108, 45.43078 ], [ -75.6108, 45.43078 ], [ -75.6108, 45.43078 ], [ -75.6108, 45.43078 ], [ -75.6108, 45.43078 ], [ -75.6108, 45.43078 ], [ -75.6108, 45.43078 ], [ -75.6108, 45.43078 ], [ -75.6108, 45.43078 ], [ -75.6108, 45.43078 ], [ -75.6108, 45.43078 ], [ -75.6108, 45.43078 ], [ -75.6108, 45.43078 ], [ -75.6108, 45.43078 ], [ -75.6108, 45.43078 ], [ -75.6108, 45.43078 ], [ -75.6108, 45.43078 ], [ -75.6108, 45.43078 ], [ -75.6108, 45.43078 ], [ -75.6108, 45.43078 ], [ -75.6108, 45.43078 ], [ -75.6108, 45.43078 ], [ -75.6108, 45.43078 ], [ -75.6108, 45.43078 ], [ -75.6108, 45.43078 ], [ -75.6108, 45.43078 ], [ -75.6108, 45.43078 ], [ -75.6108, 45.43078 ], [ -75.6108, 45.43078 ], [ -75.6108, 45.43078 ], [ -75.6108, 45.43078 ], [ -75.6108, 45.43078 ], [ -75.6108, 45.43078 ], [ -75.6108, 45.43078 ], [ -75.6108, 45.43078 ], [ -75.6108, 45.43078 ], [ -75.6108, 45.43078 ], [ -75.6108, 45.43078 ], [ -75.6108, 45.43078 ], [ -75.6108, 45.43078 ], [ -75.6108, 45.43078 ], [ -75.6108, 45.43078 ], [ -75.6108, 45.43078 ], [ -75.6108, 45.43078 ], [ -75.6108, 45.43078 ], [ -75.6108, 45.43078 ], [ -75.6108, 45.43078 ], [ -75.6108, 45.43078 ], [ -75.6108, 45.43078 ], [ -75.6108, 45.43078 ], [ -75.6108, 45.43078 ], [ -75.6108, 45.43078 ], [ -75.6108, 45.43078 ], [ -75.6108, 45.43078 ], [ -75.6108, 45.43078 ], [ -75.6108, 45.43078 ], [ -75.6108, 45.43078 ], [ -75.6108, 45.43078 ], [ -75.6108, 45.43078 ], [ -75.6108, 45.43078 ], [ -75.6108, 45.43078 ], [ -75.6108, 45.43078 ], [ -75.6108, 45.43078 ], [ -75.6108, 45.43078 ], [ -75.6108, 45.43078 ], [ -75.6108, 45.43078 ], [ -75.6108, 45.43078 ], [ -75.6108, 45.43078 ], [ -75.6108, 45.43078 ], [ -75.6108, 45.43078 ], [ -75.6108, 45.43078 ], [ -75.6108, 45.43078 ], [ -75.6108, 45.43078 ], [ -75.6108, 45.43078 ], [ -75.6108, 45.43078 ], [ -75.6108, 45.43078 ], [ -75.6108, 45.43078 ], [ -75.6108, 45.43078 ], [ -75.6108, 45.43078 ], [ -75.6108, 45.43078 ], [ -75.6108, 45.43078 ], [ -75.6108, 45.43078 ], [ -75.6108, 45.43078 ], [ -75.6108, 45.43078 ], [ -75.6108, 45.43078 ], [ -75.6108, 45.43078 ], [ -75.6108, 45.43078 ], [ -75.6108, 45.43078 ], [ -75.6108, 45.43078 ], [ -75.6108, 45.43078 ], [ -75.6108, 45.43078 ], [ -75.6108, 45.43078 ], [ -75.6108, 45.43078 ], [ -75.6108, 45.43078 ], [ -75.6108, 45.43078 ], [ -75.6108, 45.43078 ], [ -75.6108, 45.43078 ], [ -75.6108, 45.43078 ], [ -75.6108, 45.43078 ], [ -75.6108, 45.43078 ], [ -75.6108, 45.43078 ], [ -75.6108, 45.43078 ], [ -75.6108, 45.43078 ], [ -75.6108, 45.43078 ], [ -75.6108, 45.43078 ], [ -75.6108, 45.43078 ], [ -75.6108, 45.43078 ], [ -75.6108, 45.43078 ], [ -75.6108, 45.43078 ], [ -75.6108, 45.43078 ], [ -75.6108, 45.43078 ], [ -75.6108, 45.43078 ], [ -75.6108, 45.43078 ], [ -75.6108, 45.43078 ], [ -75.6108, 45.43078 ], [ -75.6108, 45.43078 ], [ -75.6108, 45.43078 ], [ -75.6108, 45.43078 ], [ -75.6108, 45.43078 ], [ -75.6108, 45.43078 ], [ -75.6108, 45.43078 ], [ -75.6108, 45.43078 ], [ -75.6108, 45.43078 ], [ -75.6108, 45.43078 ], [ -75.6108, 45.43078 ], [ -75.6108, 45.43078 ], [ -75.6108, 45.43078 ], [ -75.6108, 45.43078 ], [ -75.6108, 45.43078 ], [ -75.6108, 45.43078 ], [ -75.6108, 45.43078 ], [ -75.6108, 45.43078 ], [ -75.6108, 45.43078 ], [ -75.6108, 45.43078 ], [ -75.6108, 45.43078 ], [ -75.6108, 45.43078 ], [ -75.6108, 45.43078 ], [ -75.6108, 45.43078 ], [ -75.6108, 45.43078 ], [ -75.6108, 45.43078 ], [ -75.6108, 45.43078 ], [ -75.6108, 45.43078 ], [ -75.6108, 45.43078 ], [ -75.6108, 45.43078 ], [ -75.6108, 45.43078 ], [ -75.6108, 45.43078 ], [ -75.6108, 45.43078 ], [ -75.6108, 45.43078 ], [ -75.6108, 45.43078 ], [ -75.6108, 45.43078 ], [ -75.6108, 45.43078 ], [ -75.6108, 45.43078 ], [ -75.6108, 45.43078 ], [ -75.6108, 45.43078 ], [ -75.6108, 45.43078 ], [ -75.6108, 45.43078 ], [ -75.6108, 45.43078 ], [ -75.6108, 45.43078 ], [ -75.6108, 45.43078 ], [ -75.6108, 45.43078 ], [ -75.6108, 45.43078 ], [ -75.6108, 45.43078 ], [ -75.6108, 45.43078 ], [ -75.6108, 45.43078 ], [ -75.6108, 45.43078 ], [ -75.6108, 45.43078 ], [ -75.6108, 45.43078 ], [ -75.6108, 45.43078 ], [ -75.6108, 45.43078 ], [ -75.6108, 45.43078 ], [ -75.6108, 45.43078 ], [ -75.6108, 45.43078 ], [ -75.6108, 45.43078 ], [ -75.6108, 45.43078 ], [ -75.6108, 45.43078 ], [ -75.6108, 45.43078 ], [ -75.6108, 45.43078 ], [ -75.6108, 45.43078 ], [ -75.6108, 45.43078 ], [ -75.6108, 45.43078 ], [ -75.6108, 45.43078 ], [ -75.6108, 45.43078 ], [ -75.6108, 45.43078 ], [ -75.6108, 45.43078 ], [ -75.6108, 45.43078 ], [ -75.6108, 45.43078 ], [ -75.6108, 45.43078 ], [ -75.6108, 45.43078 ], [ -75.6108, 45.43078 ], [ -75.6108, 45.43078 ], [ -75.6108, 45.43078 ], [ -75.6108, 45.43078 ], [ -75.6108, 45.43078 ], [ -75.6108, 45.43078 ], [ -75.6108, 45.43078 ], [ -75.6108, 45.43078 ], [ -75.6108, 45.43078 ], [ -75.6108, 45.43078 ], [ -75.6108, 45.43078 ], [ -75.6108, 45.43078 ], [ -75.6108, 45.43078 ], [ -75.6108, 45.43078 ], [ -75.6108, 45.43078 ], [ -75.6108, 45.43078 ], [ -75.6108, 45.43078 ], [ -75.6108, 45.43078 ], [ -75.6108, 45.43078 ], [ -75.6108, 45.43078 ], [ -75.6108, 45.43078 ], [ -75.6108, 45.43078 ], [ -75.6108, 45.43078 ], [ -75.6108, 45.43078 ], [ -75.6108, 45.43078 ], [ -75.6108, 45.43078 ], [ -75.6108, 45.43078 ], [ -75.6108, 45.43078 ], [ -75.6108, 45.43078 ], [ -75.6108, 45.43078 ], [ -75.6108, 45.43078 ], [ -75.6108, 45.43078 ], [ -75.6108, 45.43078 ], [ -75.6108, 45.43078 ], [ -75.6108, 45.43078 ], [ -75.6108, 45.43078 ], [ -75.6108, 45.43078 ], [ -75.6108, 45.43078 ], [ -75.6108, 45.43078 ], [ -75.6108, 45.43078 ], [ -75.6108, 45.43078 ], [ -75.6108, 45.43078 ], [ -75.6108, 45.43078 ], [ -75.6108, 45.43078 ], [ -75.6108, 45.43078 ], [ -75.6108, 45.43078 ], [ -75.6108, 45.43078 ], [ -75.6108, 45.43078 ], [ -75.6108, 45.43078 ], [ -75.6108, 45.43078 ], [ -75.6108, 45.43078 ], [ -75.6108, 45.43078 ], [ -75.6108, 45.43078 ], [ -75.6108, 45.43078 ], [ -75.6108, 45.43078 ], [ -75.6108, 45.43078 ], [ -75.6108, 45.43078 ], [ -75.6108, 45.43078 ], [ -75.6108, 45.43078 ], [ -75.6108, 45.43078 ], [ -75.6108, 45.43078 ], [ -75.6108, 45.43078 ], [ -75.6108, 45.43078 ], [ -75.6108, 45.43078 ], [ -75.6108, 45.43078 ], [ -75.6108, 45.43078 ], [ -75.6108, 45.43078 ], [ -75.6108, 45.43078 ], [ -75.6108, 45.43078 ], [ -75.6108, 45.43078 ], [ -75.6108, 45.43078 ], [ -75.6108, 45.43078 ], [ -75.6108, 45.43078 ], [ -75.6108, 45.43078 ], [ -75.6108, 45.43078 ], [ -75.6108, 45.43078 ], [ -75.6108, 45.43078 ], [ -75.6108, 45.43078 ], [ -75.6108, 45.43078 ], [ -75.6108, 45.43078 ], [ -75.6108, 45.43078 ], [ -75.6108, 45.43078 ], [ -75.6108, 45.43078 ], [ -75.6108, 45.43078 ], [ -75.6108, 45.43078 ], [ -75.6108, 45.43078 ], [ -75.6108, 45.43078 ], [ -75.6108, 45.43078 ], [ -75.6108, 45.43078 ], [ -75.6108, 45.43078 ], [ -75.6108, 45.43078 ], [ -75.6108, 45.43078 ], [ -75.6108, 45.43078 ], [ -75.6108, 45.43078 ], [ -75.6108, 45.43078 ], [ -75.6108, 45.43078 ], [ -75.6108, 45.43078 ], [ -75.6108, 45.43078 ], [ -75.6108, 45.43078 ], [ -75.6108, 45.43078 ], [ -75.6108, 45.43078 ], [ -75.6108, 45.43078 ], [ -75.6108, 45.43078 ], [ -75.6108, 45.43078 ], [ -75.6108, 45.43078 ], [ -75.6108, 45.43078 ], [ -75.6108, 45.43078 ], [ -75.6108, 45.43078 ], [ -75.6108, 45.43078 ], [ -75.6108, 45.43078 ], [ -75.6108, 45.43078 ], [ -75.6108, 45.43078 ], [ -75.6108, 45.43078 ], [ -75.6108, 45.43078 ], [ -75.6108, 45.43078 ], [ -75.6108, 45.43078 ], [ -75.6108, 45.43078 ], [ -75.6108, 45.43078 ], [ -75.6108, 45.43078 ], [ -75.6108, 45.43078 ], [ -75.6108, 45.43078 ], [ -75.6108, 45.43078 ], [ -75.6108, 45.43078 ], [ -75.6108, 45.43078 ], [ -75.6108, 45.43078 ], [ -75.6108, 45.43078 ], [ -75.6108, 45.43078 ], [ -75.6108, 45.43078 ], [ -75.6108, 45.43078 ], [ -75.6108, 45.43078 ], [ -75.6108, 45.43078 ], [ -75.6108, 45.43078 ], [ -75.6108, 45.43078 ], [ -75.6108, 45.43078 ], [ -75.6108, 45.43078 ], [ -75.6108, 45.43078 ], [ -75.6108, 45.43078 ], [ -75.6108, 45.43078 ], [ -75.6108, 45.43078 ], [ -75.6108, 45.43078 ], [ -75.6108, 45.43078 ], [ -75.6108, 45.43078 ], [ -75.6108, 45.43078 ], [ -75.6108, 45.43078 ], [ -75.6108, 45.43078 ], [ -75.6108, 45.43078 ], [ -75.6108, 45.43078 ], [ -75.6108, 45.43078 ], [ -75.6108, 45.43078 ], [ -75.6108, 45.43078 ], [ -75.6108, 45.43078 ], [ -75.6108, 45.43078 ], [ -75.6108, 45.43078 ], [ -75.6108, 45.43078 ], [ -75.6108, 45.43078 ], [ -75.6108, 45.43078 ], [ -75.6108, 45.43078 ], [ -75.6108, 45.43078 ], [ -75.6108, 45.43078 ], [ -75.6108, 45.43078 ], [ -75.6108, 45.43078 ], [ -75.6108, 45.43078 ], [ -75.6108, 45.43078 ], [ -75.6108, 45.43078 ], [ -75.6108, 45.43078 ], [ -75.6108, 45.43078 ], [ -75.6108, 45.43078 ], [ -75.6108, 45.43078 ], [ -75.6108, 45.43078 ], [ -75.6108, 45.43078 ], [ -75.6108, 45.43078 ], [ -75.6108, 45.43078 ], [ -75.6108, 45.43078 ], [ -75.6108, 45.43078 ], [ -75.6108, 45.43078 ], [ -75.6108, 45.43078 ], [ -75.6108, 45.43078 ], [ -75.6108, 45.43078 ], [ -75.6108, 45.43078 ], [ -75.6108, 45.43078 ], [ -75.6108, 45.43078 ], [ -75.6108, 45.43078 ], [ -75.6108, 45.43078 ], [ -75.6108, 45.43078 ], [ -75.6108, 45.43078 ], [ -75.6108, 45.43078 ], [ -75.6108, 45.43078 ], [ -75.6108, 45.43078 ], [ -75.6108, 45.43078 ], [ -75.6108, 45.43078 ], [ -75.6108, 45.43078 ], [ -75.6108, 45.43078 ], [ -75.6108, 45.43078 ], [ -75.6108, 45.43078 ], [ -75.6108, 45.43078 ], [ -75.6108, 45.43078 ], [ -75.6108, 45.43078 ], [ -75.6108, 45.43078 ], [ -75.6108, 45.43078 ], [ -75.6108, 45.43078 ], [ -75.6108, 45.43078 ], [ -75.6108, 45.43078 ], [ -75.6108, 45.43078 ], [ -75.6108, 45.43078 ], [ -75.6108, 45.43078 ], [ -75.6108, 45.43078 ], [ -75.6108, 45.43078 ], [ -75.6108, 45.43078 ], [ -75.6108, 45.43078 ], [ -75.6108, 45.43078 ], [ -75.6108, 45.43078 ], [ -75.6108, 45.43078 ], [ -75.6108, 45.43078 ], [ -75.6108, 45.43078 ], [ -75.6108, 45.43078 ], [ -75.6108, 45.43078 ], [ -75.6108, 45.43078 ], [ -75.6108, 45.43078 ], [ -75.6108, 45.43078 ], [ -75.6108, 45.43078 ], [ -75.6108, 45.43078 ], [ -75.6108, 45.43078 ], [ -75.6108, 45.43078 ], [ -75.6108, 45.43078 ], [ -75.6108, 45.43078 ], [ -75.6108, 45.43078 ], [ -75.6108, 45.43078 ], [ -75.6108, 45.43078 ], [ -75.6108, 45.43078 ], [ -75.6108, 45.43078 ], [ -75.6108, 45.43078 ], [ -75.6108, 45.43078 ], [ -75.6108, 45.43078 ], [ -75.6108, 45.43078 ], [ -75.6108, 45.43078 ], [ -75.6108, 45.43078 ], [ -75.6108, 45.43078 ], [ -75.6108, 45.43078 ], [ -75.6108, 45.43078 ], [ -75.6108, 45.43078 ], [ -75.6108, 45.43078 ], [ -75.6108, 45.43078 ], [ -75.6108, 45.43078 ], [ -75.6108, 45.43078 ], [ -75.6108, 45.43078 ], [ -75.6108, 45.43078 ], [ -75.6108, 45.43078 ], [ -75.6108, 45.43078 ], [ -75.6108, 45.43078 ], [ -75.6108, 45.43078 ], [ -75.6108, 45.43078 ], [ -75.6108, 45.43078 ], [ -75.6108, 45.43078 ], [ -75.6108, 45.43078 ], [ -75.6108, 45.43078 ], [ -75.6108, 45.43078 ], [ -75.6108, 45.43078 ], [ -75.6108, 45.43078 ], [ -75.6108, 45.43078 ], [ -75.6108, 45.43078 ], [ -75.6108, 45.43078 ], [ -75.6108, 45.43078 ], [ -75.6108, 45.43078 ], [ -75.6108, 45.43078 ], [ -75.6108, 45.43078 ], [ -75.6108, 45.43078 ], [ -75.6108, 45.43078 ], [ -75.6108, 45.43078 ], [ -75.6108, 45.43078 ], [ -75.6108, 45.43078 ], [ -75.6108, 45.43078 ], [ -75.6108, 45.43078 ], [ -75.6108, 45.43078 ], [ -75.6108, 45.43078 ], [ -75.6108, 45.43078 ], [ -75.6108, 45.43078 ], [ -75.6108, 45.43078 ], [ -75.6108, 45.43078 ], [ -75.6108, 45.43078 ], [ -75.6108, 45.43078 ], [ -75.6108, 45.43078 ], [ -75.6108, 45.43078 ], [ -75.6108, 45.43078 ], [ -75.6108, 45.43078 ], [ -75.6108, 45.43078 ], [ -75.6108, 45.43078 ], [ -75.6108, 45.43078 ], [ -75.6108, 45.43078 ], [ -75.6108, 45.43078 ], [ -75.6108, 45.43078 ], [ -75.6108, 45.43078 ], [ -75.6108, 45.43078 ], [ -75.6108, 45.43078 ], [ -75.6108, 45.43078 ], [ -75.6108, 45.43078 ], [ -75.6108, 45.43078 ], [ -75.6108, 45.43078 ], [ -75.6108, 45.43078 ], [ -75.6108, 45.43078 ], [ -75.6108, 45.43078 ], [ -75.6108, 45.43078 ], [ -75.6108, 45.43078 ], [ -75.6108, 45.43078 ], [ -75.6108, 45.43078 ], [ -75.6108, 45.43078 ], [ -75.6108, 45.43078 ], [ -75.6108, 45.43078 ], [ -75.6108, 45.43078 ], [ -75.6108, 45.43078 ], [ -75.6108, 45.43078 ], [ -75.6108, 45.43078 ], [ -75.6108, 45.43078 ], [ -75.6108, 45.43078 ], [ -75.6108, 45.43078 ], [ -75.6108, 45.43078 ], [ -75.6108, 45.43078 ], [ -75.6108, 45.43078 ], [ -75.6108, 45.43078 ], [ -75.6108, 45.43078 ], [ -75.6108, 45.43078 ], [ -75.6108, 45.43078 ], [ -75.6108, 45.43078 ], [ -75.6108, 45.43078 ], [ -75.6108, 45.43078 ], [ -75.6108, 45.43078 ], [ -75.6108, 45.43078 ], [ -75.6108, 45.43078 ], [ -75.6108, 45.43078 ], [ -75.6108, 45.43078 ], [ -75.6108, 45.43078 ], [ -75.6108, 45.43078 ], [ -75.6108, 45.43078 ], [ -75.6108, 45.43078 ], [ -75.6108, 45.43078 ], [ -75.6108, 45.43078 ], [ -75.6108, 45.43078 ], [ -75.6108, 45.43078 ], [ -75.6108, 45.43078 ], [ -75.6108, 45.43078 ], [ -75.6108, 45.43078 ], [ -75.6108, 45.43078 ], [ -75.6108, 45.43078 ], [ -75.6108, 45.43078 ], [ -75.6108, 45.43078 ], [ -75.6108, 45.43078 ], [ -75.6108, 45.43078 ], [ -75.6108, 45.43078 ], [ -75.6108, 45.43078 ], [ -75.6108, 45.43078 ], [ -75.6108, 45.43078 ], [ -75.6108, 45.43078 ], [ -75.6108, 45.43078 ], [ -75.6108, 45.43078 ], [ -75.6108, 45.43078 ], [ -75.6108, 45.43078 ], [ -75.6108, 45.43078 ], [ -75.6108, 45.43078 ], [ -75.6108, 45.43078 ], [ -75.6108, 45.43078 ], [ -75.6108, 45.43078 ], [ -75.6108, 45.43078 ], [ -75.6108, 45.43078 ], [ -75.6108, 45.43078 ], [ -75.6108, 45.43078 ], [ -75.6108, 45.43078 ], [ -75.6108, 45.43078 ], [ -75.6108, 45.43078 ], [ -75.6108, 45.43078 ], [ -75.6108, 45.43078 ], [ -75.6108, 45.43078 ], [ -75.6108, 45.43078 ], [ -75.6108, 45.43078 ], [ -75.6108, 45.43078 ], [ -75.6108, 45.43078 ], [ -75.6108, 45.43078 ], [ -75.6108, 45.43078 ], [ -75.6108, 45.43078 ], [ -75.6108, 45.43078 ], [ -75.6108, 45.43078 ], [ -75.6108, 45.43078 ], [ -75.6108, 45.43078 ], [ -75.6108, 45.43078 ], [ -75.6108, 45.43078 ], [ -75.6108, 45.43078 ], [ -75.6108, 45.43078 ], [ -75.6108, 45.43078 ], [ -75.6108, 45.43078 ], [ -75.6108, 45.43078 ], [ -75.6108, 45.43078 ], [ -75.6108, 45.43078 ], [ -75.6108, 45.43078 ], [ -75.6108, 45.43078 ], [ -75.6108, 45.43078 ], [ -75.6108, 45.43078 ], [ -75.6108, 45.43078 ], [ -75.6108, 45.43078 ], [ -75.6108, 45.43078 ], [ -75.6108, 45.43078 ], [ -75.6108, 45.43078 ], [ -75.6108, 45.43078 ], [ -75.6108, 45.43078 ], [ -75.6108, 45.43078 ], [ -75.6108, 45.43078 ], [ -75.6108, 45.43078 ], [ -75.6108, 45.43078 ], [ -75.6108, 45.43078 ], [ -75.6108, 45.43078 ], [ -75.6108, 45.43078 ], [ -75.6108, 45.43078 ], [ -75.6108, 45.43078 ], [ -75.6108, 45.43078 ], [ -75.6108, 45.43078 ], [ -75.6108, 45.43078 ], [ -75.6108, 45.43078 ], [ -75.6108, 45.43078 ], [ -75.6108, 45.43078 ], [ -75.6108, 45.43078 ], [ -75.6108, 45.43078 ], [ -75.6108, 45.43078 ], [ -75.6108, 45.43078 ], [ -75.6108, 45.43078 ], [ -75.6108, 45.43078 ], [ -75.6108, 45.43078 ], [ -75.6108, 45.43078 ], [ -75.6108, 45.43078 ], [ -75.6108, 45.43078 ], [ -75.6108, 45.43078 ], [ -75.6108, 45.43078 ], [ -75.6108, 45.43078 ], [ -75.6108, 45.43078 ], [ -75.6108, 45.43078 ], [ -75.6108, 45.43078 ], [ -75.6108, 45.43078 ], [ -75.6108, 45.43078 ], [ -75.6108, 45.43078 ], [ -75.6108, 45.43078 ], [ -75.6108, 45.43078 ], [ -75.6108, 45.43078 ], [ -75.6108, 45.43078 ], [ -75.6108, 45.43078 ], [ -75.6108, 45.43078 ], [ -75.6108, 45.43078 ], [ -75.6108, 45.43078 ], [ -75.6108, 45.43078 ], [ -75.6108, 45.43078 ], [ -75.6108, 45.43078 ], [ -75.6108, 45.43078 ], [ -75.6108, 45.43078 ], [ -75.6108, 45.43078 ], [ -75.6108, 45.43078 ], [ -75.6108, 45.43078 ], [ -75.6108, 45.43078 ], [ -75.6108, 45.43078 ], [ -75.6108, 45.43078 ], [ -75.6108, 45.43078 ], [ -75.6108, 45.43078 ], [ -75.6108, 45.43078 ], [ -75.6108, 45.43078 ], [ -75.6108, 45.43078 ], [ -75.6108, 45.43078 ], [ -75.6108, 45.43078 ], [ -75.6108, 45.43078 ], [ -75.6108, 45.43078 ], [ -75.6108, 45.43078 ], [ -75.6108, 45.43078 ], [ -75.6108, 45.43078 ], [ -75.6108, 45.43078 ], [ -75.6108, 45.43078 ], [ -75.6108, 45.43078 ], [ -75.6108, 45.43078 ], [ -75.6108, 45.43078 ], [ -75.6108, 45.43078 ], [ -75.6108, 45.43078 ], [ -75.6108, 45.43078 ], [ -75.6108, 45.43078 ], [ -75.6108, 45.43078 ], [ -75.6108, 45.43078 ], [ -75.6108, 45.43078 ], [ -75.6108, 45.43078 ], [ -75.6108, 45.43078 ], [ -75.6108, 45.43078 ], [ -75.6108, 45.43078 ], [ -75.6108, 45.43078 ], [ -75.6108, 45.43078 ], [ -75.6108, 45.43078 ], [ -75.6108, 45.43078 ], [ -75.6108, 45.43078 ], [ -75.6108, 45.43078 ], [ -75.6108, 45.43078 ], [ -75.6108, 45.43078 ], [ -75.6108, 45.43078 ], [ -75.6108, 45.43078 ], [ -75.6108, 45.43078 ], [ -75.6108, 45.43078 ], [ -75.6108, 45.43078 ], [ -75.6108, 45.43078 ], [ -75.6108, 45.43078 ], [ -75.6108, 45.43078 ], [ -75.6108, 45.43078 ], [ -75.6108, 45.43078 ], [ -75.6108, 45.43078 ], [ -75.6108, 45.43078 ], [ -75.6108, 45.43078 ], [ -75.6108, 45.43078 ], [ -75.6108, 45.43078 ], [ -75.6108, 45.43078 ], [ -75.6108, 45.43078 ], [ -75.6108, 45.43078 ], [ -75.6108, 45.43078 ], [ -75.6108, 45.43078 ], [ -75.6108, 45.43078 ], [ -75.6108, 45.43078 ], [ -75.6108, 45.43078 ], [ -75.6108, 45.43078 ], [ -75.6108, 45.43078 ], [ -75.6108, 45.43078 ], [ -75.6108, 45.43078 ], [ -75.6108, 45.43078 ], [ -75.6108, 45.43078 ], [ -75.6108, 45.43078 ], [ -75.6108, 45.43078 ], [ -75.6108, 45.43078 ], [ -75.6108, 45.43078 ], [ -75.6108, 45.43078 ], [ -75.6108, 45.43078 ], [ -75.6108, 45.43078 ], [ -75.6108, 45.43078 ], [ -75.6108, 45.43078 ], [ -75.6108, 45.43078 ], [ -75.6108, 45.43078 ], [ -75.6108, 45.43078 ], [ -75.6108, 45.43078 ], [ -75.6108, 45.43078 ], [ -75.6108, 45.43078 ], [ -75.6108, 45.43078 ], [ -75.6108, 45.43078 ], [ -75.6108, 45.43078 ], [ -75.6108, 45.43078 ], [ -75.6108, 45.43078 ], [ -75.6108, 45.43078 ], [ -75.6108, 45.43078 ], [ -75.6108, 45.43078 ], [ -75.6108, 45.43078 ], [ -75.6108, 45.43078 ], [ -75.6108, 45.43078 ], [ -75.6108, 45.43078 ], [ -75.6108, 45.43078 ], [ -75.6108, 45.43078 ], [ -75.6108, 45.43078 ], [ -75.6108, 45.43078 ], [ -75.6108, 45.43078 ], [ -75.6108, 45.43078 ], [ -75.6108, 45.43078 ], [ -75.6108, 45.43078 ], [ -75.6108, 45.43078 ], [ -75.6108, 45.43078 ], [ -75.6108, 45.43078 ], [ -75.6108, 45.43078 ], [ -75.6108, 45.43078 ], [ -75.6108, 45.43078 ], [ -75.6108, 45.43078 ], [ -75.6108, 45.43078 ], [ -75.6108, 45.43078 ], [ -75.6108, 45.43078 ], [ -75.6108, 45.43078 ], [ -75.6108, 45.43078 ], [ -75.6108, 45.43078 ], [ -75.6108, 45.43078 ], [ -75.6108, 45.43078 ], [ -75.6108, 45.43078 ], [ -75.61093, 45.43078 ], [ -75.61093, 45.43078 ], [ -75.61093, 45.43078 ], [ -75.61093, 45.43078 ], [ -75.61093, 45.43078 ], [ -75.61093, 45.43078 ], [ -75.61093, 45.43078 ], [ -75.61093, 45.43078 ], [ -75.61093, 45.43078 ], [ -75.61093, 45.43078 ], [ -75.61093, 45.43078 ], [ -75.61093, 45.43078 ], [ -75.61093, 45.43078 ], [ -75.61093, 45.43078 ], [ -75.61093, 45.43078 ], [ -75.61093, 45.43078 ], [ -75.61093, 45.43078 ], [ -75.61093, 45.43078 ], [ -75.61093, 45.43078 ], [ -75.61093, 45.43078 ], [ -75.61093, 45.43078 ], [ -75.61093, 45.43078 ], [ -75.61093, 45.43078 ], [ -75.61093, 45.43078 ], [ -75.61093, 45.43078 ], [ -75.61093, 45.43078 ], [ -75.61093, 45.43078 ], [ -75.61093, 45.43078 ], [ -75.61093, 45.43078 ], [ -75.61093, 45.43078 ], [ -75.61093, 45.43078 ], [ -75.61093, 45.43078 ], [ -75.61093, 45.43078 ], [ -75.61093, 45.43078 ], [ -75.61093, 45.43078 ], [ -75.61093, 45.43078 ], [ -75.61093, 45.43078 ], [ -75.61093, 45.43078 ], [ -75.61093, 45.43078 ], [ -75.61093, 45.43078 ], [ -75.61093, 45.43078 ], [ -75.61093, 45.43078 ], [ -75.61093, 45.43078 ], [ -75.61093, 45.43078 ], [ -75.61093, 45.43078 ], [ -75.61093, 45.43078 ], [ -75.61093, 45.43078 ], [ -75.61093, 45.43078 ], [ -75.61093, 45.43078 ], [ -75.61093, 45.43078 ], [ -75.61093, 45.43078 ], [ -75.61093, 45.43078 ], [ -75.61093, 45.43078 ], [ -75.61093, 45.43078 ], [ -75.61093, 45.43078 ], [ -75.61093, 45.43078 ], [ -75.61093, 45.43078 ], [ -75.61093, 45.43078 ], [ -75.61093, 45.43078 ], [ -75.61093, 45.43078 ], [ -75.61093, 45.43078 ], [ -75.61093, 45.43078 ], [ -75.61093, 45.43078 ], [ -75.61093, 45.43078 ], [ -75.61093, 45.43078 ], [ -75.61093, 45.43078 ], [ -75.61093, 45.43078 ], [ -75.61093, 45.43078 ], [ -75.61093, 45.43078 ], [ -75.61093, 45.43078 ], [ -75.61093, 45.43078 ], [ -75.61093, 45.43078 ], [ -75.61093, 45.43078 ], [ -75.61093, 45.43078 ], [ -75.61093, 45.43078 ], [ -75.61093, 45.43078 ], [ -75.61093, 45.43078 ], [ -75.61093, 45.43078 ], [ -75.61093, 45.43078 ], [ -75.61093, 45.43078 ], [ -75.61093, 45.43078 ], [ -75.61093, 45.43078 ], [ -75.61093, 45.43078 ], [ -75.61093, 45.43078 ], [ -75.61093, 45.43078 ], [ -75.61093, 45.43078 ], [ -75.61093, 45.43078 ], [ -75.61093, 45.43078 ], [ -75.61093, 45.43078 ], [ -75.61093, 45.43078 ], [ -75.61093, 45.43078 ], [ -75.61093, 45.43078 ], [ -75.61093, 45.43078 ], [ -75.61093, 45.43078 ], [ -75.61093, 45.43078 ], [ -75.61093, 45.43078 ], [ -75.61093, 45.43078 ], [ -75.61093, 45.43078 ], [ -75.61093, 45.43078 ], [ -75.61093, 45.43078 ], [ -75.61093, 45.43078 ], [ -75.61093, 45.43078 ], [ -75.61093, 45.43078 ], [ -75.61093, 45.43078 ], [ -75.61093, 45.43078 ], [ -75.61093, 45.43078 ], [ -75.61093, 45.43078 ], [ -75.61093, 45.43078 ], [ -75.61093, 45.43078 ], [ -75.61093, 45.43078 ], [ -75.61093, 45.43078 ], [ -75.61093, 45.43078 ], [ -75.61093, 45.43078 ], [ -75.61093, 45.43078 ], [ -75.61093, 45.43078 ], [ -75.61093, 45.43078 ], [ -75.61093, 45.43078 ], [ -75.61093, 45.43078 ], [ -75.61093, 45.43078 ], [ -75.61093, 45.43078 ], [ -75.61093, 45.43078 ], [ -75.61093, 45.43078 ], [ -75.61093, 45.43078 ], [ -75.61093, 45.43078 ], [ -75.61093, 45.43078 ], [ -75.61093, 45.43078 ], [ -75.61093, 45.43078 ], [ -75.61093, 45.43078 ], [ -75.61093, 45.43078 ], [ -75.61093, 45.43078 ], [ -75.61093, 45.43078 ], [ -75.61093, 45.43078 ], [ -75.61093, 45.43078 ], [ -75.61093, 45.43078 ], [ -75.61093, 45.43078 ], [ -75.61093, 45.43078 ], [ -75.61093, 45.43078 ], [ -75.61093, 45.43078 ], [ -75.61093, 45.43078 ], [ -75.61093, 45.43078 ], [ -75.61093, 45.43078 ], [ -75.61093, 45.43078 ], [ -75.61093, 45.43078 ], [ -75.61093, 45.43078 ], [ -75.61093, 45.43078 ], [ -75.61093, 45.43078 ], [ -75.61093, 45.43078 ], [ -75.61093, 45.43078 ], [ -75.61093, 45.43078 ], [ -75.61093, 45.43078 ], [ -75.61093, 45.43078 ], [ -75.61093, 45.43078 ], [ -75.61093, 45.43078 ], [ -75.61093, 45.43078 ], [ -75.61093, 45.43078 ], [ -75.61093, 45.43078 ], [ -75.61093, 45.43078 ], [ -75.61093, 45.43078 ], [ -75.61093, 45.43078 ], [ -75.61093, 45.43078 ], [ -75.61093, 45.43078 ], [ -75.61093, 45.43078 ], [ -75.61093, 45.43078 ], [ -75.61093, 45.43078 ], [ -75.61093, 45.43078 ], [ -75.61093, 45.43078 ], [ -75.61093, 45.43078 ], [ -75.61093, 45.43078 ], [ -75.61093, 45.43078 ], [ -75.61093, 45.43078 ], [ -75.61093, 45.43078 ], [ -75.61093, 45.43078 ], [ -75.61093, 45.43078 ], [ -75.61093, 45.43078 ], [ -75.61093, 45.43078 ], [ -75.61093, 45.43078 ], [ -75.61093, 45.43078 ], [ -75.61093, 45.43078 ], [ -75.61093, 45.43078 ], [ -75.61093, 45.43078 ], [ -75.61093, 45.43078 ], [ -75.61093, 45.43078 ], [ -75.61093, 45.43078 ], [ -75.61093, 45.43078 ], [ -75.61093, 45.43078 ], [ -75.61093, 45.43078 ], [ -75.61093, 45.43078 ], [ -75.61093, 45.43078 ], [ -75.61093, 45.43078 ], [ -75.61093, 45.43078 ], [ -75.61093, 45.43078 ], [ -75.61093, 45.43078 ], [ -75.61093, 45.43078 ], [ -75.61093, 45.43078 ], [ -75.61093, 45.43078 ], [ -75.61093, 45.43078 ], [ -75.61093, 45.43078 ], [ -75.61093, 45.43078 ], [ -75.61093, 45.43078 ], [ -75.61093, 45.43078 ], [ -75.61093, 45.43078 ], [ -75.61093, 45.43078 ], [ -75.61093, 45.43078 ], [ -75.61093, 45.43078 ], [ -75.61093, 45.43078 ], [ -75.61093, 45.43078 ], [ -75.61093, 45.43078 ], [ -75.61093, 45.43078 ], [ -75.61093, 45.43078 ], [ -75.61093, 45.43078 ], [ -75.61093, 45.43078 ], [ -75.61093, 45.43078 ], [ -75.61093, 45.43078 ], [ -75.61093, 45.43078 ], [ -75.61093, 45.43078 ], [ -75.61093, 45.43078 ], [ -75.61093, 45.43078 ], [ -75.61093, 45.43078 ], [ -75.61093, 45.43078 ], [ -75.61093, 45.43078 ], [ -75.61093, 45.43078 ], [ -75.61093, 45.43078 ], [ -75.61093, 45.43078 ], [ -75.61093, 45.43078 ], [ -75.61093, 45.43078 ], [ -75.61093, 45.43078 ], [ -75.61093, 45.43078 ], [ -75.61093, 45.43078 ], [ -75.61093, 45.43078 ], [ -75.61093, 45.43078 ], [ -75.61093, 45.43078 ], [ -75.61093, 45.43078 ], [ -75.61093, 45.43078 ], [ -75.61093, 45.43078 ], [ -75.61093, 45.43078 ], [ -75.61093, 45.43078 ], [ -75.61093, 45.43078 ], [ -75.61093, 45.43078 ], [ -75.61093, 45.43078 ], [ -75.61093, 45.43078 ], [ -75.61093, 45.43078 ], [ -75.61093, 45.43078 ], [ -75.61093, 45.43078 ], [ -75.61093, 45.43078 ], [ -75.61093, 45.43078 ], [ -75.61093, 45.43078 ], [ -75.61093, 45.43078 ], [ -75.61093, 45.43078 ], [ -75.61093, 45.43078 ], [ -75.61093, 45.43078 ], [ -75.61093, 45.43078 ], [ -75.61093, 45.43078 ], [ -75.61093, 45.43078 ], [ -75.61093, 45.43078 ], [ -75.61093, 45.43078 ], [ -75.61093, 45.43078 ], [ -75.61093, 45.43078 ], [ -75.61093, 45.43078 ], [ -75.61093, 45.43078 ], [ -75.61093, 45.43078 ], [ -75.61093, 45.43078 ], [ -75.61093, 45.43078 ], [ -75.61093, 45.43078 ], [ -75.61093, 45.43078 ], [ -75.61093, 45.43078 ], [ -75.61093, 45.43078 ], [ -75.61093, 45.43078 ], [ -75.61093, 45.43078 ], [ -75.61093, 45.43078 ], [ -75.61093, 45.43078 ], [ -75.61093, 45.43078 ], [ -75.61093, 45.43078 ], [ -75.61093, 45.43078 ], [ -75.61093, 45.43078 ], [ -75.61093, 45.43078 ], [ -75.61093, 45.43078 ], [ -75.61093, 45.43078 ], [ -75.61093, 45.43078 ], [ -75.61093, 45.43078 ], [ -75.61093, 45.43078 ], [ -75.61093, 45.43078 ], [ -75.61093, 45.43078 ], [ -75.61093, 45.43078 ], [ -75.61093, 45.43078 ], [ -75.61093, 45.43078 ], [ -75.61093, 45.43078 ], [ -75.61093, 45.43078 ], [ -75.61093, 45.43078 ], [ -75.61093, 45.43078 ], [ -75.61093, 45.43078 ], [ -75.61093, 45.43078 ], [ -75.61093, 45.43078 ], [ -75.61093, 45.43078 ], [ -75.61093, 45.43078 ], [ -75.61093, 45.43078 ], [ -75.61093, 45.43078 ], [ -75.61093, 45.43078 ], [ -75.61093, 45.43078 ], [ -75.61093, 45.43078 ], [ -75.61093, 45.43078 ], [ -75.61093, 45.43078 ], [ -75.61093, 45.43078 ], [ -75.61093, 45.43078 ], [ -75.61093, 45.43078 ], [ -75.61093, 45.43078 ], [ -75.61093, 45.43078 ], [ -75.61093, 45.43078 ], [ -75.61093, 45.43078 ], [ -75.61093, 45.43078 ], [ -75.61093, 45.43078 ], [ -75.61093, 45.43078 ], [ -75.61093, 45.43078 ], [ -75.61093, 45.43078 ], [ -75.61093, 45.43078 ], [ -75.61093, 45.43078 ], [ -75.61093, 45.43078 ], [ -75.61093, 45.43078 ], [ -75.61093, 45.43078 ], [ -75.61093, 45.43078 ], [ -75.61093, 45.43078 ], [ -75.61093, 45.43078 ], [ -75.61093, 45.43078 ], [ -75.61093, 45.43078 ], [ -75.61093, 45.43078 ], [ -75.61093, 45.43078 ], [ -75.61093, 45.43078 ], [ -75.61093, 45.43078 ], [ -75.61093, 45.43078 ], [ -75.61093, 45.43078 ], [ -75.61093, 45.43078 ], [ -75.61093, 45.43078 ], [ -75.61093, 45.43078 ], [ -75.61093, 45.43078 ], [ -75.61093, 45.43078 ], [ -75.61093, 45.43078 ], [ -75.61093, 45.43078 ], [ -75.61093, 45.43078 ], [ -75.61093, 45.43078 ], [ -75.61093, 45.43078 ], [ -75.61093, 45.43078 ], [ -75.61093, 45.43078 ], [ -75.61093, 45.43078 ], [ -75.61093, 45.43078 ], [ -75.61093, 45.43078 ], [ -75.61093, 45.43078 ], [ -75.61093, 45.43078 ], [ -75.61093, 45.43078 ], [ -75.61093, 45.43078 ], [ -75.61093, 45.43078 ], [ -75.61093, 45.43078 ], [ -75.61093, 45.43078 ], [ -75.61093, 45.43078 ], [ -75.61093, 45.43078 ], [ -75.61093, 45.43078 ], [ -75.61093, 45.43078 ], [ -75.61093, 45.43078 ], [ -75.61093, 45.43078 ], [ -75.61093, 45.43078 ], [ -75.61093, 45.43078 ], [ -75.61093, 45.43078 ], [ -75.61093, 45.43078 ], [ -75.61093, 45.43078 ], [ -75.61093, 45.43078 ], [ -75.61093, 45.43078 ], [ -75.61093, 45.43078 ], [ -75.61093, 45.43078 ], [ -75.61093, 45.43078 ], [ -75.61093, 45.43078 ], [ -75.61093, 45.43078 ], [ -75.61093, 45.43078 ], [ -75.61093, 45.43078 ], [ -75.61093, 45.43078 ], [ -75.61093, 45.43078 ], [ -75.61093, 45.43078 ], [ -75.61093, 45.43078 ], [ -75.61093, 45.43078 ], [ -75.61093, 45.43078 ], [ -75.61093, 45.43078 ], [ -75.61093, 45.43078 ], [ -75.61093, 45.43078 ], [ -75.61093, 45.43078 ], [ -75.61093, 45.43078 ], [ -75.61093, 45.43078 ], [ -75.61093, 45.43078 ], [ -75.61093, 45.43078 ], [ -75.61093, 45.43078 ], [ -75.61093, 45.43078 ], [ -75.61093, 45.43078 ], [ -75.61093, 45.43078 ], [ -75.61093, 45.43078 ], [ -75.61093, 45.43078 ], [ -75.61093, 45.43078 ], [ -75.61093, 45.43078 ], [ -75.61093, 45.43078 ], [ -75.61093, 45.43078 ], [ -75.61093, 45.43078 ], [ -75.61093, 45.43078 ], [ -75.61093, 45.43078 ], [ -75.61093, 45.43078 ], [ -75.61093, 45.43078 ], [ -75.61093, 45.43078 ], [ -75.61093, 45.43078 ], [ -75.61093, 45.43078 ], [ -75.61093, 45.43078 ], [ -75.61093, 45.43078 ], [ -75.61093, 45.43078 ], [ -75.61093, 45.43078 ], [ -75.61093, 45.43078 ], [ -75.61093, 45.43078 ], [ -75.61093, 45.43078 ], [ -75.61093, 45.43078 ], [ -75.61093, 45.43078 ], [ -75.61093, 45.43078 ], [ -75.61093, 45.43078 ], [ -75.61093, 45.43078 ], [ -75.61093, 45.43078 ], [ -75.61093, 45.43078 ], [ -75.61093, 45.43078 ], [ -75.61093, 45.43078 ], [ -75.61093, 45.43078 ], [ -75.61093, 45.43078 ], [ -75.61093, 45.43078 ], [ -75.61093, 45.43078 ], [ -75.61093, 45.43078 ], [ -75.61093, 45.43078 ], [ -75.61093, 45.43078 ], [ -75.61093, 45.43078 ], [ -75.61093, 45.43078 ], [ -75.61093, 45.43078 ], [ -75.61093, 45.43078 ], [ -75.61093, 45.43078 ], [ -75.61093, 45.43078 ], [ -75.61093, 45.43078 ], [ -75.61093, 45.43078 ], [ -75.61093, 45.43078 ], [ -75.61093, 45.43078 ], [ -75.61093, 45.43078 ], [ -75.61093, 45.43078 ], [ -75.61093, 45.43078 ], [ -75.61093, 45.43078 ], [ -75.61093, 45.43078 ], [ -75.61093, 45.43078 ], [ -75.61093, 45.43078 ], [ -75.61093, 45.43078 ], [ -75.61093, 45.43078 ], [ -75.61093, 45.43078 ], [ -75.61093, 45.43078 ], [ -75.61093, 45.43078 ], [ -75.61093, 45.43078 ], [ -75.61093, 45.43078 ], [ -75.61093, 45.43078 ], [ -75.61093, 45.43078 ], [ -75.61093, 45.43078 ], [ -75.61093, 45.43078 ], [ -75.61093, 45.43078 ], [ -75.61093, 45.43078 ], [ -75.61093, 45.43078 ], [ -75.61093, 45.43078 ], [ -75.61093, 45.43078 ], [ -75.61093, 45.43078 ], [ -75.61093, 45.43078 ], [ -75.61093, 45.43078 ], [ -75.61093, 45.43078 ], [ -75.61093, 45.43078 ], [ -75.61093, 45.43078 ], [ -75.61093, 45.43078 ], [ -75.61093, 45.43078 ], [ -75.61093, 45.43078 ], [ -75.61093, 45.43078 ], [ -75.61093, 45.43078 ], [ -75.61093, 45.43078 ], [ -75.61093, 45.43078 ], [ -75.61093, 45.43078 ], [ -75.61093, 45.43078 ], [ -75.61093, 45.43078 ], [ -75.61093, 45.43078 ], [ -75.61093, 45.43078 ], [ -75.61093, 45.43078 ], [ -75.61093, 45.43078 ], [ -75.61093, 45.43078 ], [ -75.61093, 45.43078 ], [ -75.61093, 45.43078 ], [ -75.61093, 45.43078 ], [ -75.61093, 45.43078 ], [ -75.61093, 45.43078 ], [ -75.61093, 45.43078 ], [ -75.61093, 45.43078 ], [ -75.61093, 45.43078 ], [ -75.61093, 45.43078 ], [ -75.61093, 45.43078 ], [ -75.61093, 45.43078 ], [ -75.61093, 45.43078 ], [ -75.61093, 45.43078 ], [ -75.61093, 45.43078 ], [ -75.61093, 45.43078 ], [ -75.61093, 45.43078 ], [ -75.61093, 45.43078 ], [ -75.61093, 45.43078 ], [ -75.61093, 45.43078 ], [ -75.61093, 45.43078 ], [ -75.61093, 45.43078 ], [ -75.61093, 45.43078 ], [ -75.61093, 45.43078 ], [ -75.61093, 45.43078 ], [ -75.61093, 45.43078 ], [ -75.61093, 45.43078 ], [ -75.61093, 45.43078 ], [ -75.61093, 45.43078 ], [ -75.61093, 45.43078 ], [ -75.61093, 45.43078 ], [ -75.61093, 45.43078 ], [ -75.61093, 45.43078 ], [ -75.61093, 45.43078 ], [ -75.61093, 45.43078 ], [ -75.61093, 45.43078 ], [ -75.61093, 45.43078 ], [ -75.61093, 45.43078 ], [ -75.61093, 45.43078 ], [ -75.61093, 45.43078 ], [ -75.61093, 45.43078 ], [ -75.61093, 45.43078 ], [ -75.61093, 45.43078 ], [ -75.61093, 45.43078 ], [ -75.61093, 45.43078 ], [ -75.61093, 45.43078 ], [ -75.61093, 45.43078 ], [ -75.61093, 45.43078 ], [ -75.61093, 45.43078 ], [ -75.61093, 45.43078 ], [ -75.61093, 45.43078 ], [ -75.61093, 45.43078 ], [ -75.61093, 45.43078 ], [ -75.61093, 45.43078 ], [ -75.61093, 45.43078 ], [ -75.61093, 45.43078 ], [ -75.61093, 45.43078 ], [ -75.61093, 45.43078 ], [ -75.61093, 45.43078 ], [ -75.61093, 45.43078 ], [ -75.61093, 45.43078 ], [ -75.61093, 45.43078 ], [ -75.61093, 45.43078 ], [ -75.61093, 45.43078 ], [ -75.61093, 45.43078 ], [ -75.61093, 45.43078 ], [ -75.61093, 45.43078 ], [ -75.61093, 45.43078 ], [ -75.61093, 45.43078 ], [ -75.61093, 45.43078 ], [ -75.61093, 45.43078 ], [ -75.61093, 45.43078 ], [ -75.61093, 45.43078 ], [ -75.61093, 45.43078 ], [ -75.61093, 45.43078 ], [ -75.61093, 45.43078 ], [ -75.61093, 45.43078 ], [ -75.61093, 45.43078 ], [ -75.61093, 45.43078 ], [ -75.61093, 45.43078 ], [ -75.61093, 45.43078 ], [ -75.61093, 45.43078 ], [ -75.61093, 45.43078 ], [ -75.61093, 45.43078 ], [ -75.61093, 45.43078 ], [ -75.61093, 45.43078 ], [ -75.61093, 45.43078 ], [ -75.61093, 45.43078 ], [ -75.61093, 45.43078 ], [ -75.61093, 45.43078 ], [ -75.61093, 45.43078 ], [ -75.61093, 45.43078 ], [ -75.61093, 45.43078 ], [ -75.61093, 45.43078 ], [ -75.61093, 45.43078 ], [ -75.61093, 45.43078 ], [ -75.61093, 45.43078 ], [ -75.61093, 45.43078 ], [ -75.61093, 45.43078 ], [ -75.61093, 45.43078 ], [ -75.61093, 45.43078 ], [ -75.61093, 45.43078 ], [ -75.61093, 45.43078 ], [ -75.61093, 45.43078 ], [ -75.61093, 45.43078 ], [ -75.61093, 45.43078 ], [ -75.61093, 45.43078 ], [ -75.61093, 45.43078 ], [ -75.61093, 45.43078 ], [ -75.61093, 45.43078 ], [ -75.61093, 45.43078 ], [ -75.61093, 45.43078 ], [ -75.61093, 45.43078 ], [ -75.61093, 45.43078 ], [ -75.61093, 45.43078 ], [ -75.61093, 45.43078 ], [ -75.61093, 45.43078 ], [ -75.61093, 45.43078 ], [ -75.61093, 45.43078 ], [ -75.61093, 45.43078 ], [ -75.61093, 45.43078 ], [ -75.61093, 45.43078 ], [ -75.61093, 45.43078 ], [ -75.61093, 45.43078 ], [ -75.61093, 45.43078 ], [ -75.61093, 45.43078 ], [ -75.61093, 45.43078 ], [ -75.61093, 45.43078 ], [ -75.61093, 45.43078 ], [ -75.61093, 45.43078 ], [ -75.61093, 45.43078 ], [ -75.61093, 45.43078 ], [ -75.61093, 45.43078 ], [ -75.61093, 45.43078 ], [ -75.61093, 45.43078 ], [ -75.61093, 45.43078 ], [ -75.61093, 45.43078 ], [ -75.61093, 45.43078 ], [ -75.61093, 45.43078 ], [ -75.61093, 45.43078 ], [ -75.61093, 45.43078 ], [ -75.61093, 45.43078 ], [ -75.61093, 45.43078 ], [ -75.61093, 45.43078 ], [ -75.61093, 45.43078 ], [ -75.61093, 45.43078 ], [ -75.61093, 45.43078 ], [ -75.61093, 45.43078 ], [ -75.61093, 45.43078 ], [ -75.61093, 45.43078 ], [ -75.61093, 45.43078 ], [ -75.61093, 45.43078 ], [ -75.61093, 45.43078 ], [ -75.61093, 45.43078 ], [ -75.61093, 45.43078 ], [ -75.61093, 45.43078 ], [ -75.61093, 45.43078 ], [ -75.61093, 45.43078 ], [ -75.61093, 45.43078 ], [ -75.61093, 45.43078 ], [ -75.61093, 45.43078 ], [ -75.61093, 45.43078 ], [ -75.61093, 45.43078 ], [ -75.61093, 45.43078 ], [ -75.61093, 45.43078 ], [ -75.61093, 45.43078 ], [ -75.61093, 45.43078 ], [ -75.61093, 45.43078 ], [ -75.61093, 45.43078 ], [ -75.61093, 45.43078 ], [ -75.61093, 45.43078 ], [ -75.61093, 45.43078 ], [ -75.61093, 45.43078 ], [ -75.61093, 45.43078 ], [ -75.61093, 45.43078 ], [ -75.61093, 45.43078 ], [ -75.61093, 45.43078 ], [ -75.61093, 45.43078 ], [ -75.61093, 45.43078 ], [ -75.61093, 45.43078 ], [ -75.61093, 45.43078 ], [ -75.61093, 45.43078 ], [ -75.61093, 45.43078 ], [ -75.61093, 45.43078 ], [ -75.61093, 45.43078 ], [ -75.61093, 45.43078 ], [ -75.61093, 45.43078 ], [ -75.61093, 45.43078 ], [ -75.61093, 45.43078 ], [ -75.61093, 45.43078 ], [ -75.61093, 45.43078 ], [ -75.61093, 45.43078 ], [ -75.61093, 45.43078 ], [ -75.61093, 45.43078 ], [ -75.61093, 45.43078 ], [ -75.61093, 45.43078 ], [ -75.61093, 45.43078 ], [ -75.61093, 45.43078 ], [ -75.61093, 45.43078 ], [ -75.61093, 45.43078 ], [ -75.61093, 45.43078 ], [ -75.61093, 45.43078 ], [ -75.61093, 45.43078 ], [ -75.61093, 45.43078 ], [ -75.61093, 45.43078 ], [ -75.61093, 45.43078 ], [ -75.61093, 45.43078 ], [ -75.61093, 45.43078 ], [ -75.61093, 45.43078 ], [ -75.61093, 45.43078 ], [ -75.61093, 45.43078 ], [ -75.61093, 45.43078 ], [ -75.61093, 45.43078 ], [ -75.61093, 45.43078 ], [ -75.61093, 45.43078 ], [ -75.61093, 45.43078 ], [ -75.61093, 45.43078 ], [ -75.61093, 45.43078 ], [ -75.61093, 45.43078 ], [ -75.61093, 45.43078 ], [ -75.61093, 45.43078 ], [ -75.61093, 45.43078 ], [ -75.61093, 45.43078 ], [ -75.61093, 45.43078 ], [ -75.61093, 45.43078 ], [ -75.61093, 45.43078 ], [ -75.61093, 45.43078 ], [ -75.61093, 45.43078 ], [ -75.61093, 45.43078 ], [ -75.61093, 45.43078 ], [ -75.61093, 45.43078 ], [ -75.61093, 45.43078 ], [ -75.61093, 45.43078 ], [ -75.61093, 45.43078 ], [ -75.61093, 45.43078 ], [ -75.61093, 45.43078 ], [ -75.61093, 45.43078 ], [ -75.61093, 45.43078 ], [ -75.61093, 45.43078 ], [ -75.61093, 45.43078 ], [ -75.61093, 45.43078 ], [ -75.61093, 45.43078 ], [ -75.61093, 45.43078 ], [ -75.61093, 45.43078 ], [ -75.61093, 45.43078 ], [ -75.61093, 45.43078 ], [ -75.61093, 45.43078 ], [ -75.61093, 45.43078 ], [ -75.61093, 45.43078 ], [ -75.61093, 45.43078 ], [ -75.61093, 45.43078 ], [ -75.61093, 45.43078 ], [ -75.61093, 45.43078 ], [ -75.61093, 45.43078 ], [ -75.61093, 45.43078 ], [ -75.61093, 45.43078 ], [ -75.61093, 45.43078 ], [ -75.61093, 45.43078 ], [ -75.61093, 45.43078 ], [ -75.61093, 45.43078 ], [ -75.61093, 45.43078 ], [ -75.61093, 45.43078 ], [ -75.61093, 45.43078 ], [ -75.61093, 45.43078 ], [ -75.61093, 45.43078 ], [ -75.61093, 45.43078 ], [ -75.61093, 45.43078 ], [ -75.61093, 45.43078 ], [ -75.61093, 45.43078 ], [ -75.61093, 45.43078 ], [ -75.61093, 45.43078 ], [ -75.61093, 45.43078 ], [ -75.61093, 45.43078 ], [ -75.61093, 45.43078 ], [ -75.61093, 45.43078 ], [ -75.61093, 45.43078 ], [ -75.61093, 45.43078 ], [ -75.61093, 45.43078 ], [ -75.61093, 45.43078 ], [ -75.61093, 45.43078 ], [ -75.61093, 45.43078 ], [ -75.61093, 45.43078 ], [ -75.61093, 45.43078 ], [ -75.61093, 45.43078 ], [ -75.61093, 45.43078 ], [ -75.61093, 45.43078 ], [ -75.61093, 45.43078 ], [ -75.61093, 45.43078 ], [ -75.61093, 45.43078 ], [ -75.61093, 45.43078 ], [ -75.61093, 45.43078 ], [ -75.61093, 45.43078 ], [ -75.61093, 45.43078 ], [ -75.61093, 45.43078 ], [ -75.61093, 45.43078 ], [ -75.61093, 45.43078 ], [ -75.61093, 45.43078 ], [ -75.61093, 45.43078 ], [ -75.61093, 45.43078 ], [ -75.61093, 45.43078 ], [ -75.61093, 45.43078 ], [ -75.61093, 45.43078 ], [ -75.61093, 45.43078 ], [ -75.61093, 45.43078 ], [ -75.61093, 45.43078 ], [ -75.61093, 45.43078 ], [ -75.61093, 45.43078 ], [ -75.61093, 45.43078 ], [ -75.61093, 45.43078 ], [ -75.61093, 45.43078 ], [ -75.61093, 45.43078 ], [ -75.61093, 45.43078 ], [ -75.61093, 45.43078 ], [ -75.61093, 45.43078 ], [ -75.61093, 45.43078 ], [ -75.61093, 45.43078 ], [ -75.61093, 45.43078 ], [ -75.61093, 45.43078 ], [ -75.61093, 45.43078 ], [ -75.61093, 45.43078 ], [ -75.61093, 45.43078 ], [ -75.61093, 45.43078 ], [ -75.61093, 45.43078 ], [ -75.61093, 45.43078 ], [ -75.61093, 45.43078 ], [ -75.61093, 45.43078 ], [ -75.61093, 45.43078 ], [ -75.61093, 45.43078 ], [ -75.61093, 45.43078 ], [ -75.61093, 45.43078 ], [ -75.61093, 45.43078 ], [ -75.61093, 45.43078 ], [ -75.61093, 45.43078 ], [ -75.61093, 45.43078 ], [ -75.61093, 45.43078 ], [ -75.61093, 45.43078 ], [ -75.61093, 45.43078 ], [ -75.61093, 45.43078 ], [ -75.61093, 45.43078 ], [ -75.61093, 45.43078 ], [ -75.61093, 45.43078 ], [ -75.61093, 45.43078 ], [ -75.61093, 45.43078 ], [ -75.61093, 45.43078 ], [ -75.61093, 45.43078 ], [ -75.61093, 45.43078 ], [ -75.61093, 45.43078 ], [ -75.61093, 45.43078 ], [ -75.61093, 45.43078 ], [ -75.61093, 45.43078 ], [ -75.61093, 45.43078 ], [ -75.61093, 45.43078 ], [ -75.61093, 45.43078 ], [ -75.61093, 45.43078 ], [ -75.61093, 45.43078 ], [ -75.61093, 45.43078 ], [ -75.61093, 45.43078 ], [ -75.61093, 45.43078 ], [ -75.61093, 45.43078 ], [ -75.61093, 45.43078 ], [ -75.61093, 45.43078 ], [ -75.61093, 45.43078 ], [ -75.61093, 45.43078 ], [ -75.61093, 45.43078 ], [ -75.61093, 45.43078 ], [ -75.61093, 45.43078 ], [ -75.61093, 45.43078 ], [ -75.61093, 45.43078 ], [ -75.61093, 45.43078 ], [ -75.61093, 45.43078 ], [ -75.61093, 45.43078 ], [ -75.61093, 45.43078 ], [ -75.61093, 45.43078 ], [ -75.61093, 45.43078 ], [ -75.61093, 45.43078 ], [ -75.61093, 45.43078 ], [ -75.61093, 45.43078 ], [ -75.61093, 45.43078 ], [ -75.61093, 45.43078 ], [ -75.61093, 45.43078 ], [ -75.61093, 45.43078 ], [ -75.61093, 45.43078 ], [ -75.61093, 45.43078 ], [ -75.61093, 45.43078 ], [ -75.61093, 45.43078 ], [ -75.61093, 45.43078 ], [ -75.61093, 45.43078 ], [ -75.61093, 45.43078 ], [ -75.61093, 45.43078 ], [ -75.61093, 45.43078 ], [ -75.61093, 45.43078 ], [ -75.61093, 45.43078 ], [ -75.61093, 45.43078 ], [ -75.61093, 45.43078 ], [ -75.61093, 45.43078 ], [ -75.61093, 45.43078 ], [ -75.61093, 45.43078 ], [ -75.61093, 45.43078 ], [ -75.61093, 45.43078 ], [ -75.61093, 45.43078 ], [ -75.61093, 45.43078 ], [ -75.61093, 45.43078 ], [ -75.61093, 45.43078 ], [ -75.61093, 45.43078 ], [ -75.61093, 45.43078 ], [ -75.61093, 45.43078 ], [ -75.61093, 45.43078 ], [ -75.61093, 45.43078 ], [ -75.61093, 45.43078 ], [ -75.61093, 45.43078 ], [ -75.61093, 45.43078 ], [ -75.61093, 45.43078 ], [ -75.61093, 45.43078 ], [ -75.61093, 45.43078 ], [ -75.61093, 45.43078 ], [ -75.61093, 45.43078 ], [ -75.61093, 45.43078 ], [ -75.61093, 45.43078 ], [ -75.61093, 45.43078 ], [ -75.61093, 45.43078 ], [ -75.61093, 45.43078 ], [ -75.61093, 45.43078 ], [ -75.61093, 45.43078 ], [ -75.61093, 45.43078 ], [ -75.61093, 45.43078 ], [ -75.61093, 45.43078 ], [ -75.61093, 45.43078 ], [ -75.61093, 45.43078 ], [ -75.61093, 45.43078 ], [ -75.61093, 45.43078 ], [ -75.61093, 45.43078 ], [ -75.61093, 45.43078 ], [ -75.61093, 45.43078 ], [ -75.61093, 45.43078 ], [ -75.61093, 45.43078 ], [ -75.61093, 45.43078 ], [ -75.61093, 45.43078 ], [ -75.61093, 45.43078 ], [ -75.61093, 45.43078 ], [ -75.61093, 45.43078 ], [ -75.61093, 45.43078 ], [ -75.61093, 45.43078 ], [ -75.61093, 45.43078 ], [ -75.61093, 45.43078 ], [ -75.61093, 45.43078 ], [ -75.61093, 45.43078 ], [ -75.61093, 45.43078 ], [ -75.61093, 45.43078 ], [ -75.61093, 45.43078 ], [ -75.61093, 45.43078 ], [ -75.61093, 45.43078 ], [ -75.61093, 45.43078 ], [ -75.61093, 45.43078 ], [ -75.61093, 45.43078 ], [ -75.61093, 45.43078 ], [ -75.61093, 45.43078 ], [ -75.61093, 45.43078 ], [ -75.61093, 45.43078 ], [ -75.61093, 45.43078 ], [ -75.61093, 45.43078 ], [ -75.61093, 45.43078 ], [ -75.61093, 45.43078 ], [ -75.61093, 45.43078 ], [ -75.61093, 45.43078 ], [ -75.61093, 45.43078 ], [ -75.61093, 45.43078 ], [ -75.61093, 45.43078 ], [ -75.61093, 45.43078 ], [ -75.61093, 45.43078 ], [ -75.61093, 45.43078 ], [ -75.61093, 45.43078 ], [ -75.61093, 45.43078 ], [ -75.61093, 45.43078 ], [ -75.61093, 45.43078 ], [ -75.61093, 45.43078 ], [ -75.61093, 45.43078 ], [ -75.61093, 45.43078 ], [ -75.61093, 45.43078 ], [ -75.61093, 45.43078 ], [ -75.61093, 45.43078 ], [ -75.61093, 45.43078 ], [ -75.61093, 45.43078 ], [ -75.61093, 45.43078 ], [ -75.61093, 45.43078 ], [ -75.61093, 45.43078 ], [ -75.61093, 45.43078 ], [ -75.61093, 45.43078 ], [ -75.61093, 45.43078 ], [ -75.61093, 45.43078 ], [ -75.61093, 45.43078 ], [ -75.61093, 45.43078 ], [ -75.61093, 45.43078 ], [ -75.61093, 45.43078 ], [ -75.61093, 45.43078 ], [ -75.61093, 45.43078 ], [ -75.61093, 45.43078 ], [ -75.61093, 45.43078 ], [ -75.61093, 45.43078 ], [ -75.61093, 45.43078 ], [ -75.61093, 45.43078 ], [ -75.61093, 45.43078 ], [ -75.61093, 45.43078 ], [ -75.61093, 45.43078 ], [ -75.61093, 45.43078 ], [ -75.61093, 45.43078 ], [ -75.61093, 45.43078 ], [ -75.61093, 45.43078 ], [ -75.61093, 45.43078 ], [ -75.61093, 45.43078 ], [ -75.61093, 45.43078 ], [ -75.61093, 45.43078 ], [ -75.61093, 45.43078 ], [ -75.61093, 45.43078 ], [ -75.61093, 45.43078 ], [ -75.61093, 45.43078 ], [ -75.61093, 45.43078 ], [ -75.61093, 45.43078 ], [ -75.61093, 45.43078 ], [ -75.61093, 45.43078 ], [ -75.61093, 45.43078 ], [ -75.61093, 45.43078 ], [ -75.61093, 45.43078 ], [ -75.61093, 45.43078 ], [ -75.61093, 45.43078 ], [ -75.61093, 45.43078 ], [ -75.61093, 45.43078 ], [ -75.61093, 45.43078 ], [ -75.61093, 45.43078 ], [ -75.61093, 45.43078 ], [ -75.61093, 45.43078 ], [ -75.61093, 45.43078 ], [ -75.61093, 45.43078 ], [ -75.61093, 45.43078 ], [ -75.61093, 45.43078 ], [ -75.61093, 45.43078 ], [ -75.61093, 45.43078 ], [ -75.61093, 45.43078 ], [ -75.61093, 45.43078 ], [ -75.61093, 45.43078 ], [ -75.61093, 45.43078 ], [ -75.61093, 45.43078 ], [ -75.61093, 45.43078 ], [ -75.61093, 45.43078 ], [ -75.61093, 45.43078 ], [ -75.61093, 45.43078 ], [ -75.61093, 45.43078 ], [ -75.61093, 45.43078 ], [ -75.61093, 45.43078 ], [ -75.61093, 45.43078 ], [ -75.61093, 45.43078 ], [ -75.61093, 45.43078 ], [ -75.61093, 45.43078 ], [ -75.61093, 45.43078 ], [ -75.61093, 45.43078 ], [ -75.61093, 45.43078 ], [ -75.61093, 45.43078 ], [ -75.61093, 45.43078 ], [ -75.61093, 45.43078 ], [ -75.61093, 45.43078 ], [ -75.61093, 45.43078 ], [ -75.61093, 45.43078 ], [ -75.61093, 45.43078 ], [ -75.61093, 45.43078 ], [ -75.61093, 45.43078 ], [ -75.61093, 45.43078 ], [ -75.61093, 45.43078 ], [ -75.61093, 45.43078 ], [ -75.61108, 45.43078 ], [ -75.61108, 45.43078 ], [ -75.61108, 45.43078 ], [ -75.61108, 45.43078 ], [ -75.61108, 45.43078 ], [ -75.61108, 45.43078 ], [ -75.61108, 45.43078 ], [ -75.61108, 45.43078 ], [ -75.61108, 45.43078 ], [ -75.61108, 45.43078 ], [ -75.61108, 45.43078 ], [ -75.61108, 45.43078 ], [ -75.61108, 45.43078 ], [ -75.61108, 45.43078 ], [ -75.61108, 45.43078 ], [ -75.61108, 45.43078 ], [ -75.61108, 45.43078 ], [ -75.61108, 45.43078 ], [ -75.61108, 45.43078 ], [ -75.61108, 45.43078 ], [ -75.61108, 45.43078 ], [ -75.61108, 45.43078 ], [ -75.61108, 45.43078 ], [ -75.61108, 45.43078 ], [ -75.61108, 45.43078 ], [ -75.61108, 45.43078 ], [ -75.61108, 45.43078 ], [ -75.61108, 45.43078 ], [ -75.61108, 45.43078 ], [ -75.61108, 45.43078 ], [ -75.61108, 45.43078 ], [ -75.61108, 45.43078 ], [ -75.61108, 45.43078 ], [ -75.61108, 45.43078 ], [ -75.61108, 45.43078 ], [ -75.61108, 45.43078 ], [ -75.61108, 45.43078 ], [ -75.61108, 45.43078 ], [ -75.61108, 45.43078 ], [ -75.61108, 45.43078 ], [ -75.61108, 45.43078 ], [ -75.61108, 45.43078 ], [ -75.61108, 45.43078 ], [ -75.61108, 45.43078 ], [ -75.61108, 45.43078 ], [ -75.61108, 45.43078 ], [ -75.61108, 45.43078 ], [ -75.61108, 45.43078 ], [ -75.61108, 45.43078 ], [ -75.61108, 45.43078 ], [ -75.61108, 45.43078 ], [ -75.61108, 45.43078 ], [ -75.61108, 45.43078 ], [ -75.61108, 45.43078 ], [ -75.61108, 45.43078 ], [ -75.61108, 45.43078 ], [ -75.61108, 45.43078 ], [ -75.61108, 45.43078 ], [ -75.61108, 45.43078 ], [ -75.61108, 45.43078 ], [ -75.61108, 45.43078 ], [ -75.61108, 45.43078 ], [ -75.61108, 45.43078 ], [ -75.61108, 45.43078 ], [ -75.61108, 45.43078 ], [ -75.61108, 45.43078 ], [ -75.61108, 45.43078 ], [ -75.61108, 45.43078 ], [ -75.61108, 45.43078 ], [ -75.61108, 45.43078 ], [ -75.61108, 45.43078 ], [ -75.61108, 45.43078 ], [ -75.61108, 45.43078 ], [ -75.61108, 45.43078 ], [ -75.61108, 45.43078 ], [ -75.61108, 45.43078 ], [ -75.61108, 45.43078 ], [ -75.61108, 45.43078 ], [ -75.61108, 45.43078 ], [ -75.61108, 45.43078 ], [ -75.61108, 45.43078 ], [ -75.61108, 45.43078 ], [ -75.61108, 45.43078 ], [ -75.61108, 45.43078 ], [ -75.61108, 45.43078 ], [ -75.61108, 45.43078 ], [ -75.61108, 45.43078 ], [ -75.61108, 45.43078 ], [ -75.61108, 45.43078 ], [ -75.61108, 45.43078 ], [ -75.61108, 45.43078 ], [ -75.61108, 45.43078 ], [ -75.61108, 45.43078 ], [ -75.61108, 45.43078 ], [ -75.61108, 45.43078 ], [ -75.61108, 45.43078 ], [ -75.61108, 45.43078 ], [ -75.61108, 45.43078 ], [ -75.61108, 45.43078 ], [ -75.61108, 45.43078 ], [ -75.61108, 45.43078 ], [ -75.61108, 45.43078 ], [ -75.61108, 45.43078 ], [ -75.61108, 45.43078 ], [ -75.61108, 45.43078 ], [ -75.61108, 45.43078 ], [ -75.61108, 45.43078 ], [ -75.61108, 45.43078 ], [ -75.61108, 45.43078 ], [ -75.61108, 45.43078 ], [ -75.61108, 45.43078 ], [ -75.61108, 45.43078 ], [ -75.61108, 45.43078 ], [ -75.61108, 45.43078 ], [ -75.61108, 45.43078 ], [ -75.61108, 45.43078 ], [ -75.61108, 45.43078 ], [ -75.61108, 45.43078 ], [ -75.61108, 45.43078 ], [ -75.61108, 45.43078 ], [ -75.61108, 45.43078 ], [ -75.61108, 45.43078 ], [ -75.61108, 45.43078 ], [ -75.61108, 45.43078 ], [ -75.61108, 45.43078 ], [ -75.61108, 45.43078 ], [ -75.61108, 45.43078 ], [ -75.61108, 45.43078 ], [ -75.61108, 45.43078 ], [ -75.61108, 45.43078 ], [ -75.61108, 45.43078 ], [ -75.61108, 45.43078 ], [ -75.61108, 45.43078 ], [ -75.61108, 45.43078 ], [ -75.61108, 45.43078 ], [ -75.61108, 45.43078 ], [ -75.61108, 45.43078 ], [ -75.61108, 45.43078 ], [ -75.61108, 45.43078 ], [ -75.61108, 45.43078 ], [ -75.61108, 45.43078 ], [ -75.61108, 45.43078 ], [ -75.61108, 45.43078 ], [ -75.61108, 45.43078 ], [ -75.61108, 45.43078 ], [ -75.61108, 45.43078 ], [ -75.61108, 45.43078 ], [ -75.61108, 45.43078 ], [ -75.61108, 45.43078 ], [ -75.61108, 45.43078 ], [ -75.61108, 45.43078 ], [ -75.61108, 45.43078 ], [ -75.61108, 45.43078 ], [ -75.61108, 45.43078 ], [ -75.61108, 45.43078 ], [ -75.61108, 45.43078 ], [ -75.61108, 45.43078 ], [ -75.61108, 45.43078 ], [ -75.61108, 45.43078 ], [ -75.61108, 45.43078 ], [ -75.61108, 45.43078 ], [ -75.61108, 45.43078 ], [ -75.61108, 45.43078 ], [ -75.61108, 45.43078 ], [ -75.61108, 45.43078 ], [ -75.61108, 45.43078 ], [ -75.61108, 45.43078 ], [ -75.61108, 45.43078 ], [ -75.61108, 45.43078 ], [ -75.61108, 45.43078 ], [ -75.61108, 45.43078 ], [ -75.61108, 45.43078 ], [ -75.61108, 45.43078 ], [ -75.61108, 45.43078 ], [ -75.61108, 45.43078 ], [ -75.61108, 45.43078 ], [ -75.61108, 45.43078 ], [ -75.61108, 45.43078 ], [ -75.61108, 45.43078 ], [ -75.61108, 45.43078 ], [ -75.61108, 45.43078 ], [ -75.61108, 45.43078 ], [ -75.61108, 45.43078 ], [ -75.61108, 45.43078 ], [ -75.61108, 45.43078 ], [ -75.61108, 45.43078 ], [ -75.61108, 45.43078 ], [ -75.61108, 45.43078 ], [ -75.61108, 45.43078 ], [ -75.61108, 45.43078 ], [ -75.61108, 45.43078 ], [ -75.61108, 45.43078 ], [ -75.61108, 45.43078 ], [ -75.61108, 45.43078 ], [ -75.61108, 45.43078 ], [ -75.61108, 45.43078 ], [ -75.61108, 45.43078 ], [ -75.61108, 45.43078 ], [ -75.61108, 45.43078 ], [ -75.61108, 45.43078 ], [ -75.61108, 45.43078 ], [ -75.61108, 45.43078 ], [ -75.61108, 45.43078 ], [ -75.61108, 45.43078 ], [ -75.61108, 45.43078 ], [ -75.61108, 45.43078 ], [ -75.61108, 45.43078 ], [ -75.61108, 45.43078 ], [ -75.61108, 45.43078 ], [ -75.61108, 45.43078 ], [ -75.61108, 45.43078 ], [ -75.61108, 45.43078 ], [ -75.61108, 45.43078 ], [ -75.61108, 45.43078 ], [ -75.61108, 45.43078 ], [ -75.61108, 45.43078 ], [ -75.61108, 45.43078 ], [ -75.61108, 45.43078 ], [ -75.61108, 45.43078 ], [ -75.61108, 45.43078 ], [ -75.61108, 45.43078 ], [ -75.61108, 45.43078 ], [ -75.61108, 45.43078 ], [ -75.61108, 45.43078 ], [ -75.61108, 45.43078 ], [ -75.61108, 45.43078 ], [ -75.61108, 45.43078 ], [ -75.61108, 45.43078 ], [ -75.61108, 45.43078 ], [ -75.61108, 45.43078 ], [ -75.61108, 45.43078 ], [ -75.61108, 45.43078 ], [ -75.61108, 45.43078 ], [ -75.61108, 45.43078 ], [ -75.61108, 45.43078 ], [ -75.61108, 45.43078 ], [ -75.61108, 45.43078 ], [ -75.61108, 45.43078 ], [ -75.61108, 45.43078 ], [ -75.61108, 45.43078 ], [ -75.61108, 45.43078 ], [ -75.61108, 45.43078 ], [ -75.61108, 45.43078 ], [ -75.61108, 45.43078 ], [ -75.61108, 45.43078 ], [ -75.61108, 45.43078 ], [ -75.61108, 45.43078 ], [ -75.61108, 45.43078 ], [ -75.61108, 45.43078 ], [ -75.61108, 45.43078 ], [ -75.61108, 45.43078 ], [ -75.61108, 45.43078 ], [ -75.61108, 45.43078 ], [ -75.61108, 45.43078 ], [ -75.61108, 45.43078 ], [ -75.61108, 45.43078 ], [ -75.61108, 45.43078 ], [ -75.61108, 45.43078 ], [ -75.61108, 45.43078 ], [ -75.61108, 45.43078 ], [ -75.61108, 45.43078 ], [ -75.61108, 45.43078 ], [ -75.61108, 45.43078 ], [ -75.61108, 45.43078 ], [ -75.61108, 45.43078 ], [ -75.61108, 45.43078 ], [ -75.61108, 45.43078 ], [ -75.61108, 45.43078 ], [ -75.61108, 45.43078 ], [ -75.61108, 45.43078 ], [ -75.61108, 45.43078 ], [ -75.61108, 45.43078 ], [ -75.61108, 45.43078 ], [ -75.61108, 45.43078 ], [ -75.61108, 45.43078 ], [ -75.61108, 45.43078 ], [ -75.61108, 45.43078 ], [ -75.61108, 45.43078 ], [ -75.61108, 45.43078 ], [ -75.61108, 45.43078 ], [ -75.61108, 45.43078 ], [ -75.61108, 45.43078 ], [ -75.61108, 45.43078 ], [ -75.61108, 45.43078 ], [ -75.61108, 45.43078 ], [ -75.61108, 45.43078 ], [ -75.61108, 45.43078 ], [ -75.61108, 45.43078 ], [ -75.61108, 45.43078 ], [ -75.61108, 45.43078 ], [ -75.61108, 45.43078 ], [ -75.61108, 45.43078 ], [ -75.61108, 45.43078 ], [ -75.61108, 45.43078 ], [ -75.61108, 45.43078 ], [ -75.61108, 45.43078 ], [ -75.61108, 45.43078 ], [ -75.61108, 45.43078 ], [ -75.61108, 45.43078 ], [ -75.61108, 45.43078 ], [ -75.61108, 45.43078 ], [ -75.61108, 45.43078 ], [ -75.61108, 45.43078 ], [ -75.61108, 45.43078 ], [ -75.61108, 45.43078 ], [ -75.61108, 45.43078 ], [ -75.61108, 45.43078 ], [ -75.61108, 45.43078 ], [ -75.61108, 45.43078 ], [ -75.61108, 45.43078 ], [ -75.61108, 45.43078 ], [ -75.61108, 45.43078 ], [ -75.61108, 45.43078 ], [ -75.61108, 45.43078 ], [ -75.61108, 45.43078 ], [ -75.61108, 45.43078 ], [ -75.61108, 45.43078 ], [ -75.61108, 45.43078 ], [ -75.61108, 45.43078 ], [ -75.61108, 45.43078 ], [ -75.61108, 45.43078 ], [ -75.61108, 45.43078 ], [ -75.61108, 45.43078 ], [ -75.61108, 45.43078 ], [ -75.61108, 45.43078 ], [ -75.61108, 45.43078 ], [ -75.61108, 45.43078 ], [ -75.61108, 45.43078 ], [ -75.61108, 45.43078 ], [ -75.61108, 45.43078 ], [ -75.61108, 45.43078 ], [ -75.61108, 45.43078 ], [ -75.61108, 45.43078 ], [ -75.61108, 45.43078 ], [ -75.61108, 45.43078 ], [ -75.61108, 45.43078 ], [ -75.61108, 45.43078 ], [ -75.61108, 45.43078 ], [ -75.61108, 45.43078 ], [ -75.61108, 45.43078 ], [ -75.61108, 45.43078 ], [ -75.61108, 45.43078 ], [ -75.61108, 45.43078 ], [ -75.61108, 45.43078 ], [ -75.61108, 45.43078 ], [ -75.61108, 45.43078 ], [ -75.61108, 45.43078 ], [ -75.61108, 45.43078 ], [ -75.61108, 45.43078 ], [ -75.61108, 45.43078 ], [ -75.61108, 45.43078 ], [ -75.61108, 45.43078 ], [ -75.61108, 45.43078 ], [ -75.61108, 45.43078 ], [ -75.61108, 45.43078 ], [ -75.61108, 45.43078 ], [ -75.61108, 45.43078 ], [ -75.61108, 45.43078 ], [ -75.61108, 45.43078 ], [ -75.61108, 45.43078 ], [ -75.61108, 45.43078 ], [ -75.61108, 45.43078 ], [ -75.61108, 45.43078 ], [ -75.61108, 45.43078 ], [ -75.61108, 45.43078 ], [ -75.61108, 45.43078 ], [ -75.61108, 45.43078 ], [ -75.61108, 45.43078 ], [ -75.61108, 45.43078 ], [ -75.61108, 45.43078 ], [ -75.61108, 45.43078 ], [ -75.61108, 45.43078 ], [ -75.61108, 45.43078 ], [ -75.61108, 45.43078 ], [ -75.61108, 45.43078 ], [ -75.61108, 45.43078 ], [ -75.61108, 45.43078 ], [ -75.61108, 45.43078 ], [ -75.61108, 45.43078 ], [ -75.61108, 45.43078 ], [ -75.61108, 45.43078 ], [ -75.61108, 45.43078 ], [ -75.61108, 45.43078 ], [ -75.61108, 45.43078 ], [ -75.61108, 45.43078 ], [ -75.61108, 45.43078 ], [ -75.61108, 45.43078 ], [ -75.61108, 45.43078 ], [ -75.61108, 45.43078 ], [ -75.61108, 45.43078 ], [ -75.61108, 45.43078 ], [ -75.61108, 45.43078 ], [ -75.61108, 45.43078 ], [ -75.61108, 45.43078 ], [ -75.61108, 45.43078 ], [ -75.61108, 45.43078 ], [ -75.61108, 45.43078 ], [ -75.61108, 45.43078 ], [ -75.61108, 45.43078 ], [ -75.61108, 45.43078 ], [ -75.61108, 45.43078 ], [ -75.61108, 45.43078 ], [ -75.61108, 45.43078 ], [ -75.61108, 45.43078 ], [ -75.61108, 45.43078 ], [ -75.61108, 45.43078 ], [ -75.61108, 45.43078 ], [ -75.61108, 45.43078 ], [ -75.61108, 45.43078 ], [ -75.61108, 45.43078 ], [ -75.61108, 45.43078 ], [ -75.61108, 45.43078 ], [ -75.61108, 45.43078 ], [ -75.61108, 45.43078 ], [ -75.61108, 45.43078 ], [ -75.61108, 45.43078 ], [ -75.61108, 45.43078 ], [ -75.61108, 45.43078 ], [ -75.61108, 45.43078 ], [ -75.61108, 45.43078 ], [ -75.61108, 45.43078 ], [ -75.61108, 45.43078 ], [ -75.61108, 45.43078 ], [ -75.61108, 45.43078 ], [ -75.61108, 45.43078 ], [ -75.61108, 45.43078 ], [ -75.61108, 45.43078 ], [ -75.61108, 45.43078 ], [ -75.61108, 45.43078 ], [ -75.61108, 45.43078 ], [ -75.61108, 45.43078 ], [ -75.61108, 45.43078 ], [ -75.61108, 45.43078 ], [ -75.61108, 45.43078 ], [ -75.61108, 45.43078 ], [ -75.61108, 45.43078 ], [ -75.61108, 45.43078 ], [ -75.61108, 45.43078 ], [ -75.61108, 45.43078 ], [ -75.61108, 45.43078 ], [ -75.61108, 45.43078 ], [ -75.61108, 45.43078 ], [ -75.61108, 45.43078 ], [ -75.61108, 45.43078 ], [ -75.61108, 45.43078 ], [ -75.61108, 45.43078 ], [ -75.61108, 45.43078 ], [ -75.61108, 45.43078 ], [ -75.61108, 45.43078 ], [ -75.61108, 45.43078 ], [ -75.61108, 45.43078 ], [ -75.61108, 45.43078 ], [ -75.61108, 45.43078 ], [ -75.61108, 45.43078 ], [ -75.61108, 45.43078 ], [ -75.61108, 45.43078 ], [ -75.61108, 45.43078 ], [ -75.61108, 45.43078 ], [ -75.61108, 45.43078 ], [ -75.61108, 45.43078 ], [ -75.61108, 45.43078 ], [ -75.61108, 45.43078 ], [ -75.61108, 45.43078 ], [ -75.61108, 45.43078 ], [ -75.61108, 45.43078 ], [ -75.61108, 45.43078 ], [ -75.61108, 45.43078 ], [ -75.61108, 45.43078 ], [ -75.61108, 45.43078 ], [ -75.61108, 45.43078 ], [ -75.61108, 45.43078 ], [ -75.61108, 45.43078 ], [ -75.61108, 45.43078 ], [ -75.61108, 45.43078 ], [ -75.61108, 45.43078 ], [ -75.61108, 45.43078 ], [ -75.61108, 45.43078 ], [ -75.61108, 45.43078 ], [ -75.61108, 45.43078 ], [ -75.61108, 45.43078 ], [ -75.61108, 45.43078 ], [ -75.61108, 45.43078 ], [ -75.61108, 45.43078 ], [ -75.61108, 45.43078 ], [ -75.61108, 45.43078 ], [ -75.61108, 45.43078 ], [ -75.61108, 45.43078 ], [ -75.61108, 45.43078 ], [ -75.61108, 45.43078 ], [ -75.61108, 45.43078 ], [ -75.61108, 45.43078 ], [ -75.61108, 45.43078 ], [ -75.61108, 45.43078 ], [ -75.61108, 45.43078 ], [ -75.61108, 45.43078 ], [ -75.61108, 45.43078 ], [ -75.61108, 45.43078 ], [ -75.61108, 45.43078 ], [ -75.61108, 45.43078 ], [ -75.61108, 45.43078 ], [ -75.61108, 45.43078 ], [ -75.61108, 45.43078 ], [ -75.61108, 45.43078 ], [ -75.61108, 45.43078 ], [ -75.61108, 45.43078 ], [ -75.61108, 45.43078 ], [ -75.61108, 45.43078 ], [ -75.61108, 45.43078 ], [ -75.61108, 45.43078 ], [ -75.61108, 45.43078 ], [ -75.61108, 45.43078 ], [ -75.61108, 45.43078 ], [ -75.61108, 45.43078 ], [ -75.61108, 45.43078 ], [ -75.61108, 45.43078 ], [ -75.61108, 45.43078 ], [ -75.61108, 45.43078 ], [ -75.61108, 45.43078 ], [ -75.61108, 45.43078 ], [ -75.61108, 45.43078 ], [ -75.61108, 45.43078 ], [ -75.61108, 45.43078 ], [ -75.61108, 45.43078 ], [ -75.61108, 45.43078 ], [ -75.61108, 45.43078 ], [ -75.61108, 45.43078 ], [ -75.61108, 45.43078 ], [ -75.61108, 45.43078 ], [ -75.61108, 45.43078 ], [ -75.61108, 45.43078 ], [ -75.61108, 45.43078 ], [ -75.61108, 45.43078 ], [ -75.61108, 45.43078 ], [ -75.61108, 45.43078 ], [ -75.61108, 45.43078 ], [ -75.61108, 45.43078 ], [ -75.61108, 45.43078 ], [ -75.61108, 45.43078 ], [ -75.61108, 45.43078 ], [ -75.61108, 45.43078 ], [ -75.61108, 45.43078 ], [ -75.61108, 45.43078 ], [ -75.61108, 45.43078 ], [ -75.61108, 45.43078 ], [ -75.61108, 45.43078 ], [ -75.61108, 45.43078 ], [ -75.61108, 45.43078 ], [ -75.61108, 45.43078 ], [ -75.61108, 45.43078 ], [ -75.61108, 45.43078 ], [ -75.61108, 45.43078 ], [ -75.61108, 45.43078 ], [ -75.61108, 45.43078 ], [ -75.61108, 45.43078 ], [ -75.61108, 45.43078 ], [ -75.61108, 45.43078 ], [ -75.61108, 45.43078 ], [ -75.61108, 45.43078 ], [ -75.61108, 45.43078 ], [ -75.61108, 45.43078 ], [ -75.61108, 45.43078 ], [ -75.61108, 45.43078 ], [ -75.61108, 45.43078 ], [ -75.61108, 45.43078 ], [ -75.61108, 45.43078 ], [ -75.61108, 45.43078 ], [ -75.61108, 45.43078 ], [ -75.61108, 45.43078 ], [ -75.61108, 45.43078 ], [ -75.61108, 45.43078 ], [ -75.61108, 45.43078 ], [ -75.61108, 45.43078 ], [ -75.61108, 45.43078 ], [ -75.61108, 45.43078 ], [ -75.61108, 45.43078 ], [ -75.61108, 45.43078 ], [ -75.61108, 45.43078 ], [ -75.61108, 45.43078 ], [ -75.61108, 45.43078 ], [ -75.61108, 45.43078 ], [ -75.61108, 45.43078 ], [ -75.61108, 45.43078 ], [ -75.61108, 45.43078 ], [ -75.61108, 45.43078 ], [ -75.61108, 45.43078 ], [ -75.61108, 45.43078 ], [ -75.61108, 45.43078 ], [ -75.61108, 45.43078 ], [ -75.61108, 45.43078 ], [ -75.61108, 45.43078 ], [ -75.61108, 45.43078 ], [ -75.61108, 45.43078 ], [ -75.61108, 45.43078 ], [ -75.61108, 45.43078 ], [ -75.61108, 45.43078 ], [ -75.61108, 45.43078 ], [ -75.61108, 45.43078 ], [ -75.61108, 45.43078 ], [ -75.61108, 45.43078 ], [ -75.61108, 45.43078 ], [ -75.61108, 45.43078 ], [ -75.61108, 45.43078 ], [ -75.61108, 45.43078 ], [ -75.61108, 45.43078 ], [ -75.61108, 45.43078 ], [ -75.61108, 45.43078 ], [ -75.61108, 45.43078 ], [ -75.61108, 45.43078 ], [ -75.61108, 45.43078 ], [ -75.61108, 45.43078 ], [ -75.61108, 45.43078 ], [ -75.61108, 45.43078 ], [ -75.61108, 45.43078 ], [ -75.61108, 45.43078 ], [ -75.61108, 45.43078 ], [ -75.61108, 45.43078 ], [ -75.61108, 45.43078 ], [ -75.61108, 45.43078 ], [ -75.61108, 45.43078 ], [ -75.61108, 45.43078 ], [ -75.61108, 45.43078 ], [ -75.61108, 45.43078 ], [ -75.61108, 45.43078 ], [ -75.61108, 45.43078 ], [ -75.61108, 45.43078 ], [ -75.61108, 45.43078 ], [ -75.61108, 45.43078 ], [ -75.61108, 45.43078 ], [ -75.61108, 45.43078 ], [ -75.61108, 45.43078 ], [ -75.61108, 45.43078 ], [ -75.61108, 45.43078 ], [ -75.61108, 45.43078 ], [ -75.61108, 45.43078 ], [ -75.61108, 45.43078 ], [ -75.61108, 45.43078 ], [ -75.61108, 45.43078 ], [ -75.61108, 45.43078 ], [ -75.61108, 45.43078 ], [ -75.61108, 45.43078 ], [ -75.61108, 45.43078 ], [ -75.61108, 45.43078 ], [ -75.61108, 45.43078 ], [ -75.61108, 45.43078 ], [ -75.61108, 45.43078 ], [ -75.61108, 45.43078 ], [ -75.61108, 45.43078 ], [ -75.61108, 45.43078 ], [ -75.61108, 45.43078 ], [ -75.61108, 45.43078 ], [ -75.61108, 45.43078 ], [ -75.61108, 45.43078 ], [ -75.61108, 45.43078 ], [ -75.61108, 45.43078 ], [ -75.61108, 45.43078 ], [ -75.61108, 45.43078 ], [ -75.61108, 45.43078 ], [ -75.61108, 45.43078 ], [ -75.61108, 45.43078 ], [ -75.61108, 45.43078 ], [ -75.61108, 45.43078 ], [ -75.61108, 45.43078 ], [ -75.61108, 45.43078 ], [ -75.61108, 45.43078 ], [ -75.61108, 45.43078 ], [ -75.61108, 45.43078 ], [ -75.61108, 45.43078 ], [ -75.61108, 45.43078 ], [ -75.61108, 45.43078 ], [ -75.61108, 45.43078 ], [ -75.61108, 45.43078 ], [ -75.61108, 45.43078 ], [ -75.61108, 45.43078 ], [ -75.61108, 45.43078 ], [ -75.61108, 45.43078 ], [ -75.61108, 45.43078 ], [ -75.61108, 45.43078 ], [ -75.61108, 45.43078 ], [ -75.61108, 45.43078 ], [ -75.61108, 45.43078 ], [ -75.61108, 45.43078 ], [ -75.61108, 45.43078 ], [ -75.61108, 45.43078 ], [ -75.61108, 45.43078 ], [ -75.61108, 45.43078 ], [ -75.61108, 45.43078 ], [ -75.61108, 45.43078 ], [ -75.61108, 45.43078 ], [ -75.61108, 45.43078 ], [ -75.61108, 45.43078 ], [ -75.61108, 45.43078 ], [ -75.61108, 45.43078 ], [ -75.61108, 45.43078 ], [ -75.61108, 45.43078 ], [ -75.61108, 45.43078 ], [ -75.61108, 45.43078 ], [ -75.61108, 45.43078 ], [ -75.61108, 45.43078 ], [ -75.61108, 45.43078 ], [ -75.61108, 45.43078 ], [ -75.61108, 45.43078 ], [ -75.61108, 45.43078 ], [ -75.61108, 45.43078 ], [ -75.61108, 45.43078 ], [ -75.61108, 45.43078 ], [ -75.61108, 45.43078 ], [ -75.61108, 45.43078 ], [ -75.61108, 45.43078 ], [ -75.61108, 45.43078 ], [ -75.61108, 45.43078 ], [ -75.61108, 45.43078 ], [ -75.61108, 45.43078 ], [ -75.61108, 45.43078 ], [ -75.61108, 45.43078 ], [ -75.61108, 45.43078 ], [ -75.61108, 45.43078 ], [ -75.61108, 45.43078 ], [ -75.61108, 45.43078 ], [ -75.61108, 45.43078 ], [ -75.61108, 45.43078 ], [ -75.61108, 45.43078 ], [ -75.61108, 45.43078 ], [ -75.61108, 45.43078 ], [ -75.61108, 45.43078 ], [ -75.61108, 45.43078 ], [ -75.61108, 45.43078 ], [ -75.61108, 45.43078 ], [ -75.61108, 45.43078 ], [ -75.61108, 45.43078 ], [ -75.61108, 45.43078 ], [ -75.61108, 45.43078 ], [ -75.61108, 45.43078 ], [ -75.61108, 45.43078 ], [ -75.61108, 45.43078 ], [ -75.61108, 45.43078 ], [ -75.61108, 45.43078 ], [ -75.61108, 45.43078 ], [ -75.61108, 45.43078 ], [ -75.61108, 45.43078 ], [ -75.61108, 45.43078 ], [ -75.61108, 45.43078 ], [ -75.61108, 45.43078 ], [ -75.61108, 45.43078 ], [ -75.61108, 45.43078 ], [ -75.61108, 45.43078 ], [ -75.61108, 45.43078 ], [ -75.61108, 45.43078 ], [ -75.61108, 45.43078 ], [ -75.61108, 45.43078 ], [ -75.61108, 45.43078 ], [ -75.61108, 45.43078 ], [ -75.61108, 45.43078 ], [ -75.61108, 45.43078 ], [ -75.61108, 45.43078 ], [ -75.61108, 45.43078 ], [ -75.61108, 45.43078 ], [ -75.61108, 45.43078 ], [ -75.61108, 45.43078 ], [ -75.61108, 45.43078 ], [ -75.61108, 45.43078 ], [ -75.61108, 45.43078 ], [ -75.61108, 45.43078 ], [ -75.61108, 45.43078 ], [ -75.61108, 45.43078 ], [ -75.61108, 45.43078 ], [ -75.61108, 45.43078 ], [ -75.61108, 45.43078 ], [ -75.61108, 45.43078 ], [ -75.61108, 45.43078 ], [ -75.61108, 45.43078 ], [ -75.61108, 45.43078 ], [ -75.61108, 45.43078 ], [ -75.61108, 45.43078 ], [ -75.61108, 45.43078 ], [ -75.61108, 45.43078 ], [ -75.61108, 45.43078 ], [ -75.61108, 45.43078 ], [ -75.61108, 45.43078 ], [ -75.61108, 45.43078 ], [ -75.61108, 45.43078 ], [ -75.61108, 45.43078 ], [ -75.61108, 45.43078 ], [ -75.61108, 45.43078 ], [ -75.61108, 45.43078 ], [ -75.61108, 45.43078 ], [ -75.61108, 45.43078 ], [ -75.61108, 45.43078 ], [ -75.61108, 45.43078 ], [ -75.61108, 45.43078 ], [ -75.61108, 45.43078 ], [ -75.61108, 45.43078 ], [ -75.61108, 45.43078 ], [ -75.61108, 45.43078 ], [ -75.61108, 45.43078 ], [ -75.61108, 45.43078 ], [ -75.61108, 45.43078 ], [ -75.61108, 45.43078 ], [ -75.61108, 45.43078 ], [ -75.61108, 45.43078 ], [ -75.61108, 45.43078 ], [ -75.61108, 45.43078 ], [ -75.61108, 45.43078 ], [ -75.61108, 45.43078 ], [ -75.61108, 45.43078 ], [ -75.61108, 45.43078 ], [ -75.61108, 45.43078 ], [ -75.61108, 45.43078 ], [ -75.61108, 45.43078 ], [ -75.61108, 45.43078 ], [ -75.61108, 45.43078 ], [ -75.61108, 45.43078 ], [ -75.61108, 45.43078 ], [ -75.61108, 45.43078 ], [ -75.61108, 45.43078 ], [ -75.61108, 45.43078 ], [ -75.61108, 45.43078 ], [ -75.61108, 45.43078 ], [ -75.61108, 45.43078 ], [ -75.61108, 45.43078 ], [ -75.61108, 45.43078 ], [ -75.61108, 45.43078 ], [ -75.61108, 45.43078 ], [ -75.61108, 45.43078 ], [ -75.61108, 45.43078 ], [ -75.61108, 45.43078 ], [ -75.61108, 45.43078 ], [ -75.61108, 45.43078 ], [ -75.61108, 45.43078 ], [ -75.61108, 45.43078 ], [ -75.61108, 45.43078 ], [ -75.61108, 45.43078 ], [ -75.61108, 45.43078 ], [ -75.61108, 45.43078 ], [ -75.61108, 45.43078 ], [ -75.61108, 45.43078 ], [ -75.61108, 45.43078 ], [ -75.61108, 45.43078 ], [ -75.61108, 45.43078 ], [ -75.61108, 45.43078 ], [ -75.61108, 45.43078 ], [ -75.61108, 45.43078 ], [ -75.61108, 45.43078 ], [ -75.61108, 45.43078 ], [ -75.61108, 45.43078 ], [ -75.61108, 45.43078 ], [ -75.61108, 45.43078 ], [ -75.61108, 45.43078 ], [ -75.61108, 45.43078 ], [ -75.61108, 45.43078 ], [ -75.61108, 45.43078 ], [ -75.61108, 45.43078 ], [ -75.61108, 45.43078 ], [ -75.61108, 45.43078 ], [ -75.61108, 45.43078 ], [ -75.61108, 45.43078 ], [ -75.61108, 45.43078 ], [ -75.61108, 45.43078 ], [ -75.61108, 45.43078 ], [ -75.61108, 45.43078 ], [ -75.61108, 45.43078 ], [ -75.61108, 45.43078 ], [ -75.61108, 45.43078 ], [ -75.61108, 45.43078 ], [ -75.61108, 45.43078 ], [ -75.61108, 45.43078 ], [ -75.61108, 45.43078 ], [ -75.61108, 45.43078 ], [ -75.61108, 45.43078 ], [ -75.61108, 45.43078 ], [ -75.61108, 45.43078 ], [ -75.61108, 45.43078 ], [ -75.61108, 45.43078 ], [ -75.61108, 45.43078 ], [ -75.61108, 45.43078 ], [ -75.61108, 45.43078 ], [ -75.61108, 45.43078 ], [ -75.61108, 45.43078 ], [ -75.61108, 45.43078 ], [ -75.61108, 45.43078 ], [ -75.61108, 45.43078 ], [ -75.61108, 45.43078 ], [ -75.61108, 45.43078 ], [ -75.61108, 45.43078 ], [ -75.61108, 45.43078 ], [ -75.61108, 45.43078 ], [ -75.61108, 45.43078 ], [ -75.61108, 45.43078 ], [ -75.61108, 45.43078 ], [ -75.61108, 45.43078 ], [ -75.61108, 45.43078 ], [ -75.61108, 45.43078 ], [ -75.61108, 45.43078 ], [ -75.61108, 45.43078 ], [ -75.61108, 45.43078 ], [ -75.61108, 45.43078 ], [ -75.61108, 45.43078 ], [ -75.61108, 45.43078 ], [ -75.61108, 45.43078 ], [ -75.61108, 45.43078 ], [ -75.61108, 45.43078 ], [ -75.61108, 45.43078 ], [ -75.61108, 45.43078 ], [ -75.61108, 45.43078 ], [ -75.61108, 45.43078 ], [ -75.61108, 45.43078 ], [ -75.61108, 45.43078 ], [ -75.61108, 45.43078 ], [ -75.61108, 45.43078 ], [ -75.61108, 45.43078 ], [ -75.61108, 45.43078 ], [ -75.61108, 45.43078 ], [ -75.61108, 45.43078 ], [ -75.61108, 45.43078 ], [ -75.61108, 45.43078 ], [ -75.61108, 45.43078 ], [ -75.61108, 45.43078 ], [ -75.61108, 45.43078 ], [ -75.61108, 45.43078 ], [ -75.61108, 45.43078 ], [ -75.61108, 45.43078 ], [ -75.61108, 45.43078 ], [ -75.61108, 45.43078 ], [ -75.61108, 45.43078 ], [ -75.61108, 45.43078 ], [ -75.61108, 45.43078 ], [ -75.61108, 45.43078 ], [ -75.61108, 45.43078 ], [ -75.61108, 45.43078 ], [ -75.61108, 45.43078 ], [ -75.61108, 45.43078 ], [ -75.61108, 45.43078 ], [ -75.61108, 45.43078 ], [ -75.61108, 45.43078 ], [ -75.61108, 45.43078 ], [ -75.61108, 45.43078 ], [ -75.61108, 45.43078 ], [ -75.61108, 45.43078 ], [ -75.61108, 45.43078 ], [ -75.61108, 45.43078 ], [ -75.61108, 45.43078 ], [ -75.61108, 45.43078 ], [ -75.61108, 45.43078 ], [ -75.61108, 45.43078 ], [ -75.61108, 45.43078 ], [ -75.61108, 45.43078 ], [ -75.61108, 45.43078 ], [ -75.61108, 45.43078 ], [ -75.61108, 45.43078 ], [ -75.61108, 45.43078 ], [ -75.61108, 45.43078 ], [ -75.61108, 45.43078 ], [ -75.61108, 45.43078 ], [ -75.61108, 45.43078 ], [ -75.61108, 45.43078 ], [ -75.61108, 45.43078 ], [ -75.61108, 45.43078 ], [ -75.61108, 45.43078 ], [ -75.61108, 45.43078 ], [ -75.61108, 45.43078 ], [ -75.61108, 45.43078 ], [ -75.61108, 45.43078 ], [ -75.61108, 45.43078 ], [ -75.61108, 45.43078 ], [ -75.61108, 45.43078 ], [ -75.61108, 45.43078 ], [ -75.61108, 45.43078 ], [ -75.61108, 45.43078 ], [ -75.61108, 45.43078 ], [ -75.61108, 45.43078 ], [ -75.61108, 45.43078 ], [ -75.61108, 45.43078 ], [ -75.61108, 45.43078 ], [ -75.61108, 45.43078 ], [ -75.61108, 45.43078 ], [ -75.61108, 45.43078 ], [ -75.61108, 45.43078 ], [ -75.61108, 45.43078 ], [ -75.61108, 45.43078 ], [ -75.61108, 45.43078 ], [ -75.61108, 45.43078 ], [ -75.61108, 45.43078 ], [ -75.61108, 45.43078 ], [ -75.61108, 45.43078 ], [ -75.61108, 45.43078 ], [ -75.61108, 45.43078 ], [ -75.61108, 45.43078 ], [ -75.61108, 45.43078 ], [ -75.61108, 45.43078 ], [ -75.61108, 45.43078 ], [ -75.61108, 45.43078 ], [ -75.61108, 45.43078 ], [ -75.61108, 45.43078 ], [ -75.61108, 45.43078 ], [ -75.61108, 45.43078 ], [ -75.61108, 45.43078 ], [ -75.61108, 45.43078 ], [ -75.61108, 45.43078 ], [ -75.61108, 45.43078 ], [ -75.61108, 45.43078 ], [ -75.61108, 45.43078 ], [ -75.61108, 45.43078 ], [ -75.61108, 45.43078 ], [ -75.61108, 45.43078 ], [ -75.61108, 45.43078 ], [ -75.61108, 45.43078 ], [ -75.61108, 45.43078 ], [ -75.61108, 45.43078 ], [ -75.61108, 45.43078 ], [ -75.61108, 45.43078 ], [ -75.61108, 45.43078 ], [ -75.61108, 45.43078 ], [ -75.61108, 45.43078 ], [ -75.61108, 45.43078 ], [ -75.61108, 45.43078 ], [ -75.61108, 45.43078 ], [ -75.61108, 45.43078 ], [ -75.61108, 45.43078 ], [ -75.61108, 45.43078 ], [ -75.61108, 45.43078 ], [ -75.61108, 45.43078 ], [ -75.61108, 45.43078 ], [ -75.61108, 45.43078 ], [ -75.61108, 45.43078 ], [ -75.61108, 45.43078 ], [ -75.61108, 45.43078 ], [ -75.61108, 45.43078 ], [ -75.61108, 45.43078 ], [ -75.61108, 45.43078 ], [ -75.61108, 45.43078 ], [ -75.61108, 45.43078 ], [ -75.61108, 45.43078 ], [ -75.61108, 45.43078 ], [ -75.61108, 45.43078 ], [ -75.61108, 45.43078 ], [ -75.61108, 45.43078 ], [ -75.61108, 45.43078 ], [ -75.61108, 45.43078 ], [ -75.61108, 45.43078 ], [ -75.61108, 45.43078 ], [ -75.61108, 45.43078 ], [ -75.61108, 45.43078 ], [ -75.61108, 45.43078 ], [ -75.61108, 45.43078 ], [ -75.61108, 45.43078 ], [ -75.61108, 45.43078 ], [ -75.61108, 45.43078 ], [ -75.61122, 45.43081 ], [ -75.61122, 45.43081 ], [ -75.61122, 45.43081 ], [ -75.61122, 45.43081 ], [ -75.61122, 45.43081 ], [ -75.61122, 45.43081 ], [ -75.61122, 45.43081 ], [ -75.61122, 45.43081 ], [ -75.61122, 45.43081 ], [ -75.61122, 45.43081 ], [ -75.61122, 45.43081 ], [ -75.61122, 45.43081 ], [ -75.61122, 45.43081 ], [ -75.61122, 45.43081 ], [ -75.61122, 45.43081 ], [ -75.61122, 45.43081 ], [ -75.61122, 45.43081 ], [ -75.61122, 45.43081 ], [ -75.61122, 45.43081 ], [ -75.61122, 45.43081 ], [ -75.61122, 45.43081 ], [ -75.61122, 45.43081 ], [ -75.61122, 45.43081 ], [ -75.61122, 45.43081 ], [ -75.61122, 45.43081 ], [ -75.61122, 45.43081 ], [ -75.61122, 45.43081 ], [ -75.61122, 45.43081 ], [ -75.61122, 45.43081 ], [ -75.61122, 45.43081 ], [ -75.61122, 45.43081 ], [ -75.61122, 45.43081 ], [ -75.61122, 45.43081 ], [ -75.61122, 45.43081 ], [ -75.61122, 45.43081 ], [ -75.61122, 45.43081 ], [ -75.61122, 45.43081 ], [ -75.61122, 45.43081 ], [ -75.61122, 45.43081 ], [ -75.61122, 45.43081 ], [ -75.61122, 45.43081 ], [ -75.61122, 45.43081 ], [ -75.61122, 45.43081 ], [ -75.61122, 45.43081 ], [ -75.61122, 45.43081 ], [ -75.61122, 45.43081 ], [ -75.61122, 45.43081 ], [ -75.61122, 45.43081 ], [ -75.61122, 45.43081 ], [ -75.61122, 45.43081 ], [ -75.61122, 45.43081 ], [ -75.61122, 45.43081 ], [ -75.61122, 45.43081 ], [ -75.61122, 45.43081 ], [ -75.61122, 45.43081 ], [ -75.61122, 45.43081 ], [ -75.61122, 45.43081 ], [ -75.61122, 45.43081 ], [ -75.61122, 45.43081 ], [ -75.61122, 45.43081 ], [ -75.61122, 45.43081 ], [ -75.61122, 45.43081 ], [ -75.61122, 45.43081 ], [ -75.61122, 45.43081 ], [ -75.61122, 45.43081 ], [ -75.61122, 45.43081 ], [ -75.61122, 45.43081 ], [ -75.61122, 45.43081 ], [ -75.61122, 45.43081 ], [ -75.61122, 45.43081 ], [ -75.61122, 45.43081 ], [ -75.61122, 45.43081 ], [ -75.61122, 45.43081 ], [ -75.61122, 45.43081 ], [ -75.61122, 45.43081 ], [ -75.61122, 45.43081 ], [ -75.61122, 45.43081 ], [ -75.61122, 45.43081 ], [ -75.61122, 45.43081 ], [ -75.61122, 45.43081 ], [ -75.61122, 45.43081 ], [ -75.61122, 45.43081 ], [ -75.61122, 45.43081 ], [ -75.61122, 45.43081 ], [ -75.61122, 45.43081 ], [ -75.61122, 45.43081 ], [ -75.61122, 45.43081 ], [ -75.61122, 45.43081 ], [ -75.61122, 45.43081 ], [ -75.61122, 45.43081 ], [ -75.61122, 45.43081 ], [ -75.61122, 45.43081 ], [ -75.61122, 45.43081 ], [ -75.61122, 45.43081 ], [ -75.61122, 45.43081 ], [ -75.61122, 45.43081 ], [ -75.61122, 45.43081 ], [ -75.61122, 45.43081 ], [ -75.61122, 45.43081 ], [ -75.61122, 45.43081 ], [ -75.61122, 45.43081 ], [ -75.61122, 45.43081 ], [ -75.61122, 45.43081 ], [ -75.61122, 45.43081 ], [ -75.61122, 45.43081 ], [ -75.61122, 45.43081 ], [ -75.61122, 45.43081 ], [ -75.61122, 45.43081 ], [ -75.61122, 45.43081 ], [ -75.61122, 45.43081 ], [ -75.61122, 45.43081 ], [ -75.61122, 45.43081 ], [ -75.61122, 45.43081 ], [ -75.61122, 45.43081 ], [ -75.61122, 45.43081 ], [ -75.61122, 45.43081 ], [ -75.61122, 45.43081 ], [ -75.61122, 45.43081 ], [ -75.61122, 45.43081 ], [ -75.61122, 45.43081 ], [ -75.61122, 45.43081 ], [ -75.61122, 45.43081 ], [ -75.61122, 45.43081 ], [ -75.61122, 45.43081 ], [ -75.61122, 45.43081 ], [ -75.61122, 45.43081 ], [ -75.61122, 45.43081 ], [ -75.61122, 45.43081 ], [ -75.61122, 45.43081 ], [ -75.61122, 45.43081 ], [ -75.61122, 45.43081 ], [ -75.61122, 45.43081 ], [ -75.61122, 45.43081 ], [ -75.61122, 45.43081 ], [ -75.61122, 45.43081 ], [ -75.61122, 45.43081 ], [ -75.61122, 45.43081 ], [ -75.61122, 45.43081 ], [ -75.61122, 45.43081 ], [ -75.61122, 45.43081 ], [ -75.61122, 45.43081 ], [ -75.61122, 45.43081 ], [ -75.61122, 45.43081 ], [ -75.61122, 45.43081 ], [ -75.61122, 45.43081 ], [ -75.61122, 45.43081 ], [ -75.61122, 45.43081 ], [ -75.61122, 45.43081 ], [ -75.61122, 45.43081 ], [ -75.61122, 45.43081 ], [ -75.61122, 45.43081 ], [ -75.61122, 45.43081 ], [ -75.61122, 45.43081 ], [ -75.61122, 45.43081 ], [ -75.61122, 45.43081 ], [ -75.61122, 45.43081 ], [ -75.61122, 45.43081 ], [ -75.61122, 45.43081 ], [ -75.61122, 45.43081 ], [ -75.61122, 45.43081 ], [ -75.61122, 45.43081 ], [ -75.61122, 45.43081 ], [ -75.61122, 45.43081 ], [ -75.61122, 45.43081 ], [ -75.61122, 45.43081 ], [ -75.61122, 45.43081 ], [ -75.61122, 45.43081 ], [ -75.61122, 45.43081 ], [ -75.61122, 45.43081 ], [ -75.61122, 45.43081 ], [ -75.61122, 45.43081 ], [ -75.61122, 45.43081 ], [ -75.61122, 45.43081 ], [ -75.61122, 45.43081 ], [ -75.61122, 45.43081 ], [ -75.61122, 45.43081 ], [ -75.61122, 45.43081 ], [ -75.61122, 45.43081 ], [ -75.61122, 45.43081 ], [ -75.61122, 45.43081 ], [ -75.61122, 45.43081 ], [ -75.61122, 45.43081 ], [ -75.61122, 45.43081 ], [ -75.61122, 45.43081 ], [ -75.61122, 45.43081 ], [ -75.61122, 45.43081 ], [ -75.61122, 45.43081 ], [ -75.61122, 45.43081 ], [ -75.61122, 45.43081 ], [ -75.61122, 45.43081 ], [ -75.61122, 45.43081 ], [ -75.61122, 45.43081 ], [ -75.61122, 45.43081 ], [ -75.61122, 45.43081 ], [ -75.61122, 45.43081 ], [ -75.61122, 45.43081 ], [ -75.61122, 45.43081 ], [ -75.61122, 45.43081 ], [ -75.61122, 45.43081 ], [ -75.61122, 45.43081 ], [ -75.61122, 45.43081 ], [ -75.61122, 45.43081 ], [ -75.61122, 45.43081 ], [ -75.61122, 45.43081 ], [ -75.61122, 45.43081 ], [ -75.61122, 45.43081 ], [ -75.61122, 45.43081 ], [ -75.61122, 45.43081 ], [ -75.61122, 45.43081 ], [ -75.61122, 45.43081 ], [ -75.61122, 45.43081 ], [ -75.61122, 45.43081 ], [ -75.61122, 45.43081 ], [ -75.61122, 45.43081 ], [ -75.61122, 45.43081 ], [ -75.61122, 45.43081 ], [ -75.61122, 45.43081 ], [ -75.61122, 45.43081 ], [ -75.61122, 45.43081 ], [ -75.61122, 45.43081 ], [ -75.61122, 45.43081 ], [ -75.61122, 45.43081 ], [ -75.61122, 45.43081 ], [ -75.61122, 45.43081 ], [ -75.61122, 45.43081 ], [ -75.61122, 45.43081 ], [ -75.61122, 45.43081 ], [ -75.61122, 45.43081 ], [ -75.61122, 45.43081 ], [ -75.61122, 45.43081 ], [ -75.61122, 45.43081 ], [ -75.61122, 45.43081 ], [ -75.61122, 45.43081 ], [ -75.61122, 45.43081 ], [ -75.61122, 45.43081 ], [ -75.61122, 45.43081 ], [ -75.61122, 45.43081 ], [ -75.61122, 45.43081 ], [ -75.61122, 45.43081 ], [ -75.61122, 45.43081 ], [ -75.61122, 45.43081 ], [ -75.61122, 45.43081 ], [ -75.61122, 45.43081 ], [ -75.61122, 45.43081 ], [ -75.61122, 45.43081 ], [ -75.61122, 45.43081 ], [ -75.61122, 45.43081 ], [ -75.61122, 45.43081 ], [ -75.61122, 45.43081 ], [ -75.61122, 45.43081 ], [ -75.61122, 45.43081 ], [ -75.61122, 45.43081 ], [ -75.61122, 45.43081 ], [ -75.61122, 45.43081 ], [ -75.61122, 45.43081 ], [ -75.61122, 45.43081 ], [ -75.61122, 45.43081 ], [ -75.61122, 45.43081 ], [ -75.61122, 45.43081 ], [ -75.61122, 45.43081 ], [ -75.61122, 45.43081 ], [ -75.61122, 45.43081 ], [ -75.61122, 45.43081 ], [ -75.61122, 45.43081 ], [ -75.61122, 45.43081 ], [ -75.61122, 45.43081 ], [ -75.61122, 45.43081 ], [ -75.61122, 45.43081 ], [ -75.61122, 45.43081 ], [ -75.61122, 45.43081 ], [ -75.61122, 45.43081 ], [ -75.61122, 45.43081 ], [ -75.61122, 45.43081 ], [ -75.61122, 45.43081 ], [ -75.61122, 45.43081 ], [ -75.61122, 45.43081 ], [ -75.61122, 45.43081 ], [ -75.61122, 45.43081 ], [ -75.61122, 45.43081 ], [ -75.61122, 45.43081 ], [ -75.61122, 45.43081 ], [ -75.61122, 45.43081 ], [ -75.61122, 45.43081 ], [ -75.61122, 45.43081 ], [ -75.61122, 45.43081 ], [ -75.61122, 45.43081 ], [ -75.61122, 45.43081 ], [ -75.61122, 45.43081 ], [ -75.61122, 45.43081 ], [ -75.61122, 45.43081 ], [ -75.61122, 45.43081 ], [ -75.61122, 45.43081 ], [ -75.61122, 45.43081 ], [ -75.61122, 45.43081 ], [ -75.61122, 45.43081 ], [ -75.61122, 45.43081 ], [ -75.61122, 45.43081 ], [ -75.61122, 45.43081 ], [ -75.61122, 45.43081 ], [ -75.61122, 45.43081 ], [ -75.61122, 45.43081 ], [ -75.61122, 45.43081 ], [ -75.61122, 45.43081 ], [ -75.61122, 45.43081 ], [ -75.61122, 45.43081 ], [ -75.61122, 45.43081 ], [ -75.61122, 45.43081 ], [ -75.61122, 45.43081 ], [ -75.61122, 45.43081 ], [ -75.61122, 45.43081 ], [ -75.61122, 45.43081 ], [ -75.61122, 45.43081 ], [ -75.61122, 45.43081 ], [ -75.61122, 45.43081 ], [ -75.61122, 45.43081 ], [ -75.61122, 45.43081 ], [ -75.61122, 45.43081 ], [ -75.61122, 45.43081 ], [ -75.61122, 45.43081 ], [ -75.61122, 45.43081 ], [ -75.61122, 45.43081 ], [ -75.61122, 45.43081 ], [ -75.61122, 45.43081 ], [ -75.61122, 45.43081 ], [ -75.61122, 45.43081 ], [ -75.61122, 45.43081 ], [ -75.61122, 45.43081 ], [ -75.61122, 45.43081 ], [ -75.61122, 45.43081 ], [ -75.61122, 45.43081 ], [ -75.61122, 45.43081 ], [ -75.61122, 45.43081 ], [ -75.61122, 45.43081 ], [ -75.61122, 45.43081 ], [ -75.61122, 45.43081 ], [ -75.61122, 45.43081 ], [ -75.61122, 45.43081 ], [ -75.61122, 45.43081 ], [ -75.61122, 45.43081 ], [ -75.61122, 45.43081 ], [ -75.61122, 45.43081 ], [ -75.61122, 45.43081 ], [ -75.61122, 45.43081 ], [ -75.61122, 45.43081 ], [ -75.61122, 45.43081 ], [ -75.61122, 45.43081 ], [ -75.61122, 45.43081 ], [ -75.61122, 45.43081 ], [ -75.61122, 45.43081 ], [ -75.61122, 45.43081 ], [ -75.61122, 45.43081 ], [ -75.61122, 45.43081 ], [ -75.61122, 45.43081 ], [ -75.61122, 45.43081 ], [ -75.61122, 45.43081 ], [ -75.61122, 45.43081 ], [ -75.61122, 45.43081 ], [ -75.61122, 45.43081 ], [ -75.61122, 45.43081 ], [ -75.61122, 45.43081 ], [ -75.61122, 45.43081 ], [ -75.61122, 45.43081 ], [ -75.61122, 45.43081 ], [ -75.61122, 45.43081 ], [ -75.61122, 45.43081 ], [ -75.61122, 45.43081 ], [ -75.61122, 45.43081 ], [ -75.61122, 45.43081 ], [ -75.61122, 45.43081 ], [ -75.61122, 45.43081 ], [ -75.61122, 45.43081 ], [ -75.61122, 45.43081 ], [ -75.61122, 45.43081 ], [ -75.61122, 45.43081 ], [ -75.61122, 45.43081 ], [ -75.61122, 45.43081 ], [ -75.61122, 45.43081 ], [ -75.61122, 45.43081 ], [ -75.61122, 45.43081 ], [ -75.61122, 45.43081 ], [ -75.61122, 45.43081 ], [ -75.61122, 45.43081 ], [ -75.61122, 45.43081 ], [ -75.61122, 45.43081 ], [ -75.61122, 45.43081 ], [ -75.61122, 45.43081 ], [ -75.61122, 45.43081 ], [ -75.61122, 45.43081 ], [ -75.61122, 45.43081 ], [ -75.61122, 45.43081 ], [ -75.61122, 45.43081 ], [ -75.61122, 45.43081 ], [ -75.61122, 45.43081 ], [ -75.61122, 45.43081 ], [ -75.61122, 45.43081 ], [ -75.61122, 45.43081 ], [ -75.61122, 45.43081 ], [ -75.61122, 45.43081 ], [ -75.61122, 45.43081 ], [ -75.61122, 45.43081 ], [ -75.61122, 45.43081 ], [ -75.61122, 45.43081 ], [ -75.61122, 45.43081 ], [ -75.61122, 45.43081 ], [ -75.61122, 45.43081 ], [ -75.61122, 45.43081 ], [ -75.61122, 45.43081 ], [ -75.61122, 45.43081 ], [ -75.61122, 45.43081 ], [ -75.61122, 45.43081 ], [ -75.61122, 45.43081 ], [ -75.61122, 45.43081 ], [ -75.61122, 45.43081 ], [ -75.61122, 45.43081 ], [ -75.61122, 45.43081 ], [ -75.61122, 45.43081 ], [ -75.61122, 45.43081 ], [ -75.61122, 45.43081 ], [ -75.61122, 45.43081 ], [ -75.61122, 45.43081 ], [ -75.61122, 45.43081 ], [ -75.61122, 45.43081 ], [ -75.61122, 45.43081 ], [ -75.61122, 45.43081 ], [ -75.61122, 45.43081 ], [ -75.61122, 45.43081 ], [ -75.61122, 45.43081 ], [ -75.61122, 45.43081 ], [ -75.61122, 45.43081 ], [ -75.61122, 45.43081 ], [ -75.61122, 45.43081 ], [ -75.61122, 45.43081 ], [ -75.61122, 45.43081 ], [ -75.61122, 45.43081 ], [ -75.61122, 45.43081 ], [ -75.61122, 45.43081 ], [ -75.61122, 45.43081 ], [ -75.61122, 45.43081 ], [ -75.61122, 45.43081 ], [ -75.61122, 45.43081 ], [ -75.61122, 45.43081 ], [ -75.61122, 45.43081 ], [ -75.61122, 45.43081 ], [ -75.61122, 45.43081 ], [ -75.61122, 45.43081 ], [ -75.61122, 45.43081 ], [ -75.61122, 45.43081 ], [ -75.61122, 45.43081 ], [ -75.61122, 45.43081 ], [ -75.61122, 45.43081 ], [ -75.61122, 45.43081 ], [ -75.61122, 45.43081 ], [ -75.61122, 45.43081 ], [ -75.61122, 45.43081 ], [ -75.61122, 45.43081 ], [ -75.61122, 45.43081 ], [ -75.61122, 45.43081 ], [ -75.61122, 45.43081 ], [ -75.61122, 45.43081 ], [ -75.61122, 45.43081 ], [ -75.61122, 45.43081 ], [ -75.61122, 45.43081 ], [ -75.61122, 45.43081 ], [ -75.61122, 45.43081 ], [ -75.61122, 45.43081 ], [ -75.61122, 45.43081 ], [ -75.61122, 45.43081 ], [ -75.61122, 45.43081 ], [ -75.61122, 45.43081 ], [ -75.61122, 45.43081 ], [ -75.61122, 45.43081 ], [ -75.61122, 45.43081 ], [ -75.61122, 45.43081 ], [ -75.61122, 45.43081 ], [ -75.61122, 45.43081 ], [ -75.61122, 45.43081 ], [ -75.61122, 45.43081 ], [ -75.61122, 45.43081 ], [ -75.61122, 45.43081 ], [ -75.61122, 45.43081 ], [ -75.61122, 45.43081 ], [ -75.61122, 45.43081 ], [ -75.61122, 45.43081 ], [ -75.61122, 45.43081 ], [ -75.61122, 45.43081 ], [ -75.61122, 45.43081 ], [ -75.61122, 45.43081 ], [ -75.61122, 45.43081 ], [ -75.61122, 45.43081 ], [ -75.61122, 45.43081 ], [ -75.61122, 45.43081 ], [ -75.61122, 45.43081 ], [ -75.61122, 45.43081 ], [ -75.61122, 45.43081 ], [ -75.61122, 45.43081 ], [ -75.61122, 45.43081 ], [ -75.61122, 45.43081 ], [ -75.61122, 45.43081 ], [ -75.61122, 45.43081 ], [ -75.61122, 45.43081 ], [ -75.61122, 45.43081 ], [ -75.61122, 45.43081 ], [ -75.61122, 45.43081 ], [ -75.61122, 45.43081 ], [ -75.61122, 45.43081 ], [ -75.61122, 45.43081 ], [ -75.61122, 45.43081 ], [ -75.61122, 45.43081 ], [ -75.61122, 45.43081 ], [ -75.61122, 45.43081 ], [ -75.61122, 45.43081 ], [ -75.61122, 45.43081 ], [ -75.61122, 45.43081 ], [ -75.61122, 45.43081 ], [ -75.61122, 45.43081 ], [ -75.61122, 45.43081 ], [ -75.61122, 45.43081 ], [ -75.61122, 45.43081 ], [ -75.61122, 45.43081 ], [ -75.61122, 45.43081 ], [ -75.61122, 45.43081 ], [ -75.61122, 45.43081 ], [ -75.61122, 45.43081 ], [ -75.61122, 45.43081 ], [ -75.61122, 45.43081 ], [ -75.61122, 45.43081 ], [ -75.61122, 45.43081 ], [ -75.61122, 45.43081 ], [ -75.61122, 45.43081 ], [ -75.61122, 45.43081 ], [ -75.61122, 45.43081 ], [ -75.61122, 45.43081 ], [ -75.61122, 45.43081 ], [ -75.61122, 45.43081 ], [ -75.61122, 45.43081 ], [ -75.61122, 45.43081 ], [ -75.61122, 45.43081 ], [ -75.61122, 45.43081 ], [ -75.61122, 45.43081 ], [ -75.61122, 45.43081 ], [ -75.61122, 45.43081 ], [ -75.61122, 45.43081 ], [ -75.61122, 45.43081 ], [ -75.61122, 45.43081 ], [ -75.61122, 45.43081 ], [ -75.61122, 45.43081 ], [ -75.61122, 45.43081 ], [ -75.61122, 45.43081 ], [ -75.61122, 45.43081 ], [ -75.61122, 45.43081 ], [ -75.61122, 45.43081 ], [ -75.61122, 45.43081 ], [ -75.61122, 45.43081 ], [ -75.61122, 45.43081 ], [ -75.61122, 45.43081 ], [ -75.61122, 45.43081 ], [ -75.61122, 45.43081 ], [ -75.61122, 45.43081 ], [ -75.61122, 45.43081 ], [ -75.61122, 45.43081 ], [ -75.61122, 45.43081 ], [ -75.61122, 45.43081 ], [ -75.61122, 45.43081 ], [ -75.61122, 45.43081 ], [ -75.61122, 45.43081 ], [ -75.61122, 45.43081 ], [ -75.61122, 45.43081 ], [ -75.61122, 45.43081 ], [ -75.61122, 45.43081 ], [ -75.61122, 45.43081 ], [ -75.61122, 45.43081 ], [ -75.61122, 45.43081 ], [ -75.61122, 45.43081 ], [ -75.61122, 45.43081 ], [ -75.61122, 45.43081 ], [ -75.61122, 45.43081 ], [ -75.61122, 45.43081 ], [ -75.61122, 45.43081 ], [ -75.61122, 45.43081 ], [ -75.61122, 45.43081 ], [ -75.61122, 45.43081 ], [ -75.61122, 45.43081 ], [ -75.61122, 45.43081 ], [ -75.61122, 45.43081 ], [ -75.61122, 45.43081 ], [ -75.61122, 45.43081 ], [ -75.61122, 45.43081 ], [ -75.61122, 45.43081 ], [ -75.61122, 45.43081 ], [ -75.61122, 45.43081 ], [ -75.61122, 45.43081 ], [ -75.61122, 45.43081 ], [ -75.61122, 45.43081 ], [ -75.61122, 45.43081 ], [ -75.61122, 45.43081 ], [ -75.61122, 45.43081 ], [ -75.61122, 45.43081 ], [ -75.61122, 45.43081 ], [ -75.61122, 45.43081 ], [ -75.61122, 45.43081 ], [ -75.61122, 45.43081 ], [ -75.61122, 45.43081 ], [ -75.61122, 45.43081 ], [ -75.61122, 45.43081 ], [ -75.61122, 45.43081 ], [ -75.61122, 45.43081 ], [ -75.61122, 45.43081 ], [ -75.61122, 45.43081 ], [ -75.61122, 45.43081 ], [ -75.61122, 45.43081 ], [ -75.61122, 45.43081 ], [ -75.61122, 45.43081 ], [ -75.61122, 45.43081 ], [ -75.61122, 45.43081 ], [ -75.61122, 45.43081 ], [ -75.61122, 45.43081 ], [ -75.61122, 45.43081 ], [ -75.61122, 45.43081 ], [ -75.61122, 45.43081 ], [ -75.61122, 45.43081 ], [ -75.61122, 45.43081 ], [ -75.61122, 45.43081 ], [ -75.61122, 45.43081 ], [ -75.61122, 45.43081 ], [ -75.61122, 45.43081 ], [ -75.61122, 45.43081 ], [ -75.61122, 45.43081 ], [ -75.61122, 45.43081 ], [ -75.61122, 45.43081 ], [ -75.61122, 45.43081 ], [ -75.61122, 45.43081 ], [ -75.61122, 45.43081 ], [ -75.61122, 45.43081 ], [ -75.61122, 45.43081 ], [ -75.61122, 45.43081 ], [ -75.61122, 45.43081 ], [ -75.61122, 45.43081 ], [ -75.61122, 45.43081 ], [ -75.61122, 45.43081 ], [ -75.61122, 45.43081 ], [ -75.61122, 45.43081 ], [ -75.61122, 45.43081 ], [ -75.61122, 45.43081 ], [ -75.61122, 45.43081 ], [ -75.61122, 45.43081 ], [ -75.61122, 45.43081 ], [ -75.61122, 45.43081 ], [ -75.61122, 45.43081 ], [ -75.61122, 45.43081 ], [ -75.61122, 45.43081 ], [ -75.61122, 45.43081 ], [ -75.61122, 45.43081 ], [ -75.61122, 45.43081 ], [ -75.61122, 45.43081 ], [ -75.61122, 45.43081 ], [ -75.61122, 45.43081 ], [ -75.61122, 45.43081 ], [ -75.61122, 45.43081 ], [ -75.61122, 45.43081 ], [ -75.61122, 45.43081 ], [ -75.61122, 45.43081 ], [ -75.61122, 45.43081 ], [ -75.61122, 45.43081 ], [ -75.61122, 45.43081 ], [ -75.61122, 45.43081 ], [ -75.61122, 45.43081 ], [ -75.61122, 45.43081 ], [ -75.61122, 45.43081 ], [ -75.61122, 45.43081 ], [ -75.61122, 45.43081 ], [ -75.61122, 45.43081 ], [ -75.61122, 45.43081 ], [ -75.61122, 45.43081 ], [ -75.61122, 45.43081 ], [ -75.61122, 45.43081 ], [ -75.61122, 45.43081 ], [ -75.61122, 45.43081 ], [ -75.61122, 45.43081 ], [ -75.61122, 45.43081 ], [ -75.61122, 45.43081 ], [ -75.61122, 45.43081 ], [ -75.61122, 45.43081 ], [ -75.61122, 45.43081 ], [ -75.61122, 45.43081 ], [ -75.61122, 45.43081 ], [ -75.61122, 45.43081 ], [ -75.61122, 45.43081 ], [ -75.61122, 45.43081 ], [ -75.61122, 45.43081 ], [ -75.61122, 45.43081 ], [ -75.61122, 45.43081 ], [ -75.61122, 45.43081 ], [ -75.61122, 45.43081 ], [ -75.61122, 45.43081 ], [ -75.61122, 45.43081 ], [ -75.61122, 45.43081 ], [ -75.61122, 45.43081 ], [ -75.61122, 45.43081 ], [ -75.61122, 45.43081 ], [ -75.61122, 45.43081 ], [ -75.61122, 45.43081 ], [ -75.61122, 45.43081 ], [ -75.61122, 45.43081 ], [ -75.61122, 45.43081 ], [ -75.61122, 45.43081 ], [ -75.61122, 45.43081 ], [ -75.61122, 45.43081 ], [ -75.61122, 45.43081 ], [ -75.61122, 45.43081 ], [ -75.61122, 45.43081 ], [ -75.61122, 45.43081 ], [ -75.61122, 45.43081 ], [ -75.61122, 45.43081 ], [ -75.61122, 45.43081 ], [ -75.61122, 45.43081 ], [ -75.61122, 45.43081 ], [ -75.61122, 45.43081 ], [ -75.61122, 45.43081 ], [ -75.61122, 45.43081 ], [ -75.61122, 45.43081 ], [ -75.61122, 45.43081 ], [ -75.61122, 45.43081 ], [ -75.61122, 45.43081 ], [ -75.61122, 45.43081 ], [ -75.61122, 45.43081 ], [ -75.61122, 45.43081 ], [ -75.61122, 45.43081 ], [ -75.61122, 45.43081 ], [ -75.61122, 45.43081 ], [ -75.61122, 45.43081 ], [ -75.61122, 45.43081 ], [ -75.61122, 45.43081 ], [ -75.61122, 45.43081 ], [ -75.61122, 45.43081 ], [ -75.61122, 45.43081 ], [ -75.61122, 45.43081 ], [ -75.61122, 45.43081 ], [ -75.61122, 45.43081 ], [ -75.61122, 45.43081 ], [ -75.61122, 45.43081 ], [ -75.61122, 45.43081 ], [ -75.61122, 45.43081 ], [ -75.61122, 45.43081 ], [ -75.61122, 45.43081 ], [ -75.61122, 45.43081 ], [ -75.61122, 45.43081 ], [ -75.61122, 45.43081 ], [ -75.61122, 45.43081 ], [ -75.61122, 45.43081 ], [ -75.61122, 45.43081 ], [ -75.61122, 45.43081 ], [ -75.61122, 45.43081 ], [ -75.61122, 45.43081 ], [ -75.61122, 45.43081 ], [ -75.61122, 45.43081 ], [ -75.61122, 45.43081 ], [ -75.61122, 45.43081 ], [ -75.61122, 45.43081 ], [ -75.61122, 45.43081 ], [ -75.61122, 45.43081 ], [ -75.61122, 45.43081 ], [ -75.61122, 45.43081 ], [ -75.61122, 45.43081 ], [ -75.61122, 45.43081 ], [ -75.61122, 45.43081 ], [ -75.61122, 45.43081 ], [ -75.61122, 45.43081 ], [ -75.61122, 45.43081 ], [ -75.61122, 45.43081 ], [ -75.61122, 45.43081 ], [ -75.61122, 45.43081 ], [ -75.61122, 45.43081 ], [ -75.61122, 45.43081 ], [ -75.61122, 45.43081 ], [ -75.61122, 45.43081 ], [ -75.61122, 45.43081 ], [ -75.61122, 45.43081 ], [ -75.61122, 45.43081 ], [ -75.61122, 45.43081 ], [ -75.61122, 45.43081 ], [ -75.61122, 45.43081 ], [ -75.61122, 45.43081 ], [ -75.61122, 45.43081 ], [ -75.61122, 45.43081 ], [ -75.61122, 45.43081 ], [ -75.61122, 45.43081 ], [ -75.61122, 45.43081 ], [ -75.61122, 45.43081 ], [ -75.61122, 45.43081 ], [ -75.61122, 45.43081 ], [ -75.61122, 45.43081 ], [ -75.61122, 45.43081 ], [ -75.61122, 45.43081 ], [ -75.61122, 45.43081 ], [ -75.61122, 45.43081 ], [ -75.61122, 45.43081 ], [ -75.61122, 45.43081 ], [ -75.61122, 45.43081 ], [ -75.61122, 45.43081 ], [ -75.61122, 45.43081 ], [ -75.61122, 45.43081 ], [ -75.61122, 45.43081 ], [ -75.61122, 45.43081 ], [ -75.61122, 45.43081 ], [ -75.61122, 45.43081 ], [ -75.61122, 45.43081 ], [ -75.61122, 45.43081 ], [ -75.61122, 45.43081 ], [ -75.61122, 45.43081 ], [ -75.61122, 45.43081 ], [ -75.61122, 45.43081 ], [ -75.61122, 45.43081 ], [ -75.61122, 45.43081 ], [ -75.61122, 45.43081 ], [ -75.61122, 45.43081 ], [ -75.61122, 45.43081 ], [ -75.61122, 45.43081 ], [ -75.61122, 45.43081 ], [ -75.61122, 45.43081 ], [ -75.61122, 45.43081 ], [ -75.61122, 45.43081 ], [ -75.61122, 45.43081 ], [ -75.61122, 45.43081 ], [ -75.61122, 45.43081 ], [ -75.61122, 45.43081 ], [ -75.61122, 45.43081 ], [ -75.61122, 45.43081 ], [ -75.61122, 45.43081 ], [ -75.61122, 45.43081 ], [ -75.61122, 45.43081 ], [ -75.61122, 45.43081 ], [ -75.61122, 45.43081 ], [ -75.61122, 45.43081 ], [ -75.61122, 45.43081 ], [ -75.61122, 45.43081 ], [ -75.61122, 45.43081 ], [ -75.61122, 45.43081 ], [ -75.61122, 45.43081 ], [ -75.61122, 45.43081 ], [ -75.61122, 45.43081 ], [ -75.61122, 45.43081 ], [ -75.61122, 45.43081 ], [ -75.61122, 45.43081 ], [ -75.61122, 45.43081 ], [ -75.61122, 45.43081 ], [ -75.61122, 45.43081 ], [ -75.61122, 45.43081 ], [ -75.61122, 45.43081 ], [ -75.61122, 45.43081 ], [ -75.61122, 45.43081 ], [ -75.61122, 45.43081 ], [ -75.61122, 45.43081 ], [ -75.61122, 45.43081 ], [ -75.61122, 45.43081 ], [ -75.61122, 45.43081 ], [ -75.61122, 45.43081 ], [ -75.61122, 45.43081 ], [ -75.61122, 45.43081 ], [ -75.61122, 45.43081 ], [ -75.61122, 45.43081 ], [ -75.61122, 45.43081 ], [ -75.61122, 45.43081 ], [ -75.61122, 45.43081 ], [ -75.61122, 45.43081 ], [ -75.61122, 45.43081 ], [ -75.61122, 45.43081 ], [ -75.61122, 45.43081 ], [ -75.61122, 45.43081 ], [ -75.61122, 45.43081 ], [ -75.61122, 45.43081 ], [ -75.61122, 45.43081 ], [ -75.61122, 45.43081 ], [ -75.61122, 45.43081 ], [ -75.61122, 45.43081 ], [ -75.61122, 45.43081 ], [ -75.61122, 45.43081 ], [ -75.61122, 45.43081 ], [ -75.61122, 45.43081 ], [ -75.61122, 45.43081 ], [ -75.61122, 45.43081 ], [ -75.61122, 45.43081 ], [ -75.61122, 45.43081 ], [ -75.61122, 45.43081 ], [ -75.61122, 45.43081 ], [ -75.61122, 45.43081 ], [ -75.61122, 45.43081 ], [ -75.61122, 45.43081 ], [ -75.61122, 45.43081 ], [ -75.61122, 45.43081 ], [ -75.61122, 45.43081 ], [ -75.61122, 45.43081 ], [ -75.61122, 45.43081 ], [ -75.61122, 45.43081 ], [ -75.61122, 45.43081 ], [ -75.61122, 45.43081 ], [ -75.61122, 45.43081 ], [ -75.61122, 45.43081 ], [ -75.61122, 45.43081 ], [ -75.61122, 45.43081 ], [ -75.61122, 45.43081 ], [ -75.61122, 45.43081 ], [ -75.61122, 45.43081 ], [ -75.61122, 45.43081 ], [ -75.61122, 45.43081 ], [ -75.61122, 45.43081 ], [ -75.61122, 45.43081 ], [ -75.61122, 45.43081 ], [ -75.61122, 45.43081 ], [ -75.61122, 45.43081 ], [ -75.61122, 45.43081 ], [ -75.61122, 45.43081 ], [ -75.61122, 45.43081 ], [ -75.61122, 45.43081 ], [ -75.61122, 45.43081 ], [ -75.61122, 45.43081 ], [ -75.61122, 45.43081 ], [ -75.61122, 45.43081 ], [ -75.61122, 45.43081 ], [ -75.61122, 45.43081 ], [ -75.61122, 45.43081 ], [ -75.61122, 45.43081 ], [ -75.61122, 45.43081 ], [ -75.61122, 45.43081 ], [ -75.61122, 45.43081 ], [ -75.61122, 45.43081 ], [ -75.61122, 45.43081 ], [ -75.61122, 45.43081 ], [ -75.61122, 45.43081 ], [ -75.61122, 45.43081 ], [ -75.61122, 45.43081 ], [ -75.61122, 45.43081 ], [ -75.61122, 45.43081 ], [ -75.61122, 45.43081 ], [ -75.61122, 45.43081 ], [ -75.61122, 45.43081 ], [ -75.61122, 45.43081 ], [ -75.61122, 45.43081 ], [ -75.61122, 45.43081 ], [ -75.61122, 45.43081 ], [ -75.61122, 45.43081 ], [ -75.61122, 45.43081 ], [ -75.61122, 45.43081 ], [ -75.61122, 45.43081 ], [ -75.61122, 45.43081 ], [ -75.61122, 45.43081 ], [ -75.61122, 45.43081 ], [ -75.61122, 45.43081 ], [ -75.61122, 45.43081 ], [ -75.61122, 45.43081 ], [ -75.61122, 45.43081 ], [ -75.61122, 45.43081 ], [ -75.61122, 45.43081 ], [ -75.61122, 45.43081 ], [ -75.61122, 45.43081 ], [ -75.61122, 45.43081 ], [ -75.61122, 45.43081 ], [ -75.61122, 45.43081 ], [ -75.61122, 45.43081 ], [ -75.61122, 45.43081 ], [ -75.61122, 45.43081 ], [ -75.61122, 45.43081 ], [ -75.61122, 45.43081 ], [ -75.61122, 45.43081 ], [ -75.61122, 45.43081 ], [ -75.61122, 45.43081 ], [ -75.61122, 45.43081 ], [ -75.61122, 45.43081 ], [ -75.61122, 45.43081 ], [ -75.61122, 45.43081 ], [ -75.61122, 45.43081 ], [ -75.61122, 45.43081 ], [ -75.61122, 45.43081 ], [ -75.61122, 45.43081 ], [ -75.61122, 45.43081 ], [ -75.61122, 45.43081 ], [ -75.61122, 45.43081 ], [ -75.61122, 45.43081 ], [ -75.61122, 45.43081 ], [ -75.61122, 45.43081 ], [ -75.61122, 45.43081 ], [ -75.61122, 45.43081 ], [ -75.61122, 45.43081 ], [ -75.61122, 45.43081 ], [ -75.61122, 45.43081 ], [ -75.61122, 45.43081 ], [ -75.61122, 45.43081 ], [ -75.61122, 45.43081 ], [ -75.61122, 45.43081 ], [ -75.61122, 45.43081 ], [ -75.61122, 45.43081 ], [ -75.61122, 45.43081 ], [ -75.61122, 45.43081 ], [ -75.61122, 45.43081 ], [ -75.61122, 45.43081 ], [ -75.61122, 45.43081 ], [ -75.61122, 45.43081 ], [ -75.61122, 45.43081 ], [ -75.61122, 45.43081 ], [ -75.61122, 45.43081 ], [ -75.61122, 45.43081 ], [ -75.61122, 45.43081 ], [ -75.61122, 45.43081 ], [ -75.61122, 45.43081 ], [ -75.61122, 45.43081 ], [ -75.61122, 45.43081 ], [ -75.61122, 45.43081 ], [ -75.61122, 45.43081 ], [ -75.61122, 45.43081 ], [ -75.61122, 45.43081 ], [ -75.61122, 45.43081 ], [ -75.61122, 45.43081 ], [ -75.61122, 45.43081 ], [ -75.61122, 45.43081 ], [ -75.61122, 45.43081 ], [ -75.61122, 45.43081 ], [ -75.61122, 45.43081 ], [ -75.61122, 45.43081 ], [ -75.61122, 45.43081 ], [ -75.61122, 45.43081 ], [ -75.61122, 45.43081 ], [ -75.61122, 45.43081 ], [ -75.61122, 45.43081 ], [ -75.61122, 45.43081 ], [ -75.61122, 45.43081 ], [ -75.61122, 45.43081 ], [ -75.61122, 45.43081 ], [ -75.61122, 45.43081 ], [ -75.61122, 45.43081 ], [ -75.61122, 45.43081 ], [ -75.61122, 45.43081 ], [ -75.61122, 45.43081 ], [ -75.61122, 45.43081 ], [ -75.61122, 45.43081 ], [ -75.61122, 45.43081 ], [ -75.61122, 45.43081 ], [ -75.61122, 45.43081 ], [ -75.61122, 45.43081 ], [ -75.61122, 45.43081 ], [ -75.61122, 45.43081 ], [ -75.61122, 45.43081 ], [ -75.61122, 45.43081 ], [ -75.61122, 45.43081 ], [ -75.61122, 45.43081 ], [ -75.61122, 45.43081 ], [ -75.61122, 45.43081 ], [ -75.61122, 45.43081 ], [ -75.61136, 45.43086 ], [ -75.61214, 45.43118 ], [ -75.61214, 45.43118 ], [ -75.61214, 45.43118 ], [ -75.61214, 45.43118 ], [ -75.61214, 45.43118 ], [ -75.61214, 45.43118 ], [ -75.61214, 45.43118 ], [ -75.61214, 45.43118 ], [ -75.61214, 45.43118 ], [ -75.61214, 45.43118 ], [ -75.61214, 45.43118 ], [ -75.61214, 45.43118 ], [ -75.61214, 45.43118 ], [ -75.61214, 45.43118 ], [ -75.61214, 45.43118 ], [ -75.61214, 45.43118 ], [ -75.61214, 45.43118 ], [ -75.61214, 45.43118 ], [ -75.61214, 45.43118 ], [ -75.61214, 45.43118 ], [ -75.61214, 45.43118 ], [ -75.61214, 45.43118 ], [ -75.61214, 45.43118 ], [ -75.61214, 45.43118 ], [ -75.61214, 45.43118 ], [ -75.61214, 45.43118 ], [ -75.61214, 45.43118 ], [ -75.61214, 45.43118 ], [ -75.61214, 45.43118 ], [ -75.61214, 45.43118 ], [ -75.61214, 45.43118 ], [ -75.61214, 45.43118 ], [ -75.61214, 45.43118 ], [ -75.61214, 45.43118 ], [ -75.61214, 45.43118 ], [ -75.61214, 45.43118 ], [ -75.61214, 45.43118 ], [ -75.61214, 45.43118 ], [ -75.61214, 45.43118 ], [ -75.61214, 45.43118 ], [ -75.61214, 45.43118 ], [ -75.61214, 45.43118 ], [ -75.61214, 45.43118 ], [ -75.61214, 45.43118 ], [ -75.61214, 45.43118 ], [ -75.61214, 45.43118 ], [ -75.61214, 45.43118 ], [ -75.61214, 45.43118 ], [ -75.61214, 45.43118 ], [ -75.61214, 45.43118 ], [ -75.61214, 45.43118 ], [ -75.61214, 45.43118 ], [ -75.61214, 45.43118 ], [ -75.61214, 45.43118 ], [ -75.61214, 45.43118 ], [ -75.61214, 45.43118 ], [ -75.61214, 45.43118 ], [ -75.61214, 45.43118 ], [ -75.61214, 45.43118 ], [ -75.61214, 45.43118 ], [ -75.61214, 45.43118 ], [ -75.61214, 45.43118 ], [ -75.61214, 45.43118 ], [ -75.61214, 45.43118 ], [ -75.61214, 45.43118 ], [ -75.61214, 45.43118 ], [ -75.61214, 45.43118 ], [ -75.61214, 45.43118 ], [ -75.61214, 45.43118 ], [ -75.61214, 45.43118 ], [ -75.61214, 45.43118 ], [ -75.61214, 45.43118 ], [ -75.61214, 45.43118 ], [ -75.61214, 45.43118 ], [ -75.61214, 45.43118 ], [ -75.61214, 45.43118 ], [ -75.61214, 45.43118 ], [ -75.61214, 45.43118 ], [ -75.61214, 45.43118 ], [ -75.61214, 45.43118 ], [ -75.61214, 45.43118 ], [ -75.61214, 45.43118 ], [ -75.61214, 45.43118 ], [ -75.61214, 45.43118 ], [ -75.61214, 45.43118 ], [ -75.61214, 45.43118 ], [ -75.61214, 45.43118 ], [ -75.61214, 45.43118 ], [ -75.61214, 45.43118 ], [ -75.61214, 45.43118 ], [ -75.61214, 45.43118 ], [ -75.61214, 45.43118 ], [ -75.61214, 45.43118 ], [ -75.61214, 45.43118 ], [ -75.61214, 45.43118 ], [ -75.61214, 45.43118 ], [ -75.61214, 45.43118 ], [ -75.61214, 45.43118 ], [ -75.61214, 45.43118 ], [ -75.61214, 45.43118 ], [ -75.61214, 45.43118 ], [ -75.61214, 45.43118 ], [ -75.61214, 45.43118 ], [ -75.61214, 45.43118 ], [ -75.61214, 45.43118 ], [ -75.61214, 45.43118 ], [ -75.61214, 45.43118 ], [ -75.61214, 45.43118 ], [ -75.61214, 45.43118 ], [ -75.61214, 45.43118 ], [ -75.61214, 45.43118 ], [ -75.61214, 45.43118 ], [ -75.61214, 45.43118 ], [ -75.61214, 45.43118 ], [ -75.61214, 45.43118 ], [ -75.61214, 45.43118 ], [ -75.61214, 45.43118 ], [ -75.61214, 45.43118 ], [ -75.61214, 45.43118 ], [ -75.61214, 45.43118 ], [ -75.61214, 45.43118 ], [ -75.61214, 45.43118 ], [ -75.61214, 45.43118 ], [ -75.61214, 45.43118 ], [ -75.61214, 45.43118 ], [ -75.61214, 45.43118 ], [ -75.61214, 45.43118 ], [ -75.61214, 45.43118 ], [ -75.61214, 45.43118 ], [ -75.61214, 45.43118 ], [ -75.61214, 45.43118 ], [ -75.61214, 45.43118 ], [ -75.61214, 45.43118 ], [ -75.61214, 45.43118 ], [ -75.61214, 45.43118 ], [ -75.61214, 45.43118 ], [ -75.61214, 45.43118 ], [ -75.61214, 45.43118 ], [ -75.61214, 45.43118 ], [ -75.61214, 45.43118 ], [ -75.61214, 45.43118 ], [ -75.61214, 45.43118 ], [ -75.61214, 45.43118 ], [ -75.61214, 45.43118 ], [ -75.61214, 45.43118 ], [ -75.61214, 45.43118 ], [ -75.61214, 45.43118 ], [ -75.61214, 45.43118 ], [ -75.61214, 45.43118 ], [ -75.61214, 45.43118 ], [ -75.61214, 45.43118 ], [ -75.61214, 45.43118 ], [ -75.61214, 45.43118 ], [ -75.61214, 45.43118 ], [ -75.61214, 45.43118 ], [ -75.61214, 45.43118 ], [ -75.61214, 45.43118 ], [ -75.61214, 45.43118 ], [ -75.61214, 45.43118 ], [ -75.61214, 45.43118 ], [ -75.61214, 45.43118 ], [ -75.61214, 45.43118 ], [ -75.61214, 45.43118 ], [ -75.61214, 45.43118 ], [ -75.61214, 45.43118 ], [ -75.61214, 45.43118 ], [ -75.61214, 45.43118 ], [ -75.61214, 45.43118 ], [ -75.61214, 45.43118 ], [ -75.61214, 45.43118 ], [ -75.61214, 45.43118 ], [ -75.61214, 45.43118 ], [ -75.61214, 45.43118 ], [ -75.61214, 45.43118 ], [ -75.61214, 45.43118 ], [ -75.61214, 45.43118 ], [ -75.61214, 45.43118 ], [ -75.61214, 45.43118 ], [ -75.61214, 45.43118 ], [ -75.61214, 45.43118 ], [ -75.61214, 45.43118 ], [ -75.61214, 45.43118 ], [ -75.61214, 45.43118 ], [ -75.61214, 45.43118 ], [ -75.61214, 45.43118 ], [ -75.61214, 45.43118 ], [ -75.61214, 45.43118 ], [ -75.61214, 45.43118 ], [ -75.61214, 45.43118 ], [ -75.61214, 45.43118 ], [ -75.61214, 45.43118 ], [ -75.61214, 45.43118 ], [ -75.61214, 45.43118 ], [ -75.61214, 45.43118 ], [ -75.61214, 45.43118 ], [ -75.61214, 45.43118 ], [ -75.61214, 45.43118 ], [ -75.61214, 45.43118 ], [ -75.61214, 45.43118 ], [ -75.61214, 45.43118 ], [ -75.61214, 45.43118 ], [ -75.61214, 45.43118 ], [ -75.61214, 45.43118 ], [ -75.61214, 45.43118 ], [ -75.61214, 45.43118 ], [ -75.61214, 45.43118 ], [ -75.61214, 45.43118 ], [ -75.61214, 45.43118 ], [ -75.61214, 45.43118 ], [ -75.61214, 45.43118 ], [ -75.61214, 45.43118 ], [ -75.61214, 45.43118 ], [ -75.61214, 45.43118 ], [ -75.61214, 45.43118 ], [ -75.61214, 45.43118 ], [ -75.61214, 45.43118 ], [ -75.61214, 45.43118 ], [ -75.61214, 45.43118 ], [ -75.61214, 45.43118 ], [ -75.61214, 45.43118 ], [ -75.61214, 45.43118 ], [ -75.61214, 45.43118 ], [ -75.61214, 45.43118 ], [ -75.61214, 45.43118 ], [ -75.61214, 45.43118 ], [ -75.61214, 45.43118 ], [ -75.61214, 45.43118 ], [ -75.61214, 45.43118 ], [ -75.61214, 45.43118 ], [ -75.61214, 45.43118 ], [ -75.61214, 45.43118 ], [ -75.61214, 45.43118 ], [ -75.61214, 45.43118 ], [ -75.61214, 45.43118 ], [ -75.61214, 45.43118 ], [ -75.61214, 45.43118 ], [ -75.61214, 45.43118 ], [ -75.61214, 45.43118 ], [ -75.61214, 45.43118 ], [ -75.61214, 45.43118 ], [ -75.61214, 45.43118 ], [ -75.61214, 45.43118 ], [ -75.61214, 45.43118 ], [ -75.61214, 45.43118 ], [ -75.61214, 45.43118 ], [ -75.61214, 45.43118 ], [ -75.61214, 45.43118 ], [ -75.61214, 45.43118 ], [ -75.61214, 45.43118 ], [ -75.61214, 45.43118 ], [ -75.61214, 45.43118 ], [ -75.61214, 45.43118 ], [ -75.61214, 45.43118 ], [ -75.61214, 45.43118 ], [ -75.61214, 45.43118 ], [ -75.61214, 45.43118 ], [ -75.61214, 45.43118 ], [ -75.61214, 45.43118 ], [ -75.61214, 45.43118 ], [ -75.61214, 45.43118 ], [ -75.61214, 45.43118 ], [ -75.61214, 45.43118 ], [ -75.61214, 45.43118 ], [ -75.61214, 45.43118 ], [ -75.61214, 45.43118 ], [ -75.61214, 45.43118 ], [ -75.61214, 45.43118 ], [ -75.61214, 45.43118 ], [ -75.61214, 45.43118 ], [ -75.61214, 45.43118 ], [ -75.61214, 45.43118 ], [ -75.61214, 45.43118 ], [ -75.61214, 45.43118 ], [ -75.61214, 45.43118 ], [ -75.61214, 45.43118 ], [ -75.61214, 45.43118 ], [ -75.61214, 45.43118 ], [ -75.61214, 45.43118 ], [ -75.61214, 45.43118 ], [ -75.61214, 45.43118 ], [ -75.61214, 45.43118 ], [ -75.61214, 45.43118 ], [ -75.61214, 45.43118 ], [ -75.61214, 45.43118 ], [ -75.61214, 45.43118 ], [ -75.61214, 45.43118 ], [ -75.61214, 45.43118 ], [ -75.61214, 45.43118 ], [ -75.61214, 45.43118 ], [ -75.61214, 45.43118 ], [ -75.61214, 45.43118 ], [ -75.61214, 45.43118 ], [ -75.61214, 45.43118 ], [ -75.61214, 45.43118 ], [ -75.61214, 45.43118 ], [ -75.61214, 45.43118 ], [ -75.61214, 45.43118 ], [ -75.61214, 45.43118 ], [ -75.61214, 45.43118 ], [ -75.61214, 45.43118 ], [ -75.61214, 45.43118 ], [ -75.61214, 45.43118 ], [ -75.61214, 45.43118 ], [ -75.61214, 45.43118 ], [ -75.61214, 45.43118 ], [ -75.61214, 45.43118 ], [ -75.61214, 45.43118 ], [ -75.61214, 45.43118 ], [ -75.61214, 45.43118 ], [ -75.61214, 45.43118 ], [ -75.61214, 45.43118 ], [ -75.61214, 45.43118 ], [ -75.61214, 45.43118 ], [ -75.61214, 45.43118 ], [ -75.61214, 45.43118 ], [ -75.61214, 45.43118 ], [ -75.61214, 45.43118 ], [ -75.61214, 45.43118 ], [ -75.61214, 45.43118 ], [ -75.61214, 45.43118 ], [ -75.61214, 45.43118 ], [ -75.61214, 45.43118 ], [ -75.61214, 45.43118 ], [ -75.61214, 45.43118 ], [ -75.61214, 45.43118 ], [ -75.61214, 45.43118 ], [ -75.61214, 45.43118 ], [ -75.61214, 45.43118 ], [ -75.61214, 45.43118 ], [ -75.61214, 45.43118 ], [ -75.61214, 45.43118 ], [ -75.61214, 45.43118 ], [ -75.61214, 45.43118 ], [ -75.61214, 45.43118 ], [ -75.61214, 45.43118 ], [ -75.61214, 45.43118 ], [ -75.61214, 45.43118 ], [ -75.61214, 45.43118 ], [ -75.61214, 45.43118 ], [ -75.61214, 45.43118 ], [ -75.61214, 45.43118 ], [ -75.61214, 45.43118 ], [ -75.61214, 45.43118 ], [ -75.61214, 45.43118 ], [ -75.61214, 45.43118 ], [ -75.61214, 45.43118 ], [ -75.61214, 45.43118 ], [ -75.61214, 45.43118 ], [ -75.61214, 45.43118 ], [ -75.61214, 45.43118 ], [ -75.61214, 45.43118 ], [ -75.61214, 45.43118 ], [ -75.61214, 45.43118 ], [ -75.61214, 45.43118 ], [ -75.61214, 45.43118 ], [ -75.61214, 45.43118 ], [ -75.61214, 45.43118 ], [ -75.61214, 45.43118 ], [ -75.61214, 45.43118 ], [ -75.61214, 45.43118 ], [ -75.61214, 45.43118 ], [ -75.61214, 45.43118 ], [ -75.61214, 45.43118 ], [ -75.61214, 45.43118 ], [ -75.61214, 45.43118 ], [ -75.61214, 45.43118 ], [ -75.61214, 45.43118 ], [ -75.61214, 45.43118 ], [ -75.61214, 45.43118 ], [ -75.61214, 45.43118 ], [ -75.61214, 45.43118 ], [ -75.61214, 45.43118 ], [ -75.61214, 45.43118 ], [ -75.61214, 45.43118 ], [ -75.61214, 45.43118 ], [ -75.61214, 45.43118 ], [ -75.61214, 45.43118 ], [ -75.61214, 45.43118 ], [ -75.61214, 45.43118 ], [ -75.61214, 45.43118 ], [ -75.61214, 45.43118 ], [ -75.61214, 45.43118 ], [ -75.61214, 45.43118 ], [ -75.61214, 45.43118 ], [ -75.61214, 45.43118 ], [ -75.61214, 45.43118 ], [ -75.61214, 45.43118 ], [ -75.61214, 45.43118 ], [ -75.61214, 45.43118 ], [ -75.61214, 45.43118 ], [ -75.61214, 45.43118 ], [ -75.61214, 45.43118 ], [ -75.61214, 45.43118 ], [ -75.61214, 45.43118 ], [ -75.61214, 45.43118 ], [ -75.61214, 45.43118 ], [ -75.61214, 45.43118 ], [ -75.61214, 45.43118 ], [ -75.61214, 45.43118 ], [ -75.61214, 45.43118 ], [ -75.61214, 45.43118 ], [ -75.61214, 45.43118 ], [ -75.61214, 45.43118 ], [ -75.61214, 45.43118 ], [ -75.61214, 45.43118 ], [ -75.61214, 45.43118 ], [ -75.61214, 45.43118 ], [ -75.61214, 45.43118 ], [ -75.61214, 45.43118 ], [ -75.61214, 45.43118 ], [ -75.61214, 45.43118 ], [ -75.61214, 45.43118 ], [ -75.61214, 45.43118 ], [ -75.61214, 45.43118 ], [ -75.61214, 45.43118 ], [ -75.61214, 45.43118 ], [ -75.61214, 45.43118 ], [ -75.61214, 45.43118 ], [ -75.61214, 45.43118 ], [ -75.61214, 45.43118 ], [ -75.61214, 45.43118 ], [ -75.61214, 45.43118 ], [ -75.61214, 45.43118 ], [ -75.61214, 45.43118 ], [ -75.61214, 45.43118 ], [ -75.61214, 45.43118 ], [ -75.61214, 45.43118 ], [ -75.61214, 45.43118 ], [ -75.61214, 45.43118 ], [ -75.61214, 45.43118 ], [ -75.61214, 45.43118 ], [ -75.61214, 45.43118 ], [ -75.61214, 45.43118 ], [ -75.61214, 45.43118 ], [ -75.61214, 45.43118 ], [ -75.61214, 45.43118 ], [ -75.61214, 45.43118 ], [ -75.61214, 45.43118 ], [ -75.61214, 45.43118 ], [ -75.61214, 45.43118 ], [ -75.61214, 45.43118 ], [ -75.61214, 45.43118 ], [ -75.61214, 45.43118 ], [ -75.61214, 45.43118 ], [ -75.61214, 45.43118 ], [ -75.61214, 45.43118 ], [ -75.61214, 45.43118 ], [ -75.61214, 45.43118 ], [ -75.61214, 45.43118 ], [ -75.61214, 45.43118 ], [ -75.61214, 45.43118 ], [ -75.61214, 45.43118 ], [ -75.61214, 45.43118 ], [ -75.61214, 45.43118 ], [ -75.61214, 45.43118 ], [ -75.61214, 45.43118 ], [ -75.61214, 45.43118 ], [ -75.61214, 45.43118 ], [ -75.61214, 45.43118 ], [ -75.61214, 45.43118 ], [ -75.61214, 45.43118 ], [ -75.61214, 45.43118 ], [ -75.61214, 45.43118 ], [ -75.61214, 45.43118 ], [ -75.61214, 45.43118 ], [ -75.61214, 45.43118 ], [ -75.61214, 45.43118 ], [ -75.61214, 45.43118 ], [ -75.61214, 45.43118 ], [ -75.61214, 45.43118 ], [ -75.61214, 45.43118 ], [ -75.61214, 45.43118 ], [ -75.61214, 45.43118 ], [ -75.61214, 45.43118 ], [ -75.61214, 45.43118 ], [ -75.61214, 45.43118 ], [ -75.61214, 45.43118 ], [ -75.61214, 45.43118 ], [ -75.61214, 45.43118 ], [ -75.61214, 45.43118 ], [ -75.61214, 45.43118 ], [ -75.61214, 45.43118 ], [ -75.61214, 45.43118 ], [ -75.61214, 45.43118 ], [ -75.61214, 45.43118 ], [ -75.61214, 45.43118 ], [ -75.61214, 45.43118 ], [ -75.61214, 45.43118 ], [ -75.61214, 45.43118 ], [ -75.61214, 45.43118 ], [ -75.61214, 45.43118 ], [ -75.61214, 45.43118 ], [ -75.61214, 45.43118 ], [ -75.61214, 45.43118 ], [ -75.61214, 45.43118 ], [ -75.61214, 45.43118 ], [ -75.61214, 45.43118 ], [ -75.61214, 45.43118 ], [ -75.61214, 45.43118 ], [ -75.61214, 45.43118 ], [ -75.61214, 45.43118 ], [ -75.61214, 45.43118 ], [ -75.61214, 45.43118 ], [ -75.61214, 45.43118 ], [ -75.61214, 45.43118 ], [ -75.61214, 45.43118 ], [ -75.61214, 45.43118 ], [ -75.61214, 45.43118 ], [ -75.61214, 45.43118 ], [ -75.61214, 45.43118 ], [ -75.61214, 45.43118 ], [ -75.61214, 45.43118 ], [ -75.61214, 45.43118 ], [ -75.61214, 45.43118 ], [ -75.61214, 45.43118 ], [ -75.61214, 45.43118 ], [ -75.61214, 45.43118 ], [ -75.61214, 45.43118 ], [ -75.61214, 45.43118 ], [ -75.61214, 45.43118 ], [ -75.61214, 45.43118 ], [ -75.61214, 45.43118 ], [ -75.61214, 45.43118 ], [ -75.61214, 45.43118 ], [ -75.61214, 45.43118 ], [ -75.61214, 45.43118 ], [ -75.61214, 45.43118 ], [ -75.61214, 45.43118 ], [ -75.61214, 45.43118 ], [ -75.61214, 45.43118 ], [ -75.61214, 45.43118 ], [ -75.61214, 45.43118 ], [ -75.61214, 45.43118 ], [ -75.61214, 45.43118 ], [ -75.61214, 45.43118 ], [ -75.61214, 45.43118 ], [ -75.61214, 45.43118 ], [ -75.61214, 45.43118 ], [ -75.61214, 45.43118 ], [ -75.61214, 45.43118 ], [ -75.61214, 45.43118 ], [ -75.61214, 45.43118 ], [ -75.61214, 45.43118 ], [ -75.61214, 45.43118 ], [ -75.61214, 45.43118 ], [ -75.61214, 45.43118 ], [ -75.61214, 45.43118 ], [ -75.61214, 45.43118 ], [ -75.61214, 45.43118 ], [ -75.61214, 45.43118 ], [ -75.61214, 45.43118 ], [ -75.61214, 45.43118 ], [ -75.61214, 45.43118 ], [ -75.61214, 45.43118 ], [ -75.61214, 45.43118 ], [ -75.61214, 45.43118 ], [ -75.61214, 45.43118 ], [ -75.61214, 45.43118 ], [ -75.61214, 45.43118 ], [ -75.61214, 45.43118 ], [ -75.61214, 45.43118 ], [ -75.61214, 45.43118 ], [ -75.61214, 45.43118 ], [ -75.61214, 45.43118 ], [ -75.61214, 45.43118 ], [ -75.61214, 45.43118 ], [ -75.61214, 45.43118 ], [ -75.61214, 45.43118 ], [ -75.61214, 45.43118 ], [ -75.61214, 45.43118 ], [ -75.61214, 45.43118 ], [ -75.61214, 45.43118 ], [ -75.61214, 45.43118 ], [ -75.61214, 45.43118 ], [ -75.61214, 45.43118 ], [ -75.61214, 45.43118 ], [ -75.61214, 45.43118 ], [ -75.61214, 45.43118 ], [ -75.61214, 45.43118 ], [ -75.61214, 45.43118 ], [ -75.61214, 45.43118 ], [ -75.61214, 45.43118 ], [ -75.61214, 45.43118 ], [ -75.61214, 45.43118 ], [ -75.61214, 45.43118 ], [ -75.61214, 45.43118 ], [ -75.61214, 45.43118 ], [ -75.61214, 45.43118 ], [ -75.61214, 45.43118 ], [ -75.61214, 45.43118 ], [ -75.61214, 45.43118 ], [ -75.61214, 45.43118 ], [ -75.61214, 45.43118 ], [ -75.61214, 45.43118 ], [ -75.61214, 45.43118 ], [ -75.61214, 45.43118 ], [ -75.61214, 45.43118 ], [ -75.61214, 45.43118 ], [ -75.61214, 45.43118 ], [ -75.61214, 45.43118 ], [ -75.61214, 45.43118 ], [ -75.61214, 45.43118 ], [ -75.61214, 45.43118 ], [ -75.61214, 45.43118 ], [ -75.61214, 45.43118 ], [ -75.61214, 45.43118 ], [ -75.61214, 45.43118 ], [ -75.61214, 45.43118 ], [ -75.61214, 45.43118 ], [ -75.61214, 45.43118 ], [ -75.61214, 45.43118 ], [ -75.61214, 45.43118 ], [ -75.61214, 45.43118 ], [ -75.61214, 45.43118 ], [ -75.61214, 45.43118 ], [ -75.61214, 45.43118 ], [ -75.61214, 45.43118 ], [ -75.61214, 45.43118 ], [ -75.61214, 45.43118 ], [ -75.61214, 45.43118 ], [ -75.61214, 45.43118 ], [ -75.61214, 45.43118 ], [ -75.61214, 45.43118 ], [ -75.61214, 45.43118 ], [ -75.61214, 45.43118 ], [ -75.61214, 45.43118 ], [ -75.61214, 45.43118 ], [ -75.61214, 45.43118 ], [ -75.61214, 45.43118 ], [ -75.61214, 45.43118 ], [ -75.61214, 45.43118 ], [ -75.61214, 45.43118 ], [ -75.61214, 45.43118 ], [ -75.61214, 45.43118 ], [ -75.61214, 45.43118 ], [ -75.61214, 45.43118 ], [ -75.61214, 45.43118 ], [ -75.61214, 45.43118 ], [ -75.61214, 45.43118 ], [ -75.61214, 45.43118 ], [ -75.61214, 45.43118 ], [ -75.61214, 45.43118 ], [ -75.61214, 45.43118 ], [ -75.61214, 45.43118 ], [ -75.61214, 45.43118 ], [ -75.61214, 45.43118 ], [ -75.61214, 45.43118 ], [ -75.61214, 45.43118 ], [ -75.61214, 45.43118 ], [ -75.61214, 45.43118 ], [ -75.61214, 45.43118 ], [ -75.61214, 45.43118 ], [ -75.61214, 45.43118 ], [ -75.61214, 45.43118 ], [ -75.61214, 45.43118 ], [ -75.61214, 45.43118 ], [ -75.61214, 45.43118 ], [ -75.61214, 45.43118 ], [ -75.61214, 45.43118 ], [ -75.61214, 45.43118 ], [ -75.61214, 45.43118 ], [ -75.61214, 45.43118 ], [ -75.61214, 45.43118 ], [ -75.61214, 45.43118 ], [ -75.61214, 45.43118 ], [ -75.61214, 45.43118 ], [ -75.61214, 45.43118 ], [ -75.61214, 45.43118 ], [ -75.61214, 45.43118 ], [ -75.61214, 45.43118 ], [ -75.61214, 45.43118 ], [ -75.61214, 45.43118 ], [ -75.61214, 45.43118 ], [ -75.61214, 45.43118 ], [ -75.61214, 45.43118 ], [ -75.61214, 45.43118 ], [ -75.61214, 45.43118 ], [ -75.61214, 45.43118 ], [ -75.61214, 45.43118 ], [ -75.61214, 45.43118 ], [ -75.61214, 45.43118 ], [ -75.61214, 45.43118 ], [ -75.61214, 45.43118 ], [ -75.61214, 45.43118 ], [ -75.61214, 45.43118 ], [ -75.61214, 45.43118 ], [ -75.61214, 45.43118 ], [ -75.61214, 45.43118 ], [ -75.61214, 45.43118 ], [ -75.61214, 45.43118 ], [ -75.61214, 45.43118 ], [ -75.61214, 45.43118 ], [ -75.61214, 45.43118 ], [ -75.61214, 45.43118 ], [ -75.61214, 45.43118 ], [ -75.61214, 45.43118 ], [ -75.61214, 45.43118 ], [ -75.61214, 45.43118 ], [ -75.61214, 45.43118 ], [ -75.61214, 45.43118 ], [ -75.61214, 45.43118 ], [ -75.61214, 45.43118 ], [ -75.61214, 45.43118 ], [ -75.61214, 45.43118 ], [ -75.61214, 45.43118 ], [ -75.61214, 45.43118 ], [ -75.61214, 45.43118 ], [ -75.61214, 45.43118 ], [ -75.61214, 45.43118 ], [ -75.61214, 45.43118 ], [ -75.61214, 45.43118 ], [ -75.61214, 45.43118 ], [ -75.61214, 45.43118 ], [ -75.61214, 45.43118 ], [ -75.61214, 45.43118 ], [ -75.61214, 45.43118 ], [ -75.61214, 45.43118 ], [ -75.61214, 45.43118 ], [ -75.61214, 45.43118 ], [ -75.61214, 45.43118 ], [ -75.61214, 45.43118 ], [ -75.61214, 45.43118 ], [ -75.61214, 45.43118 ], [ -75.61214, 45.43118 ], [ -75.61214, 45.43118 ], [ -75.61214, 45.43118 ], [ -75.61214, 45.43118 ], [ -75.61214, 45.43118 ], [ -75.61214, 45.43118 ], [ -75.61214, 45.43118 ], [ -75.61214, 45.43118 ], [ -75.61214, 45.43118 ], [ -75.61214, 45.43118 ], [ -75.61214, 45.43118 ], [ -75.61214, 45.43118 ], [ -75.61214, 45.43118 ], [ -75.61214, 45.43118 ], [ -75.61214, 45.43118 ], [ -75.61214, 45.43118 ], [ -75.61214, 45.43118 ], [ -75.61214, 45.43118 ], [ -75.61214, 45.43118 ], [ -75.61214, 45.43118 ], [ -75.61214, 45.43118 ], [ -75.61214, 45.43118 ], [ -75.61214, 45.43118 ], [ -75.61214, 45.43118 ], [ -75.61214, 45.43118 ], [ -75.61214, 45.43118 ], [ -75.61214, 45.43118 ], [ -75.61214, 45.43118 ], [ -75.61214, 45.43118 ], [ -75.61214, 45.43118 ], [ -75.61214, 45.43118 ], [ -75.61214, 45.43118 ], [ -75.61214, 45.43118 ], [ -75.61214, 45.43118 ], [ -75.61214, 45.43118 ], [ -75.61214, 45.43118 ], [ -75.61214, 45.43118 ], [ -75.61214, 45.43118 ], [ -75.61214, 45.43118 ], [ -75.61214, 45.43118 ], [ -75.61214, 45.43118 ], [ -75.61214, 45.43118 ], [ -75.61214, 45.43118 ], [ -75.61214, 45.43118 ], [ -75.61214, 45.43118 ], [ -75.61214, 45.43118 ], [ -75.61214, 45.43118 ], [ -75.61214, 45.43118 ], [ -75.61214, 45.43118 ], [ -75.61214, 45.43118 ], [ -75.61214, 45.43118 ], [ -75.61214, 45.43118 ], [ -75.61214, 45.43118 ], [ -75.61214, 45.43118 ], [ -75.61214, 45.43118 ], [ -75.61214, 45.43118 ], [ -75.61214, 45.43118 ], [ -75.61214, 45.43118 ], [ -75.61214, 45.43118 ], [ -75.61214, 45.43118 ], [ -75.61214, 45.43118 ], [ -75.61214, 45.43118 ], [ -75.61214, 45.43118 ], [ -75.61214, 45.43118 ], [ -75.61214, 45.43118 ], [ -75.61214, 45.43118 ], [ -75.61214, 45.43118 ], [ -75.61214, 45.43118 ], [ -75.61214, 45.43118 ], [ -75.61214, 45.43118 ], [ -75.61214, 45.43118 ], [ -75.61214, 45.43118 ], [ -75.61214, 45.43118 ], [ -75.61214, 45.43118 ], [ -75.61214, 45.43118 ], [ -75.61214, 45.43118 ], [ -75.61214, 45.43118 ], [ -75.61214, 45.43118 ], [ -75.61214, 45.43118 ], [ -75.61214, 45.43118 ], [ -75.61214, 45.43118 ], [ -75.61214, 45.43118 ], [ -75.61214, 45.43118 ], [ -75.61214, 45.43118 ], [ -75.61214, 45.43118 ], [ -75.61214, 45.43118 ], [ -75.61214, 45.43118 ], [ -75.61214, 45.43118 ], [ -75.61214, 45.43118 ], [ -75.61214, 45.43118 ], [ -75.61214, 45.43118 ], [ -75.61214, 45.43118 ], [ -75.61214, 45.43118 ], [ -75.61214, 45.43118 ], [ -75.61214, 45.43118 ], [ -75.61214, 45.43118 ], [ -75.61214, 45.43118 ], [ -75.61214, 45.43118 ], [ -75.61214, 45.43118 ], [ -75.61214, 45.43118 ], [ -75.61214, 45.43118 ], [ -75.61214, 45.43118 ], [ -75.61214, 45.43118 ], [ -75.61214, 45.43118 ], [ -75.61214, 45.43118 ], [ -75.61214, 45.43118 ], [ -75.61214, 45.43118 ], [ -75.61214, 45.43118 ], [ -75.61214, 45.43118 ], [ -75.61214, 45.43118 ], [ -75.61214, 45.43118 ], [ -75.61214, 45.43118 ], [ -75.61214, 45.43118 ], [ -75.61214, 45.43118 ], [ -75.61214, 45.43118 ], [ -75.61214, 45.43118 ], [ -75.61214, 45.43118 ], [ -75.61214, 45.43118 ], [ -75.61214, 45.43118 ], [ -75.61214, 45.43118 ], [ -75.61214, 45.43118 ], [ -75.61214, 45.43118 ], [ -75.61214, 45.43118 ], [ -75.61214, 45.43118 ], [ -75.61214, 45.43118 ], [ -75.61214, 45.43118 ], [ -75.61214, 45.43118 ], [ -75.61214, 45.43118 ], [ -75.61214, 45.43118 ], [ -75.61214, 45.43118 ], [ -75.61214, 45.43118 ], [ -75.61214, 45.43118 ], [ -75.61214, 45.43118 ], [ -75.61214, 45.43118 ], [ -75.61214, 45.43118 ], [ -75.61214, 45.43118 ], [ -75.61214, 45.43118 ], [ -75.61214, 45.43118 ], [ -75.61214, 45.43118 ], [ -75.61214, 45.43118 ], [ -75.61214, 45.43118 ], [ -75.61214, 45.43118 ], [ -75.61214, 45.43118 ], [ -75.61214, 45.43118 ], [ -75.61214, 45.43118 ], [ -75.61214, 45.43118 ], [ -75.61214, 45.43118 ], [ -75.61214, 45.43118 ], [ -75.61214, 45.43118 ], [ -75.61214, 45.43118 ], [ -75.61214, 45.43118 ], [ -75.61214, 45.43118 ], [ -75.61214, 45.43118 ], [ -75.61214, 45.43118 ], [ -75.61214, 45.43118 ], [ -75.61214, 45.43118 ], [ -75.61214, 45.43118 ], [ -75.61214, 45.43118 ], [ -75.61214, 45.43118 ], [ -75.61214, 45.43118 ], [ -75.61214, 45.43118 ], [ -75.61214, 45.43118 ], [ -75.61214, 45.43118 ], [ -75.61214, 45.43118 ], [ -75.61214, 45.43118 ], [ -75.61214, 45.43118 ], [ -75.61214, 45.43118 ], [ -75.61214, 45.43118 ], [ -75.61214, 45.43118 ], [ -75.61214, 45.43118 ], [ -75.61214, 45.43118 ], [ -75.61214, 45.43118 ], [ -75.61214, 45.43118 ], [ -75.61214, 45.43118 ], [ -75.61214, 45.43118 ], [ -75.61214, 45.43118 ], [ -75.61214, 45.43118 ], [ -75.61214, 45.43118 ], [ -75.61214, 45.43118 ], [ -75.61214, 45.43118 ], [ -75.61214, 45.43118 ], [ -75.61214, 45.43118 ], [ -75.61214, 45.43118 ], [ -75.61214, 45.43118 ], [ -75.61214, 45.43118 ], [ -75.61214, 45.43118 ], [ -75.61214, 45.43118 ], [ -75.61214, 45.43118 ], [ -75.61214, 45.43118 ], [ -75.61214, 45.43118 ], [ -75.61214, 45.43118 ], [ -75.61214, 45.43118 ], [ -75.61214, 45.43118 ], [ -75.61214, 45.43118 ], [ -75.61214, 45.43118 ], [ -75.61214, 45.43118 ], [ -75.61214, 45.43118 ], [ -75.61214, 45.43118 ], [ -75.61214, 45.43118 ], [ -75.61214, 45.43118 ], [ -75.61214, 45.43118 ], [ -75.61214, 45.43118 ], [ -75.61214, 45.43118 ], [ -75.61214, 45.43118 ], [ -75.61214, 45.43118 ], [ -75.61214, 45.43118 ], [ -75.61214, 45.43118 ], [ -75.61214, 45.43118 ], [ -75.61214, 45.43118 ], [ -75.61214, 45.43118 ], [ -75.61214, 45.43118 ], [ -75.61214, 45.43118 ], [ -75.61214, 45.43118 ], [ -75.61214, 45.43118 ], [ -75.61214, 45.43118 ], [ -75.61214, 45.43118 ], [ -75.61214, 45.43118 ], [ -75.61214, 45.43118 ], [ -75.61214, 45.43118 ], [ -75.61214, 45.43118 ], [ -75.61214, 45.43118 ], [ -75.61214, 45.43118 ], [ -75.61214, 45.43118 ], [ -75.61214, 45.43118 ], [ -75.61214, 45.43118 ], [ -75.61214, 45.43118 ], [ -75.61214, 45.43118 ], [ -75.61214, 45.43118 ], [ -75.61214, 45.43118 ], [ -75.61214, 45.43118 ], [ -75.61214, 45.43118 ], [ -75.61214, 45.43118 ], [ -75.61214, 45.43118 ], [ -75.61214, 45.43118 ], [ -75.61214, 45.43118 ], [ -75.61214, 45.43118 ], [ -75.61214, 45.43118 ], [ -75.61214, 45.43118 ], [ -75.61214, 45.43118 ], [ -75.61214, 45.43118 ], [ -75.61214, 45.43118 ], [ -75.61214, 45.43118 ], [ -75.61214, 45.43118 ], [ -75.61214, 45.43118 ], [ -75.61214, 45.43118 ], [ -75.61214, 45.43118 ], [ -75.61214, 45.43118 ], [ -75.61214, 45.43118 ], [ -75.61214, 45.43118 ], [ -75.61214, 45.43118 ], [ -75.61214, 45.43118 ], [ -75.61214, 45.43118 ], [ -75.61214, 45.43118 ], [ -75.61214, 45.43118 ], [ -75.61214, 45.43118 ], [ -75.61214, 45.43118 ], [ -75.61214, 45.43118 ], [ -75.61214, 45.43118 ], [ -75.61214, 45.43118 ], [ -75.61214, 45.43118 ], [ -75.61214, 45.43118 ], [ -75.61214, 45.43118 ], [ -75.61214, 45.43118 ], [ -75.61214, 45.43118 ], [ -75.61214, 45.43118 ], [ -75.61214, 45.43118 ], [ -75.61214, 45.43118 ], [ -75.61214, 45.43118 ], [ -75.61214, 45.43118 ], [ -75.61214, 45.43118 ], [ -75.61214, 45.43118 ], [ -75.61214, 45.43118 ], [ -75.61214, 45.43118 ], [ -75.61214, 45.43118 ], [ -75.61214, 45.43118 ], [ -75.61214, 45.43118 ], [ -75.61214, 45.43118 ], [ -75.61214, 45.43118 ], [ -75.61214, 45.43118 ], [ -75.61214, 45.43118 ], [ -75.61214, 45.43118 ], [ -75.61214, 45.43118 ], [ -75.61214, 45.43118 ], [ -75.61214, 45.43118 ], [ -75.61214, 45.43118 ], [ -75.61214, 45.43118 ], [ -75.61214, 45.43118 ], [ -75.61214, 45.43118 ], [ -75.61214, 45.43118 ], [ -75.61214, 45.43118 ], [ -75.61214, 45.43118 ], [ -75.61214, 45.43118 ], [ -75.61214, 45.43118 ], [ -75.61214, 45.43118 ], [ -75.61214, 45.43118 ], [ -75.61214, 45.43118 ], [ -75.61214, 45.43118 ], [ -75.61214, 45.43118 ], [ -75.61214, 45.43118 ], [ -75.61214, 45.43118 ], [ -75.61214, 45.43118 ], [ -75.61214, 45.43118 ], [ -75.61214, 45.43118 ], [ -75.61214, 45.43118 ], [ -75.61214, 45.43118 ], [ -75.61214, 45.43118 ], [ -75.61214, 45.43118 ], [ -75.61214, 45.43118 ], [ -75.61214, 45.43118 ], [ -75.61214, 45.43118 ], [ -75.61214, 45.43118 ], [ -75.61214, 45.43118 ], [ -75.61214, 45.43118 ], [ -75.61214, 45.43118 ], [ -75.61214, 45.43118 ], [ -75.61214, 45.43118 ], [ -75.61214, 45.43118 ], [ -75.61214, 45.43118 ], [ -75.61214, 45.43118 ], [ -75.61214, 45.43118 ], [ -75.61214, 45.43118 ], [ -75.61214, 45.43118 ], [ -75.61214, 45.43118 ], [ -75.61204, 45.43129 ], [ -75.61198, 45.43136 ], [ -75.61194, 45.43144 ], [ -75.61193, 45.43159 ], [ -75.61194, 45.43167 ], [ -75.61194, 45.43167 ], [ -75.61194, 45.43167 ], [ -75.61194, 45.43167 ], [ -75.61194, 45.43167 ], [ -75.61194, 45.43167 ], [ -75.61194, 45.43167 ], [ -75.61194, 45.43167 ], [ -75.61194, 45.43167 ], [ -75.61194, 45.43167 ], [ -75.61194, 45.43167 ], [ -75.61194, 45.43167 ], [ -75.61194, 45.43167 ], [ -75.61194, 45.43167 ], [ -75.61194, 45.43167 ], [ -75.61194, 45.43167 ], [ -75.61194, 45.43167 ], [ -75.61194, 45.43167 ], [ -75.61194, 45.43167 ], [ -75.61194, 45.43167 ], [ -75.61194, 45.43167 ], [ -75.61194, 45.43167 ], [ -75.61194, 45.43167 ], [ -75.61194, 45.43167 ], [ -75.61194, 45.43167 ], [ -75.61194, 45.43167 ], [ -75.61194, 45.43167 ], [ -75.61194, 45.43167 ], [ -75.61194, 45.43167 ], [ -75.61194, 45.43167 ], [ -75.61194, 45.43167 ], [ -75.61194, 45.43167 ], [ -75.61194, 45.43167 ], [ -75.61194, 45.43167 ], [ -75.61194, 45.43167 ], [ -75.61194, 45.43167 ], [ -75.61194, 45.43167 ], [ -75.61194, 45.43167 ], [ -75.61194, 45.43167 ], [ -75.61194, 45.43167 ], [ -75.61194, 45.43167 ], [ -75.61194, 45.43167 ], [ -75.61194, 45.43167 ], [ -75.61194, 45.43167 ], [ -75.61194, 45.43167 ], [ -75.61194, 45.43167 ], [ -75.61194, 45.43167 ], [ -75.61194, 45.43167 ], [ -75.61194, 45.43167 ], [ -75.61194, 45.43167 ], [ -75.61194, 45.43167 ], [ -75.61194, 45.43167 ], [ -75.61194, 45.43167 ], [ -75.61194, 45.43167 ], [ -75.61194, 45.43167 ], [ -75.61194, 45.43167 ], [ -75.61194, 45.43167 ], [ -75.61194, 45.43167 ], [ -75.61194, 45.43167 ], [ -75.61194, 45.43167 ], [ -75.61194, 45.43167 ], [ -75.61194, 45.43167 ], [ -75.61194, 45.43167 ], [ -75.61194, 45.43167 ], [ -75.61194, 45.43167 ], [ -75.61194, 45.43167 ], [ -75.61194, 45.43167 ], [ -75.61194, 45.43167 ], [ -75.61194, 45.43167 ], [ -75.61194, 45.43167 ], [ -75.61194, 45.43167 ], [ -75.61194, 45.43167 ], [ -75.61194, 45.43167 ], [ -75.61194, 45.43167 ], [ -75.61194, 45.43167 ], [ -75.61194, 45.43167 ], [ -75.61194, 45.43167 ], [ -75.61194, 45.43167 ], [ -75.61194, 45.43167 ], [ -75.61194, 45.43167 ], [ -75.61194, 45.43167 ], [ -75.61194, 45.43167 ], [ -75.61194, 45.43167 ], [ -75.61194, 45.43167 ], [ -75.61194, 45.43167 ], [ -75.61194, 45.43167 ], [ -75.61194, 45.43167 ], [ -75.61194, 45.43167 ], [ -75.61194, 45.43167 ], [ -75.61194, 45.43167 ], [ -75.61194, 45.43167 ], [ -75.61194, 45.43167 ], [ -75.61194, 45.43167 ], [ -75.61194, 45.43167 ], [ -75.61194, 45.43167 ], [ -75.61194, 45.43167 ], [ -75.61194, 45.43167 ], [ -75.61194, 45.43167 ], [ -75.61194, 45.43167 ], [ -75.61194, 45.43167 ], [ -75.61194, 45.43167 ], [ -75.61194, 45.43167 ], [ -75.61194, 45.43167 ], [ -75.61194, 45.43167 ], [ -75.61194, 45.43167 ], [ -75.61194, 45.43167 ], [ -75.61194, 45.43167 ], [ -75.61194, 45.43167 ], [ -75.61194, 45.43167 ], [ -75.61194, 45.43167 ], [ -75.61194, 45.43167 ], [ -75.61194, 45.43167 ], [ -75.61194, 45.43167 ], [ -75.61194, 45.43167 ], [ -75.61194, 45.43167 ], [ -75.61194, 45.43167 ], [ -75.61194, 45.43167 ], [ -75.61194, 45.43167 ], [ -75.61194, 45.43167 ], [ -75.61194, 45.43167 ], [ -75.61194, 45.43167 ], [ -75.61194, 45.43167 ], [ -75.61194, 45.43167 ], [ -75.61194, 45.43167 ], [ -75.61194, 45.43167 ], [ -75.61194, 45.43167 ], [ -75.61194, 45.43167 ], [ -75.61194, 45.43167 ], [ -75.61194, 45.43167 ], [ -75.61194, 45.43167 ], [ -75.61194, 45.43167 ], [ -75.61194, 45.43167 ], [ -75.61194, 45.43167 ], [ -75.61194, 45.43167 ], [ -75.61194, 45.43167 ], [ -75.61194, 45.43167 ], [ -75.61194, 45.43167 ], [ -75.61194, 45.43167 ], [ -75.61194, 45.43167 ], [ -75.61194, 45.43167 ], [ -75.61194, 45.43167 ], [ -75.61194, 45.43167 ], [ -75.61194, 45.43167 ], [ -75.61194, 45.43167 ], [ -75.61194, 45.43167 ], [ -75.61194, 45.43167 ], [ -75.61194, 45.43167 ], [ -75.61194, 45.43167 ], [ -75.61194, 45.43167 ], [ -75.61194, 45.43167 ], [ -75.61194, 45.43167 ], [ -75.61194, 45.43167 ], [ -75.61194, 45.43167 ], [ -75.61194, 45.43167 ], [ -75.61194, 45.43167 ], [ -75.61194, 45.43167 ], [ -75.61194, 45.43167 ], [ -75.61194, 45.43167 ], [ -75.61194, 45.43167 ], [ -75.61194, 45.43167 ], [ -75.61194, 45.43167 ], [ -75.61194, 45.43167 ], [ -75.61194, 45.43167 ], [ -75.61194, 45.43167 ], [ -75.61194, 45.43167 ], [ -75.61194, 45.43167 ], [ -75.61194, 45.43167 ], [ -75.61194, 45.43167 ], [ -75.61194, 45.43167 ], [ -75.61194, 45.43167 ], [ -75.61194, 45.43167 ], [ -75.61194, 45.43167 ], [ -75.61194, 45.43167 ], [ -75.61194, 45.43167 ], [ -75.61194, 45.43167 ], [ -75.61194, 45.43167 ], [ -75.61194, 45.43167 ], [ -75.61194, 45.43167 ], [ -75.61194, 45.43167 ], [ -75.61194, 45.43167 ], [ -75.61194, 45.43167 ], [ -75.61194, 45.43167 ], [ -75.61194, 45.43167 ], [ -75.61194, 45.43167 ], [ -75.61194, 45.43167 ], [ -75.61194, 45.43167 ], [ -75.61194, 45.43167 ], [ -75.61194, 45.43167 ], [ -75.61194, 45.43167 ], [ -75.61194, 45.43167 ], [ -75.61194, 45.43167 ], [ -75.61194, 45.43167 ], [ -75.61194, 45.43167 ], [ -75.61194, 45.43167 ], [ -75.61194, 45.43167 ], [ -75.61194, 45.43167 ], [ -75.61194, 45.43167 ], [ -75.61194, 45.43167 ], [ -75.61194, 45.43167 ], [ -75.61194, 45.43167 ], [ -75.61194, 45.43167 ], [ -75.61194, 45.43167 ], [ -75.61194, 45.43167 ], [ -75.61194, 45.43167 ], [ -75.61194, 45.43167 ], [ -75.61194, 45.43167 ], [ -75.61194, 45.43167 ], [ -75.61194, 45.43167 ], [ -75.61194, 45.43167 ], [ -75.61194, 45.43167 ], [ -75.61194, 45.43167 ], [ -75.61194, 45.43167 ], [ -75.61194, 45.43167 ], [ -75.61194, 45.43167 ], [ -75.61194, 45.43167 ], [ -75.61194, 45.43167 ], [ -75.61194, 45.43167 ], [ -75.61194, 45.43167 ], [ -75.61194, 45.43167 ], [ -75.61194, 45.43167 ], [ -75.61194, 45.43167 ], [ -75.61194, 45.43167 ], [ -75.61194, 45.43167 ], [ -75.61194, 45.43167 ], [ -75.61194, 45.43167 ], [ -75.61194, 45.43167 ], [ -75.61194, 45.43167 ], [ -75.61194, 45.43167 ], [ -75.61194, 45.43167 ], [ -75.61194, 45.43167 ], [ -75.61194, 45.43167 ], [ -75.61194, 45.43167 ], [ -75.61194, 45.43167 ], [ -75.61194, 45.43167 ], [ -75.61194, 45.43167 ], [ -75.61194, 45.43167 ], [ -75.61194, 45.43167 ], [ -75.61194, 45.43167 ], [ -75.61194, 45.43167 ], [ -75.61194, 45.43167 ], [ -75.61194, 45.43167 ], [ -75.61194, 45.43167 ], [ -75.61194, 45.43167 ], [ -75.61194, 45.43167 ], [ -75.61194, 45.43167 ], [ -75.61194, 45.43167 ], [ -75.61194, 45.43167 ], [ -75.61194, 45.43167 ], [ -75.61194, 45.43167 ], [ -75.61194, 45.43167 ], [ -75.61194, 45.43167 ], [ -75.61194, 45.43167 ], [ -75.61194, 45.43167 ], [ -75.61194, 45.43167 ], [ -75.61194, 45.43167 ], [ -75.61194, 45.43167 ], [ -75.61194, 45.43167 ], [ -75.61194, 45.43167 ], [ -75.61194, 45.43167 ], [ -75.61194, 45.43167 ], [ -75.61194, 45.43167 ], [ -75.61194, 45.43167 ], [ -75.61194, 45.43167 ], [ -75.61194, 45.43167 ], [ -75.61194, 45.43167 ], [ -75.61194, 45.43167 ], [ -75.61194, 45.43167 ], [ -75.61194, 45.43167 ], [ -75.61194, 45.43167 ], [ -75.61194, 45.43167 ], [ -75.61194, 45.43167 ], [ -75.61194, 45.43167 ], [ -75.61194, 45.43167 ], [ -75.61194, 45.43167 ], [ -75.61194, 45.43167 ], [ -75.61194, 45.43167 ], [ -75.61194, 45.43167 ], [ -75.61194, 45.43167 ], [ -75.61194, 45.43167 ], [ -75.61194, 45.43167 ], [ -75.61194, 45.43167 ], [ -75.61194, 45.43167 ], [ -75.61194, 45.43167 ], [ -75.61194, 45.43167 ], [ -75.61194, 45.43167 ], [ -75.61194, 45.43167 ], [ -75.61194, 45.43167 ], [ -75.61194, 45.43167 ], [ -75.61194, 45.43167 ], [ -75.61194, 45.43167 ], [ -75.61194, 45.43167 ], [ -75.61194, 45.43167 ], [ -75.61194, 45.43167 ], [ -75.61194, 45.43167 ], [ -75.61194, 45.43167 ], [ -75.61194, 45.43167 ], [ -75.61194, 45.43167 ], [ -75.61194, 45.43167 ], [ -75.61194, 45.43167 ], [ -75.61194, 45.43167 ], [ -75.61194, 45.43167 ], [ -75.61194, 45.43167 ], [ -75.61194, 45.43167 ], [ -75.61194, 45.43167 ], [ -75.61194, 45.43167 ], [ -75.61194, 45.43167 ], [ -75.61194, 45.43167 ], [ -75.61194, 45.43167 ], [ -75.61194, 45.43167 ], [ -75.61194, 45.43167 ], [ -75.61194, 45.43167 ], [ -75.61194, 45.43167 ], [ -75.61194, 45.43167 ], [ -75.61194, 45.43167 ], [ -75.61194, 45.43167 ], [ -75.61194, 45.43167 ], [ -75.61194, 45.43167 ], [ -75.61194, 45.43167 ], [ -75.61194, 45.43167 ], [ -75.61194, 45.43167 ], [ -75.61194, 45.43167 ], [ -75.61194, 45.43167 ], [ -75.61194, 45.43167 ], [ -75.61194, 45.43167 ], [ -75.61194, 45.43167 ], [ -75.61194, 45.43167 ], [ -75.61194, 45.43167 ], [ -75.61194, 45.43167 ], [ -75.61194, 45.43167 ], [ -75.61194, 45.43167 ], [ -75.61194, 45.43167 ], [ -75.61194, 45.43167 ], [ -75.61194, 45.43167 ], [ -75.61194, 45.43167 ], [ -75.61194, 45.43167 ], [ -75.61194, 45.43167 ], [ -75.61194, 45.43167 ], [ -75.61194, 45.43167 ], [ -75.61194, 45.43167 ], [ -75.61194, 45.43167 ], [ -75.61194, 45.43167 ], [ -75.61194, 45.43167 ], [ -75.61194, 45.43167 ], [ -75.61194, 45.43167 ], [ -75.61194, 45.43167 ], [ -75.61194, 45.43167 ], [ -75.61194, 45.43167 ], [ -75.61194, 45.43167 ], [ -75.61194, 45.43167 ], [ -75.61194, 45.43167 ], [ -75.61194, 45.43167 ], [ -75.61194, 45.43167 ], [ -75.61194, 45.43167 ], [ -75.61194, 45.43167 ], [ -75.61194, 45.43167 ], [ -75.61194, 45.43167 ], [ -75.61194, 45.43167 ], [ -75.61194, 45.43167 ], [ -75.61194, 45.43167 ], [ -75.61194, 45.43167 ], [ -75.61194, 45.43167 ], [ -75.61194, 45.43167 ], [ -75.61194, 45.43167 ], [ -75.61194, 45.43167 ], [ -75.61194, 45.43167 ], [ -75.61194, 45.43167 ], [ -75.61194, 45.43167 ], [ -75.61194, 45.43167 ], [ -75.61194, 45.43167 ], [ -75.61194, 45.43167 ], [ -75.61194, 45.43167 ], [ -75.61194, 45.43167 ], [ -75.61194, 45.43167 ], [ -75.61194, 45.43167 ], [ -75.61194, 45.43167 ], [ -75.61194, 45.43167 ], [ -75.61194, 45.43167 ], [ -75.61194, 45.43167 ], [ -75.61194, 45.43167 ], [ -75.61194, 45.43167 ], [ -75.61194, 45.43167 ], [ -75.61194, 45.43167 ], [ -75.61194, 45.43167 ], [ -75.61194, 45.43167 ], [ -75.61194, 45.43167 ], [ -75.61194, 45.43167 ], [ -75.61194, 45.43167 ], [ -75.61194, 45.43167 ], [ -75.61194, 45.43167 ], [ -75.61194, 45.43167 ], [ -75.61194, 45.43167 ], [ -75.61194, 45.43167 ], [ -75.61194, 45.43167 ], [ -75.61194, 45.43167 ], [ -75.61194, 45.43167 ], [ -75.61194, 45.43167 ], [ -75.61194, 45.43167 ], [ -75.61194, 45.43167 ], [ -75.61194, 45.43167 ], [ -75.61194, 45.43167 ], [ -75.61194, 45.43167 ], [ -75.61194, 45.43167 ], [ -75.61194, 45.43167 ], [ -75.61194, 45.43167 ], [ -75.61194, 45.43167 ], [ -75.61194, 45.43167 ], [ -75.61194, 45.43167 ], [ -75.61194, 45.43167 ], [ -75.61194, 45.43167 ], [ -75.61194, 45.43167 ], [ -75.61194, 45.43167 ], [ -75.61194, 45.43167 ], [ -75.61194, 45.43167 ], [ -75.61194, 45.43167 ], [ -75.61194, 45.43167 ], [ -75.61194, 45.43167 ], [ -75.61194, 45.43167 ], [ -75.61194, 45.43167 ], [ -75.61194, 45.43167 ], [ -75.61194, 45.43167 ], [ -75.61194, 45.43167 ], [ -75.61194, 45.43167 ], [ -75.61194, 45.43167 ], [ -75.61194, 45.43167 ], [ -75.61194, 45.43167 ], [ -75.61194, 45.43167 ], [ -75.61194, 45.43167 ], [ -75.61194, 45.43167 ], [ -75.61194, 45.43167 ], [ -75.61194, 45.43167 ], [ -75.61194, 45.43167 ], [ -75.61194, 45.43167 ], [ -75.61194, 45.43167 ], [ -75.61194, 45.43167 ], [ -75.61194, 45.43167 ], [ -75.61194, 45.43167 ], [ -75.61194, 45.43167 ], [ -75.61194, 45.43167 ], [ -75.61194, 45.43167 ], [ -75.61194, 45.43167 ], [ -75.61194, 45.43167 ], [ -75.61194, 45.43167 ], [ -75.61194, 45.43167 ], [ -75.61194, 45.43167 ], [ -75.61194, 45.43167 ], [ -75.61194, 45.43167 ], [ -75.61194, 45.43167 ], [ -75.61194, 45.43167 ], [ -75.61194, 45.43167 ], [ -75.61194, 45.43167 ], [ -75.61194, 45.43167 ], [ -75.61194, 45.43167 ], [ -75.61194, 45.43167 ], [ -75.61194, 45.43167 ], [ -75.61194, 45.43167 ], [ -75.61194, 45.43167 ], [ -75.61194, 45.43167 ], [ -75.61194, 45.43167 ], [ -75.61194, 45.43167 ], [ -75.61194, 45.43167 ], [ -75.61194, 45.43167 ], [ -75.61194, 45.43167 ], [ -75.61194, 45.43167 ], [ -75.61194, 45.43167 ], [ -75.61194, 45.43167 ], [ -75.61194, 45.43167 ], [ -75.61194, 45.43167 ], [ -75.61194, 45.43167 ], [ -75.61194, 45.43167 ], [ -75.61194, 45.43167 ], [ -75.61194, 45.43167 ], [ -75.61194, 45.43167 ], [ -75.61194, 45.43167 ], [ -75.61194, 45.43167 ], [ -75.61194, 45.43167 ], [ -75.61194, 45.43167 ], [ -75.61194, 45.43167 ], [ -75.61194, 45.43167 ], [ -75.61194, 45.43167 ], [ -75.61194, 45.43167 ], [ -75.61194, 45.43167 ], [ -75.61194, 45.43167 ], [ -75.61194, 45.43167 ], [ -75.61194, 45.43167 ], [ -75.61194, 45.43167 ], [ -75.61194, 45.43167 ], [ -75.61194, 45.43167 ], [ -75.61194, 45.43167 ], [ -75.61194, 45.43167 ], [ -75.61194, 45.43167 ], [ -75.61194, 45.43167 ], [ -75.61194, 45.43167 ], [ -75.61194, 45.43167 ], [ -75.61194, 45.43167 ], [ -75.61194, 45.43167 ], [ -75.61194, 45.43167 ], [ -75.61194, 45.43167 ], [ -75.61194, 45.43167 ], [ -75.61194, 45.43167 ], [ -75.61194, 45.43167 ], [ -75.61194, 45.43167 ], [ -75.61194, 45.43167 ], [ -75.61194, 45.43167 ], [ -75.61194, 45.43167 ], [ -75.61194, 45.43167 ], [ -75.61194, 45.43167 ], [ -75.61194, 45.43167 ], [ -75.61194, 45.43167 ], [ -75.61194, 45.43167 ], [ -75.61194, 45.43167 ], [ -75.61194, 45.43167 ], [ -75.61194, 45.43167 ], [ -75.61194, 45.43167 ], [ -75.61194, 45.43167 ], [ -75.61194, 45.43167 ], [ -75.61194, 45.43167 ], [ -75.61194, 45.43167 ], [ -75.61194, 45.43167 ], [ -75.61194, 45.43167 ], [ -75.61194, 45.43167 ], [ -75.61194, 45.43167 ], [ -75.61194, 45.43167 ], [ -75.61194, 45.43167 ], [ -75.61194, 45.43167 ], [ -75.61194, 45.43167 ], [ -75.61194, 45.43167 ], [ -75.61194, 45.43167 ], [ -75.61194, 45.43167 ], [ -75.61194, 45.43167 ], [ -75.61194, 45.43167 ], [ -75.61194, 45.43167 ], [ -75.61194, 45.43167 ], [ -75.61194, 45.43167 ], [ -75.61194, 45.43167 ], [ -75.61194, 45.43167 ], [ -75.61194, 45.43167 ], [ -75.61194, 45.43167 ], [ -75.61194, 45.43167 ], [ -75.61194, 45.43167 ], [ -75.61194, 45.43167 ], [ -75.61194, 45.43167 ], [ -75.61194, 45.43167 ], [ -75.61194, 45.43167 ], [ -75.61194, 45.43167 ], [ -75.61194, 45.43167 ], [ -75.61194, 45.43167 ], [ -75.61194, 45.43167 ], [ -75.61194, 45.43167 ], [ -75.61194, 45.43167 ], [ -75.61194, 45.43167 ], [ -75.61194, 45.43167 ], [ -75.61194, 45.43167 ], [ -75.61194, 45.43167 ], [ -75.61194, 45.43167 ], [ -75.61194, 45.43167 ], [ -75.61194, 45.43167 ], [ -75.61194, 45.43167 ], [ -75.61194, 45.43167 ], [ -75.61194, 45.43167 ], [ -75.61194, 45.43167 ], [ -75.61194, 45.43167 ], [ -75.61194, 45.43167 ], [ -75.61194, 45.43167 ], [ -75.61194, 45.43167 ], [ -75.61194, 45.43167 ], [ -75.61194, 45.43167 ], [ -75.61194, 45.43167 ], [ -75.61194, 45.43167 ], [ -75.61194, 45.43167 ], [ -75.61194, 45.43167 ], [ -75.61194, 45.43167 ], [ -75.61194, 45.43167 ], [ -75.61194, 45.43167 ], [ -75.61194, 45.43167 ], [ -75.61194, 45.43167 ], [ -75.61194, 45.43167 ], [ -75.61194, 45.43167 ], [ -75.61194, 45.43167 ], [ -75.61194, 45.43167 ], [ -75.61194, 45.43167 ], [ -75.61194, 45.43167 ], [ -75.61194, 45.43167 ], [ -75.61194, 45.43167 ], [ -75.61194, 45.43167 ], [ -75.61194, 45.43167 ], [ -75.61194, 45.43167 ], [ -75.61194, 45.43167 ], [ -75.61194, 45.43167 ], [ -75.61194, 45.43167 ], [ -75.61194, 45.43167 ], [ -75.61194, 45.43167 ], [ -75.61194, 45.43167 ], [ -75.61194, 45.43167 ], [ -75.61194, 45.43167 ], [ -75.61194, 45.43167 ], [ -75.61194, 45.43167 ], [ -75.61194, 45.43167 ], [ -75.61194, 45.43167 ], [ -75.61194, 45.43167 ], [ -75.61194, 45.43167 ], [ -75.61194, 45.43167 ], [ -75.61194, 45.43167 ], [ -75.61194, 45.43167 ], [ -75.61194, 45.43167 ], [ -75.61194, 45.43167 ], [ -75.61194, 45.43167 ], [ -75.61194, 45.43167 ], [ -75.61194, 45.43167 ], [ -75.61194, 45.43167 ], [ -75.61194, 45.43167 ], [ -75.61194, 45.43167 ], [ -75.61194, 45.43167 ], [ -75.61194, 45.43167 ], [ -75.61194, 45.43167 ], [ -75.61194, 45.43167 ], [ -75.61194, 45.43167 ], [ -75.61194, 45.43167 ], [ -75.61194, 45.43167 ], [ -75.61194, 45.43167 ], [ -75.61194, 45.43167 ], [ -75.61194, 45.43167 ], [ -75.61194, 45.43167 ], [ -75.61194, 45.43167 ], [ -75.61194, 45.43167 ], [ -75.61194, 45.43167 ], [ -75.61194, 45.43167 ], [ -75.61194, 45.43167 ], [ -75.61194, 45.43167 ], [ -75.61194, 45.43167 ], [ -75.61194, 45.43167 ], [ -75.61194, 45.43167 ], [ -75.61194, 45.43167 ], [ -75.61194, 45.43167 ], [ -75.61194, 45.43167 ], [ -75.61194, 45.43167 ], [ -75.61194, 45.43167 ], [ -75.61194, 45.43167 ], [ -75.61194, 45.43167 ], [ -75.61194, 45.43167 ], [ -75.61194, 45.43167 ], [ -75.61194, 45.43167 ], [ -75.61194, 45.43167 ], [ -75.61194, 45.43167 ], [ -75.61194, 45.43167 ], [ -75.61194, 45.43167 ], [ -75.61194, 45.43167 ], [ -75.61194, 45.43167 ], [ -75.61194, 45.43167 ], [ -75.61194, 45.43167 ], [ -75.61194, 45.43167 ], [ -75.61194, 45.43167 ], [ -75.61194, 45.43167 ], [ -75.61194, 45.43167 ], [ -75.61194, 45.43167 ], [ -75.61194, 45.43167 ], [ -75.61194, 45.43167 ], [ -75.61194, 45.43167 ], [ -75.61194, 45.43167 ], [ -75.61194, 45.43167 ], [ -75.61194, 45.43167 ], [ -75.61194, 45.43167 ], [ -75.61194, 45.43167 ], [ -75.61194, 45.43167 ], [ -75.61194, 45.43167 ], [ -75.61194, 45.43167 ], [ -75.61194, 45.43167 ], [ -75.61194, 45.43167 ], [ -75.61194, 45.43167 ], [ -75.61194, 45.43167 ], [ -75.61194, 45.43167 ], [ -75.61194, 45.43167 ], [ -75.61194, 45.43167 ], [ -75.61194, 45.43167 ], [ -75.61194, 45.43167 ], [ -75.61194, 45.43167 ], [ -75.61194, 45.43167 ], [ -75.61194, 45.43167 ], [ -75.61194, 45.43167 ], [ -75.61194, 45.43167 ], [ -75.61194, 45.43167 ], [ -75.61194, 45.43167 ], [ -75.61194, 45.43167 ], [ -75.61194, 45.43167 ], [ -75.61194, 45.43167 ], [ -75.61194, 45.43167 ], [ -75.61194, 45.43167 ], [ -75.61194, 45.43167 ], [ -75.61194, 45.43167 ], [ -75.61194, 45.43167 ], [ -75.61194, 45.43167 ], [ -75.61194, 45.43167 ], [ -75.61194, 45.43167 ], [ -75.61194, 45.43167 ], [ -75.61194, 45.43167 ], [ -75.61194, 45.43167 ], [ -75.61194, 45.43167 ], [ -75.61194, 45.43167 ], [ -75.61194, 45.43167 ], [ -75.61194, 45.43167 ], [ -75.61194, 45.43167 ], [ -75.61194, 45.43167 ], [ -75.61194, 45.43167 ], [ -75.61194, 45.43167 ], [ -75.61194, 45.43167 ], [ -75.61194, 45.43167 ], [ -75.61194, 45.43167 ], [ -75.61194, 45.43167 ], [ -75.61194, 45.43167 ], [ -75.61194, 45.43167 ], [ -75.61194, 45.43167 ], [ -75.61194, 45.43167 ], [ -75.61194, 45.43167 ], [ -75.61194, 45.43167 ], [ -75.61194, 45.43167 ], [ -75.61194, 45.43167 ], [ -75.61194, 45.43167 ], [ -75.61194, 45.43167 ], [ -75.61194, 45.43167 ], [ -75.61194, 45.43167 ], [ -75.61194, 45.43167 ], [ -75.61194, 45.43167 ], [ -75.61194, 45.43167 ], [ -75.61194, 45.43167 ], [ -75.61194, 45.43167 ], [ -75.61194, 45.43167 ], [ -75.61194, 45.43167 ], [ -75.61194, 45.43167 ], [ -75.61194, 45.43167 ], [ -75.61194, 45.43167 ], [ -75.61194, 45.43167 ], [ -75.61194, 45.43167 ], [ -75.61194, 45.43167 ], [ -75.61194, 45.43167 ], [ -75.61194, 45.43167 ], [ -75.61194, 45.43167 ], [ -75.61194, 45.43167 ], [ -75.61194, 45.43167 ], [ -75.61194, 45.43167 ], [ -75.61194, 45.43167 ], [ -75.61194, 45.43167 ], [ -75.61194, 45.43167 ], [ -75.61194, 45.43167 ], [ -75.61194, 45.43167 ], [ -75.61194, 45.43167 ], [ -75.61194, 45.43167 ], [ -75.61194, 45.43167 ], [ -75.61194, 45.43167 ], [ -75.61194, 45.43167 ], [ -75.61194, 45.43167 ], [ -75.61194, 45.43167 ], [ -75.61194, 45.43167 ], [ -75.61194, 45.43167 ], [ -75.61194, 45.43167 ], [ -75.61194, 45.43167 ], [ -75.61194, 45.43167 ], [ -75.61194, 45.43167 ], [ -75.61194, 45.43167 ], [ -75.61194, 45.43167 ], [ -75.61194, 45.43167 ], [ -75.61194, 45.43167 ], [ -75.61194, 45.43167 ], [ -75.61194, 45.43167 ], [ -75.61194, 45.43167 ], [ -75.61194, 45.43167 ], [ -75.61194, 45.43167 ], [ -75.61194, 45.43167 ], [ -75.61194, 45.43167 ], [ -75.61194, 45.43167 ], [ -75.61194, 45.43167 ], [ -75.61194, 45.43167 ], [ -75.61194, 45.43167 ], [ -75.61194, 45.43167 ], [ -75.61194, 45.43167 ], [ -75.61194, 45.43167 ], [ -75.61194, 45.43167 ], [ -75.61194, 45.43167 ], [ -75.61194, 45.43167 ], [ -75.61194, 45.43167 ], [ -75.61194, 45.43167 ], [ -75.61194, 45.43167 ], [ -75.61194, 45.43167 ], [ -75.61194, 45.43167 ], [ -75.61194, 45.43167 ], [ -75.61194, 45.43167 ], [ -75.61194, 45.43167 ], [ -75.61194, 45.43167 ], [ -75.61194, 45.43167 ], [ -75.61194, 45.43167 ], [ -75.61194, 45.43167 ], [ -75.61194, 45.43167 ], [ -75.61194, 45.43167 ], [ -75.61194, 45.43167 ], [ -75.61194, 45.43167 ], [ -75.61194, 45.43167 ], [ -75.61194, 45.43167 ], [ -75.61194, 45.43167 ], [ -75.61194, 45.43167 ], [ -75.61194, 45.43167 ], [ -75.61194, 45.43167 ], [ -75.61194, 45.43167 ], [ -75.61194, 45.43167 ], [ -75.61194, 45.43167 ], [ -75.61194, 45.43167 ], [ -75.61194, 45.43167 ], [ -75.61194, 45.43167 ], [ -75.61194, 45.43167 ], [ -75.61194, 45.43167 ], [ -75.61194, 45.43167 ], [ -75.61194, 45.43167 ], [ -75.61194, 45.43167 ], [ -75.61194, 45.43167 ], [ -75.61194, 45.43167 ], [ -75.61194, 45.43167 ], [ -75.61194, 45.43167 ], [ -75.61194, 45.43167 ], [ -75.61194, 45.43167 ], [ -75.61194, 45.43167 ], [ -75.61194, 45.43167 ], [ -75.61194, 45.43167 ], [ -75.61194, 45.43167 ], [ -75.61194, 45.43167 ], [ -75.61194, 45.43167 ], [ -75.61194, 45.43167 ], [ -75.61194, 45.43167 ], [ -75.61194, 45.43167 ], [ -75.61194, 45.43167 ], [ -75.61194, 45.43167 ], [ -75.61194, 45.43167 ], [ -75.61194, 45.43167 ], [ -75.61194, 45.43167 ], [ -75.61194, 45.43167 ], [ -75.61194, 45.43167 ], [ -75.61194, 45.43167 ], [ -75.61194, 45.43167 ], [ -75.61194, 45.43167 ], [ -75.61194, 45.43167 ], [ -75.61194, 45.43167 ], [ -75.61194, 45.43167 ], [ -75.61194, 45.43167 ], [ -75.61194, 45.43167 ], [ -75.61194, 45.43167 ], [ -75.61194, 45.43167 ], [ -75.61194, 45.43167 ], [ -75.61194, 45.43167 ], [ -75.61194, 45.43167 ], [ -75.61194, 45.43167 ], [ -75.61194, 45.43167 ], [ -75.61194, 45.43167 ], [ -75.61194, 45.43167 ], [ -75.61194, 45.43167 ], [ -75.61194, 45.43167 ], [ -75.61194, 45.43167 ], [ -75.61194, 45.43167 ], [ -75.61194, 45.43167 ], [ -75.61194, 45.43167 ], [ -75.61194, 45.43167 ], [ -75.61194, 45.43167 ], [ -75.61194, 45.43167 ], [ -75.61194, 45.43167 ], [ -75.61194, 45.43167 ], [ -75.61194, 45.43167 ], [ -75.61194, 45.43167 ], [ -75.61194, 45.43167 ], [ -75.61194, 45.43167 ], [ -75.61194, 45.43167 ], [ -75.61194, 45.43167 ], [ -75.61194, 45.43167 ], [ -75.61194, 45.43167 ], [ -75.61194, 45.43167 ], [ -75.61194, 45.43167 ], [ -75.61194, 45.43167 ], [ -75.61194, 45.43167 ], [ -75.61194, 45.43167 ], [ -75.61194, 45.43167 ], [ -75.61194, 45.43167 ], [ -75.61194, 45.43167 ], [ -75.61194, 45.43167 ], [ -75.61194, 45.43167 ], [ -75.61194, 45.43167 ], [ -75.61194, 45.43167 ], [ -75.61194, 45.43167 ], [ -75.61194, 45.43167 ], [ -75.61194, 45.43167 ], [ -75.61194, 45.43167 ], [ -75.61194, 45.43167 ], [ -75.61194, 45.43167 ], [ -75.61194, 45.43167 ], [ -75.61194, 45.43167 ], [ -75.61194, 45.43167 ], [ -75.61194, 45.43167 ], [ -75.61194, 45.43167 ], [ -75.61194, 45.43167 ], [ -75.61194, 45.43167 ], [ -75.61194, 45.43167 ], [ -75.61194, 45.43167 ], [ -75.61194, 45.43167 ], [ -75.61194, 45.43167 ], [ -75.61194, 45.43167 ], [ -75.61194, 45.43167 ], [ -75.61194, 45.43167 ], [ -75.61194, 45.43167 ], [ -75.61194, 45.43167 ], [ -75.61194, 45.43167 ], [ -75.61194, 45.43167 ], [ -75.61194, 45.43167 ], [ -75.61194, 45.43167 ], [ -75.61194, 45.43167 ], [ -75.61194, 45.43167 ], [ -75.61194, 45.43167 ], [ -75.61194, 45.43167 ], [ -75.61194, 45.43167 ], [ -75.61194, 45.43167 ], [ -75.61194, 45.43167 ], [ -75.61194, 45.43167 ], [ -75.61194, 45.43167 ], [ -75.61194, 45.43167 ], [ -75.61194, 45.43167 ], [ -75.61194, 45.43167 ], [ -75.61194, 45.43167 ], [ -75.61194, 45.43167 ], [ -75.61194, 45.43167 ], [ -75.61194, 45.43167 ], [ -75.61194, 45.43167 ], [ -75.61194, 45.43167 ], [ -75.61194, 45.43167 ], [ -75.61194, 45.43167 ], [ -75.61194, 45.43167 ], [ -75.61194, 45.43167 ], [ -75.61194, 45.43167 ], [ -75.61194, 45.43167 ], [ -75.61194, 45.43167 ], [ -75.61194, 45.43167 ], [ -75.61194, 45.43167 ], [ -75.61194, 45.43167 ], [ -75.61194, 45.43167 ], [ -75.61194, 45.43167 ], [ -75.61194, 45.43167 ], [ -75.61194, 45.43167 ], [ -75.61194, 45.43167 ], [ -75.61194, 45.43167 ], [ -75.61194, 45.43167 ], [ -75.61194, 45.43167 ], [ -75.61194, 45.43167 ], [ -75.61194, 45.43167 ], [ -75.61194, 45.43167 ], [ -75.61194, 45.43167 ], [ -75.61194, 45.43167 ], [ -75.61194, 45.43167 ], [ -75.61194, 45.43167 ], [ -75.61194, 45.43167 ], [ -75.61194, 45.43167 ], [ -75.61194, 45.43167 ], [ -75.61194, 45.43167 ], [ -75.61194, 45.43167 ], [ -75.61194, 45.43167 ], [ -75.61194, 45.43167 ], [ -75.61194, 45.43167 ], [ -75.61194, 45.43167 ], [ -75.61194, 45.43167 ], [ -75.61194, 45.43167 ], [ -75.61194, 45.43167 ], [ -75.61194, 45.43167 ], [ -75.61194, 45.43167 ], [ -75.61194, 45.43167 ], [ -75.61194, 45.43167 ], [ -75.61194, 45.43167 ], [ -75.61194, 45.43167 ], [ -75.61194, 45.43167 ], [ -75.61194, 45.43167 ], [ -75.61194, 45.43167 ], [ -75.61194, 45.43167 ], [ -75.61194, 45.43167 ], [ -75.61194, 45.43167 ], [ -75.61194, 45.43167 ], [ -75.61194, 45.43167 ], [ -75.61194, 45.43167 ], [ -75.61194, 45.43167 ], [ -75.61194, 45.43167 ], [ -75.61194, 45.43167 ], [ -75.61194, 45.43167 ], [ -75.61194, 45.43167 ], [ -75.61194, 45.43167 ], [ -75.61194, 45.43167 ], [ -75.61194, 45.43167 ], [ -75.61194, 45.43167 ], [ -75.61194, 45.43167 ], [ -75.61194, 45.43167 ], [ -75.61194, 45.43167 ], [ -75.61194, 45.43167 ], [ -75.61194, 45.43167 ], [ -75.61194, 45.43167 ], [ -75.61194, 45.43167 ], [ -75.61194, 45.43167 ], [ -75.61194, 45.43167 ], [ -75.61194, 45.43167 ], [ -75.61194, 45.43167 ], [ -75.61194, 45.43167 ], [ -75.61194, 45.43167 ], [ -75.61194, 45.43167 ], [ -75.61194, 45.43167 ], [ -75.61194, 45.43167 ], [ -75.61194, 45.43167 ], [ -75.61194, 45.43167 ], [ -75.61194, 45.43167 ], [ -75.61194, 45.43167 ], [ -75.61194, 45.43167 ], [ -75.61194, 45.43167 ], [ -75.61194, 45.43167 ], [ -75.61194, 45.43167 ], [ -75.61194, 45.43167 ], [ -75.61194, 45.43167 ], [ -75.61194, 45.43167 ], [ -75.61194, 45.43167 ], [ -75.61194, 45.43167 ], [ -75.61194, 45.43167 ], [ -75.61194, 45.43167 ], [ -75.61194, 45.43167 ], [ -75.61194, 45.43167 ], [ -75.61194, 45.43167 ], [ -75.61194, 45.43167 ], [ -75.61194, 45.43167 ], [ -75.61194, 45.43167 ], [ -75.61194, 45.43167 ], [ -75.61194, 45.43167 ], [ -75.61194, 45.43167 ], [ -75.61194, 45.43167 ], [ -75.61194, 45.43167 ], [ -75.61194, 45.43167 ], [ -75.61194, 45.43167 ], [ -75.61194, 45.43167 ], [ -75.61194, 45.43167 ], [ -75.61194, 45.43167 ], [ -75.61194, 45.43167 ], [ -75.61194, 45.43167 ], [ -75.61194, 45.43167 ], [ -75.61194, 45.43167 ], [ -75.61194, 45.43167 ], [ -75.61194, 45.43167 ], [ -75.61194, 45.43167 ], [ -75.61194, 45.43167 ], [ -75.61194, 45.43167 ], [ -75.61194, 45.43167 ], [ -75.61194, 45.43167 ], [ -75.61194, 45.43167 ], [ -75.61194, 45.43167 ], [ -75.61194, 45.43167 ], [ -75.61196, 45.43174 ], [ -75.61239, 45.43237 ], [ -75.61239, 45.43237 ], [ -75.61239, 45.43237 ], [ -75.61239, 45.43237 ], [ -75.61239, 45.43237 ], [ -75.61239, 45.43237 ], [ -75.61239, 45.43237 ], [ -75.61239, 45.43237 ], [ -75.61239, 45.43237 ], [ -75.61239, 45.43237 ], [ -75.61239, 45.43237 ], [ -75.61239, 45.43237 ], [ -75.61239, 45.43237 ], [ -75.61239, 45.43237 ], [ -75.61239, 45.43237 ], [ -75.61239, 45.43237 ], [ -75.61239, 45.43237 ], [ -75.61239, 45.43237 ], [ -75.61239, 45.43237 ], [ -75.61239, 45.43237 ], [ -75.61239, 45.43237 ], [ -75.61239, 45.43237 ], [ -75.61239, 45.43237 ], [ -75.61239, 45.43237 ], [ -75.61239, 45.43237 ], [ -75.61239, 45.43237 ], [ -75.61239, 45.43237 ], [ -75.61239, 45.43237 ], [ -75.61239, 45.43237 ], [ -75.61239, 45.43237 ], [ -75.61239, 45.43237 ], [ -75.61239, 45.43237 ], [ -75.61239, 45.43237 ], [ -75.61239, 45.43237 ], [ -75.61239, 45.43237 ], [ -75.61239, 45.43237 ], [ -75.61239, 45.43237 ], [ -75.61239, 45.43237 ], [ -75.61239, 45.43237 ], [ -75.61239, 45.43237 ], [ -75.61239, 45.43237 ], [ -75.61239, 45.43237 ], [ -75.61239, 45.43237 ], [ -75.61239, 45.43237 ], [ -75.61239, 45.43237 ], [ -75.61239, 45.43237 ], [ -75.61239, 45.43237 ], [ -75.61239, 45.43237 ], [ -75.61239, 45.43237 ], [ -75.61239, 45.43237 ], [ -75.61239, 45.43237 ], [ -75.61239, 45.43237 ], [ -75.61239, 45.43237 ], [ -75.61239, 45.43237 ], [ -75.61239, 45.43237 ], [ -75.61239, 45.43237 ], [ -75.61239, 45.43237 ], [ -75.61239, 45.43237 ], [ -75.61239, 45.43237 ], [ -75.61239, 45.43237 ], [ -75.61239, 45.43237 ], [ -75.61239, 45.43237 ], [ -75.61239, 45.43237 ], [ -75.61239, 45.43237 ], [ -75.61239, 45.43237 ], [ -75.61239, 45.43237 ], [ -75.61239, 45.43237 ], [ -75.61239, 45.43237 ], [ -75.61239, 45.43237 ], [ -75.61239, 45.43237 ], [ -75.61239, 45.43237 ], [ -75.61239, 45.43237 ], [ -75.61239, 45.43237 ], [ -75.61239, 45.43237 ], [ -75.61239, 45.43237 ], [ -75.61239, 45.43237 ], [ -75.61239, 45.43237 ], [ -75.61239, 45.43237 ], [ -75.61239, 45.43237 ], [ -75.61239, 45.43237 ], [ -75.61239, 45.43237 ], [ -75.61239, 45.43237 ], [ -75.61239, 45.43237 ], [ -75.61239, 45.43237 ], [ -75.61239, 45.43237 ], [ -75.61239, 45.43237 ], [ -75.61239, 45.43237 ], [ -75.61239, 45.43237 ], [ -75.61239, 45.43237 ], [ -75.61239, 45.43237 ], [ -75.61239, 45.43237 ], [ -75.61239, 45.43237 ], [ -75.61239, 45.43237 ], [ -75.61239, 45.43237 ], [ -75.61239, 45.43237 ], [ -75.61239, 45.43237 ], [ -75.61239, 45.43237 ], [ -75.61239, 45.43237 ], [ -75.61239, 45.43237 ], [ -75.61239, 45.43237 ], [ -75.61239, 45.43237 ], [ -75.61239, 45.43237 ], [ -75.61239, 45.43237 ], [ -75.61239, 45.43237 ], [ -75.61239, 45.43237 ], [ -75.61239, 45.43237 ], [ -75.61239, 45.43237 ], [ -75.61239, 45.43237 ], [ -75.61239, 45.43237 ], [ -75.61239, 45.43237 ], [ -75.61239, 45.43237 ], [ -75.61239, 45.43237 ], [ -75.61239, 45.43237 ], [ -75.61239, 45.43237 ], [ -75.61239, 45.43237 ], [ -75.61239, 45.43237 ], [ -75.61239, 45.43237 ], [ -75.61239, 45.43237 ], [ -75.61239, 45.43237 ], [ -75.61239, 45.43237 ], [ -75.61239, 45.43237 ], [ -75.61239, 45.43237 ], [ -75.61239, 45.43237 ], [ -75.61239, 45.43237 ], [ -75.61239, 45.43237 ], [ -75.61239, 45.43237 ], [ -75.61239, 45.43237 ], [ -75.61239, 45.43237 ], [ -75.61239, 45.43237 ], [ -75.61239, 45.43237 ], [ -75.61239, 45.43237 ], [ -75.61239, 45.43237 ], [ -75.61239, 45.43237 ], [ -75.61239, 45.43237 ], [ -75.61239, 45.43237 ], [ -75.61239, 45.43237 ], [ -75.61239, 45.43237 ], [ -75.61239, 45.43237 ], [ -75.61239, 45.43237 ], [ -75.61239, 45.43237 ], [ -75.61239, 45.43237 ], [ -75.61239, 45.43237 ], [ -75.61239, 45.43237 ], [ -75.61239, 45.43237 ], [ -75.61239, 45.43237 ], [ -75.61239, 45.43237 ], [ -75.61239, 45.43237 ], [ -75.61239, 45.43237 ], [ -75.61239, 45.43237 ], [ -75.61239, 45.43237 ], [ -75.61239, 45.43237 ], [ -75.61239, 45.43237 ], [ -75.61239, 45.43237 ], [ -75.61239, 45.43237 ], [ -75.61239, 45.43237 ], [ -75.61239, 45.43237 ], [ -75.61239, 45.43237 ], [ -75.61239, 45.43237 ], [ -75.61239, 45.43237 ], [ -75.61239, 45.43237 ], [ -75.61239, 45.43237 ], [ -75.61239, 45.43237 ], [ -75.61239, 45.43237 ], [ -75.61239, 45.43237 ], [ -75.61239, 45.43237 ], [ -75.61239, 45.43237 ], [ -75.61239, 45.43237 ], [ -75.61239, 45.43237 ], [ -75.61239, 45.43237 ], [ -75.61239, 45.43237 ], [ -75.61239, 45.43237 ], [ -75.61239, 45.43237 ], [ -75.61239, 45.43237 ], [ -75.61239, 45.43237 ], [ -75.61239, 45.43237 ], [ -75.61239, 45.43237 ], [ -75.61239, 45.43237 ], [ -75.61239, 45.43237 ], [ -75.61239, 45.43237 ], [ -75.61239, 45.43237 ], [ -75.61239, 45.43237 ], [ -75.61239, 45.43237 ], [ -75.61239, 45.43237 ], [ -75.61239, 45.43237 ], [ -75.61239, 45.43237 ], [ -75.61239, 45.43237 ], [ -75.61239, 45.43237 ], [ -75.61239, 45.43237 ], [ -75.61239, 45.43237 ], [ -75.61239, 45.43237 ], [ -75.61239, 45.43237 ], [ -75.61239, 45.43237 ], [ -75.61239, 45.43237 ], [ -75.61239, 45.43237 ], [ -75.61239, 45.43237 ], [ -75.61239, 45.43237 ], [ -75.61239, 45.43237 ], [ -75.61239, 45.43237 ], [ -75.61239, 45.43237 ], [ -75.61239, 45.43237 ], [ -75.61239, 45.43237 ], [ -75.61239, 45.43237 ], [ -75.61239, 45.43237 ], [ -75.61239, 45.43237 ], [ -75.61239, 45.43237 ], [ -75.61239, 45.43237 ], [ -75.61239, 45.43237 ], [ -75.61239, 45.43237 ], [ -75.61239, 45.43237 ], [ -75.61239, 45.43237 ], [ -75.61239, 45.43237 ], [ -75.61239, 45.43237 ], [ -75.61239, 45.43237 ], [ -75.61239, 45.43237 ], [ -75.61239, 45.43237 ], [ -75.61239, 45.43237 ], [ -75.61239, 45.43237 ], [ -75.61239, 45.43237 ], [ -75.61239, 45.43237 ], [ -75.61239, 45.43237 ], [ -75.61239, 45.43237 ], [ -75.61239, 45.43237 ], [ -75.61239, 45.43237 ], [ -75.61239, 45.43237 ], [ -75.61239, 45.43237 ], [ -75.61239, 45.43237 ], [ -75.61239, 45.43237 ], [ -75.61239, 45.43237 ], [ -75.61239, 45.43237 ], [ -75.61239, 45.43237 ], [ -75.61239, 45.43237 ], [ -75.61239, 45.43237 ], [ -75.61239, 45.43237 ], [ -75.61239, 45.43237 ], [ -75.61239, 45.43237 ], [ -75.61239, 45.43237 ], [ -75.61239, 45.43237 ], [ -75.61239, 45.43237 ], [ -75.61239, 45.43237 ], [ -75.61239, 45.43237 ], [ -75.61239, 45.43237 ], [ -75.61239, 45.43237 ], [ -75.61239, 45.43237 ], [ -75.61239, 45.43237 ], [ -75.61239, 45.43237 ], [ -75.61239, 45.43237 ], [ -75.61239, 45.43237 ], [ -75.61239, 45.43237 ], [ -75.61239, 45.43237 ], [ -75.61239, 45.43237 ], [ -75.61239, 45.43237 ], [ -75.61239, 45.43237 ], [ -75.61239, 45.43237 ], [ -75.61239, 45.43237 ], [ -75.61239, 45.43237 ], [ -75.61239, 45.43237 ], [ -75.61239, 45.43237 ], [ -75.61239, 45.43237 ], [ -75.61239, 45.43237 ], [ -75.61239, 45.43237 ], [ -75.61239, 45.43237 ], [ -75.61239, 45.43237 ], [ -75.61239, 45.43237 ], [ -75.61239, 45.43237 ], [ -75.61239, 45.43237 ], [ -75.61239, 45.43237 ], [ -75.61239, 45.43237 ], [ -75.61239, 45.43237 ], [ -75.61239, 45.43237 ], [ -75.61239, 45.43237 ], [ -75.61239, 45.43237 ], [ -75.61239, 45.43237 ], [ -75.61239, 45.43237 ], [ -75.61239, 45.43237 ], [ -75.61239, 45.43237 ], [ -75.61239, 45.43237 ], [ -75.61239, 45.43237 ], [ -75.61239, 45.43237 ], [ -75.61239, 45.43237 ], [ -75.61239, 45.43237 ], [ -75.61239, 45.43237 ], [ -75.61239, 45.43237 ], [ -75.61239, 45.43237 ], [ -75.61239, 45.43237 ], [ -75.61239, 45.43237 ], [ -75.61239, 45.43237 ], [ -75.61239, 45.43237 ], [ -75.61239, 45.43237 ], [ -75.61239, 45.43237 ], [ -75.61239, 45.43237 ], [ -75.61239, 45.43237 ], [ -75.61239, 45.43237 ], [ -75.61239, 45.43237 ], [ -75.61239, 45.43237 ], [ -75.61239, 45.43237 ], [ -75.61239, 45.43237 ], [ -75.61239, 45.43237 ], [ -75.61239, 45.43237 ], [ -75.61239, 45.43237 ], [ -75.61239, 45.43237 ], [ -75.61239, 45.43237 ], [ -75.61239, 45.43237 ], [ -75.61239, 45.43237 ], [ -75.61239, 45.43237 ], [ -75.61239, 45.43237 ], [ -75.61239, 45.43237 ], [ -75.61239, 45.43237 ], [ -75.61239, 45.43237 ], [ -75.61239, 45.43237 ], [ -75.61239, 45.43237 ], [ -75.61239, 45.43237 ], [ -75.61239, 45.43237 ], [ -75.61239, 45.43237 ], [ -75.61239, 45.43237 ], [ -75.61239, 45.43237 ], [ -75.61239, 45.43237 ], [ -75.61239, 45.43237 ], [ -75.61239, 45.43237 ], [ -75.61239, 45.43237 ], [ -75.61239, 45.43237 ], [ -75.61239, 45.43237 ], [ -75.61239, 45.43237 ], [ -75.61239, 45.43237 ], [ -75.61239, 45.43237 ], [ -75.61239, 45.43237 ], [ -75.61239, 45.43237 ], [ -75.61239, 45.43237 ], [ -75.61239, 45.43237 ], [ -75.61239, 45.43237 ], [ -75.61239, 45.43237 ], [ -75.61239, 45.43237 ], [ -75.61239, 45.43237 ], [ -75.61239, 45.43237 ], [ -75.61239, 45.43237 ], [ -75.61239, 45.43237 ], [ -75.61239, 45.43237 ], [ -75.61239, 45.43237 ], [ -75.61239, 45.43237 ], [ -75.61239, 45.43237 ], [ -75.61239, 45.43237 ], [ -75.61239, 45.43237 ], [ -75.61239, 45.43237 ], [ -75.61239, 45.43237 ], [ -75.61239, 45.43237 ], [ -75.61239, 45.43237 ], [ -75.61239, 45.43237 ], [ -75.61239, 45.43237 ], [ -75.61239, 45.43237 ], [ -75.61239, 45.43237 ], [ -75.61239, 45.43237 ], [ -75.61239, 45.43237 ], [ -75.61239, 45.43237 ], [ -75.61239, 45.43237 ], [ -75.61239, 45.43237 ], [ -75.61239, 45.43237 ], [ -75.61239, 45.43237 ], [ -75.61239, 45.43237 ], [ -75.61239, 45.43237 ], [ -75.61239, 45.43237 ], [ -75.61239, 45.43237 ], [ -75.61239, 45.43237 ], [ -75.61239, 45.43237 ], [ -75.61239, 45.43237 ], [ -75.61239, 45.43237 ], [ -75.61239, 45.43237 ], [ -75.61239, 45.43237 ], [ -75.61239, 45.43237 ], [ -75.61239, 45.43237 ], [ -75.61239, 45.43237 ], [ -75.61239, 45.43237 ], [ -75.61239, 45.43237 ], [ -75.61239, 45.43237 ], [ -75.61239, 45.43237 ], [ -75.61239, 45.43237 ], [ -75.61239, 45.43237 ], [ -75.61239, 45.43237 ], [ -75.61239, 45.43237 ], [ -75.61239, 45.43237 ], [ -75.61239, 45.43237 ], [ -75.61239, 45.43237 ], [ -75.61239, 45.43237 ], [ -75.61239, 45.43237 ], [ -75.61239, 45.43237 ], [ -75.61239, 45.43237 ], [ -75.61239, 45.43237 ], [ -75.61239, 45.43237 ], [ -75.61239, 45.43237 ], [ -75.61239, 45.43237 ], [ -75.61239, 45.43237 ], [ -75.61239, 45.43237 ], [ -75.61239, 45.43237 ], [ -75.61239, 45.43237 ], [ -75.61239, 45.43237 ], [ -75.61239, 45.43237 ], [ -75.61239, 45.43237 ], [ -75.61239, 45.43237 ], [ -75.61239, 45.43237 ], [ -75.61239, 45.43237 ], [ -75.61239, 45.43237 ], [ -75.61239, 45.43237 ], [ -75.61239, 45.43237 ], [ -75.61239, 45.43237 ], [ -75.61239, 45.43237 ], [ -75.61239, 45.43237 ], [ -75.61239, 45.43237 ], [ -75.61239, 45.43237 ], [ -75.61239, 45.43237 ], [ -75.61239, 45.43237 ], [ -75.61239, 45.43237 ], [ -75.61239, 45.43237 ], [ -75.61239, 45.43237 ], [ -75.61239, 45.43237 ], [ -75.61239, 45.43237 ], [ -75.61239, 45.43237 ], [ -75.61239, 45.43237 ], [ -75.61239, 45.43237 ], [ -75.61239, 45.43237 ], [ -75.61239, 45.43237 ], [ -75.61239, 45.43237 ], [ -75.61239, 45.43237 ], [ -75.61239, 45.43237 ], [ -75.61239, 45.43237 ], [ -75.61239, 45.43237 ], [ -75.61239, 45.43237 ], [ -75.61239, 45.43237 ], [ -75.61239, 45.43237 ], [ -75.61239, 45.43237 ], [ -75.61239, 45.43237 ], [ -75.61239, 45.43237 ], [ -75.61239, 45.43237 ], [ -75.61239, 45.43237 ], [ -75.61239, 45.43237 ], [ -75.61239, 45.43237 ], [ -75.61239, 45.43237 ], [ -75.61239, 45.43237 ], [ -75.61239, 45.43237 ], [ -75.61239, 45.43237 ], [ -75.61239, 45.43237 ], [ -75.61239, 45.43237 ], [ -75.61239, 45.43237 ], [ -75.61239, 45.43237 ], [ -75.61239, 45.43237 ], [ -75.61239, 45.43237 ], [ -75.61239, 45.43237 ], [ -75.61239, 45.43237 ], [ -75.61239, 45.43237 ], [ -75.61239, 45.43237 ], [ -75.61239, 45.43237 ], [ -75.61239, 45.43237 ], [ -75.61239, 45.43237 ], [ -75.61239, 45.43237 ], [ -75.61239, 45.43237 ], [ -75.61239, 45.43237 ], [ -75.61239, 45.43237 ], [ -75.61239, 45.43237 ], [ -75.61239, 45.43237 ], [ -75.61239, 45.43237 ], [ -75.61239, 45.43237 ], [ -75.61239, 45.43237 ], [ -75.61239, 45.43237 ], [ -75.61239, 45.43237 ], [ -75.61239, 45.43237 ], [ -75.61239, 45.43237 ], [ -75.61239, 45.43237 ], [ -75.61239, 45.43237 ], [ -75.61239, 45.43237 ], [ -75.61239, 45.43237 ], [ -75.61239, 45.43237 ], [ -75.61239, 45.43237 ], [ -75.61239, 45.43237 ], [ -75.61239, 45.43237 ], [ -75.61239, 45.43237 ], [ -75.61239, 45.43237 ], [ -75.61239, 45.43237 ], [ -75.61239, 45.43237 ], [ -75.61239, 45.43237 ], [ -75.61239, 45.43237 ], [ -75.61239, 45.43237 ], [ -75.61239, 45.43237 ], [ -75.61239, 45.43237 ], [ -75.61239, 45.43237 ], [ -75.61239, 45.43237 ], [ -75.61239, 45.43237 ], [ -75.61239, 45.43237 ], [ -75.61239, 45.43237 ], [ -75.61239, 45.43237 ], [ -75.61239, 45.43237 ], [ -75.61239, 45.43237 ], [ -75.61239, 45.43237 ], [ -75.61239, 45.43237 ], [ -75.61239, 45.43237 ], [ -75.61239, 45.43237 ], [ -75.61239, 45.43237 ], [ -75.61239, 45.43237 ], [ -75.61239, 45.43237 ], [ -75.61239, 45.43237 ], [ -75.61239, 45.43237 ], [ -75.61239, 45.43237 ], [ -75.61239, 45.43237 ], [ -75.61239, 45.43237 ], [ -75.61239, 45.43237 ], [ -75.61239, 45.43237 ], [ -75.61239, 45.43237 ], [ -75.61239, 45.43237 ], [ -75.61239, 45.43237 ], [ -75.61239, 45.43237 ], [ -75.61239, 45.43237 ], [ -75.61239, 45.43237 ], [ -75.61239, 45.43237 ], [ -75.61239, 45.43237 ], [ -75.61239, 45.43237 ], [ -75.61239, 45.43237 ], [ -75.61239, 45.43237 ], [ -75.61239, 45.43237 ], [ -75.61239, 45.43237 ], [ -75.61239, 45.43237 ], [ -75.61239, 45.43237 ], [ -75.61239, 45.43237 ], [ -75.61239, 45.43237 ], [ -75.61239, 45.43237 ], [ -75.61239, 45.43237 ], [ -75.61239, 45.43237 ], [ -75.61239, 45.43237 ], [ -75.61239, 45.43237 ], [ -75.61239, 45.43237 ], [ -75.61239, 45.43237 ], [ -75.61239, 45.43237 ], [ -75.61239, 45.43237 ], [ -75.61239, 45.43237 ], [ -75.61239, 45.43237 ], [ -75.61239, 45.43237 ], [ -75.61239, 45.43237 ], [ -75.61239, 45.43237 ], [ -75.61239, 45.43237 ], [ -75.61239, 45.43237 ], [ -75.61239, 45.43237 ], [ -75.61239, 45.43237 ], [ -75.61239, 45.43237 ], [ -75.61239, 45.43237 ], [ -75.61239, 45.43237 ], [ -75.61239, 45.43237 ], [ -75.61239, 45.43237 ], [ -75.61239, 45.43237 ], [ -75.61239, 45.43237 ], [ -75.61239, 45.43237 ], [ -75.61239, 45.43237 ], [ -75.61239, 45.43237 ], [ -75.61239, 45.43237 ], [ -75.61239, 45.43237 ], [ -75.61239, 45.43237 ], [ -75.61239, 45.43237 ], [ -75.61239, 45.43237 ], [ -75.61239, 45.43237 ], [ -75.61239, 45.43237 ], [ -75.61239, 45.43237 ], [ -75.61239, 45.43237 ], [ -75.61239, 45.43237 ], [ -75.61239, 45.43237 ], [ -75.61239, 45.43237 ], [ -75.61239, 45.43237 ], [ -75.61239, 45.43237 ], [ -75.61239, 45.43237 ], [ -75.61239, 45.43237 ], [ -75.61239, 45.43237 ], [ -75.61239, 45.43237 ], [ -75.61239, 45.43237 ], [ -75.61239, 45.43237 ], [ -75.61239, 45.43237 ], [ -75.61239, 45.43237 ], [ -75.61239, 45.43237 ], [ -75.61239, 45.43237 ], [ -75.61239, 45.43237 ], [ -75.61239, 45.43237 ], [ -75.61239, 45.43237 ], [ -75.61239, 45.43237 ], [ -75.61239, 45.43237 ], [ -75.61239, 45.43237 ], [ -75.61239, 45.43237 ], [ -75.61239, 45.43237 ], [ -75.61239, 45.43237 ], [ -75.61239, 45.43237 ], [ -75.61239, 45.43237 ], [ -75.61239, 45.43237 ], [ -75.61239, 45.43237 ], [ -75.61239, 45.43237 ], [ -75.61239, 45.43237 ], [ -75.61239, 45.43237 ], [ -75.61239, 45.43237 ], [ -75.61239, 45.43237 ], [ -75.61239, 45.43237 ], [ -75.61239, 45.43237 ], [ -75.61239, 45.43237 ], [ -75.61239, 45.43237 ], [ -75.61239, 45.43237 ], [ -75.61239, 45.43237 ], [ -75.61239, 45.43237 ], [ -75.61239, 45.43237 ], [ -75.61239, 45.43237 ], [ -75.61239, 45.43237 ], [ -75.61239, 45.43237 ], [ -75.61239, 45.43237 ], [ -75.61239, 45.43237 ], [ -75.61239, 45.43237 ], [ -75.61239, 45.43237 ], [ -75.61239, 45.43237 ], [ -75.61239, 45.43237 ], [ -75.61239, 45.43237 ], [ -75.61239, 45.43237 ], [ -75.61239, 45.43237 ], [ -75.61239, 45.43237 ], [ -75.61239, 45.43237 ], [ -75.61239, 45.43237 ], [ -75.61239, 45.43237 ], [ -75.61239, 45.43237 ], [ -75.61239, 45.43237 ], [ -75.61239, 45.43237 ], [ -75.61239, 45.43237 ], [ -75.61239, 45.43237 ], [ -75.61239, 45.43237 ], [ -75.61239, 45.43237 ], [ -75.61239, 45.43237 ], [ -75.61239, 45.43237 ], [ -75.61239, 45.43237 ], [ -75.61239, 45.43237 ], [ -75.61239, 45.43237 ], [ -75.61239, 45.43237 ], [ -75.61239, 45.43237 ], [ -75.61239, 45.43237 ], [ -75.61239, 45.43237 ], [ -75.61239, 45.43237 ], [ -75.61239, 45.43237 ], [ -75.61239, 45.43237 ], [ -75.61239, 45.43237 ], [ -75.61239, 45.43237 ], [ -75.61239, 45.43237 ], [ -75.61239, 45.43237 ], [ -75.61239, 45.43237 ], [ -75.61239, 45.43237 ], [ -75.61239, 45.43237 ], [ -75.61239, 45.43237 ], [ -75.61239, 45.43237 ], [ -75.61239, 45.43237 ], [ -75.61239, 45.43237 ], [ -75.61239, 45.43237 ], [ -75.61239, 45.43237 ], [ -75.61239, 45.43237 ], [ -75.61239, 45.43237 ], [ -75.61239, 45.43237 ], [ -75.61239, 45.43237 ], [ -75.61239, 45.43237 ], [ -75.61239, 45.43237 ], [ -75.61239, 45.43237 ], [ -75.61239, 45.43237 ], [ -75.61239, 45.43237 ], [ -75.61239, 45.43237 ], [ -75.61239, 45.43237 ], [ -75.61239, 45.43237 ], [ -75.61239, 45.43237 ], [ -75.61239, 45.43237 ], [ -75.61239, 45.43237 ], [ -75.61239, 45.43237 ], [ -75.61239, 45.43237 ], [ -75.61239, 45.43237 ], [ -75.61239, 45.43237 ], [ -75.61239, 45.43237 ], [ -75.61239, 45.43237 ], [ -75.61239, 45.43237 ], [ -75.61239, 45.43237 ], [ -75.61239, 45.43237 ], [ -75.61239, 45.43237 ], [ -75.61239, 45.43237 ], [ -75.61239, 45.43237 ], [ -75.61239, 45.43237 ], [ -75.61239, 45.43237 ], [ -75.61239, 45.43237 ], [ -75.61239, 45.43237 ], [ -75.61239, 45.43237 ], [ -75.61239, 45.43237 ], [ -75.61239, 45.43237 ], [ -75.61239, 45.43237 ], [ -75.61239, 45.43237 ], [ -75.61239, 45.43237 ], [ -75.61239, 45.43237 ], [ -75.61239, 45.43237 ], [ -75.61239, 45.43237 ], [ -75.61239, 45.43237 ], [ -75.61239, 45.43237 ], [ -75.61239, 45.43237 ], [ -75.61239, 45.43237 ], [ -75.61239, 45.43237 ], [ -75.61239, 45.43237 ], [ -75.61239, 45.43237 ], [ -75.61239, 45.43237 ], [ -75.61239, 45.43237 ], [ -75.61239, 45.43237 ], [ -75.61239, 45.43237 ], [ -75.61239, 45.43237 ], [ -75.61239, 45.43237 ], [ -75.61239, 45.43237 ], [ -75.61239, 45.43237 ], [ -75.61239, 45.43237 ], [ -75.61239, 45.43237 ], [ -75.61239, 45.43237 ], [ -75.61239, 45.43237 ], [ -75.61239, 45.43237 ], [ -75.61239, 45.43237 ], [ -75.61239, 45.43237 ], [ -75.61239, 45.43237 ], [ -75.61239, 45.43237 ], [ -75.61239, 45.43237 ], [ -75.61239, 45.43237 ], [ -75.61239, 45.43237 ], [ -75.61239, 45.43237 ], [ -75.61239, 45.43237 ], [ -75.61239, 45.43237 ], [ -75.61239, 45.43237 ], [ -75.61239, 45.43237 ], [ -75.61239, 45.43237 ], [ -75.61239, 45.43237 ], [ -75.61239, 45.43237 ], [ -75.61239, 45.43237 ], [ -75.61239, 45.43237 ], [ -75.61239, 45.43237 ], [ -75.61239, 45.43237 ], [ -75.61239, 45.43237 ], [ -75.61239, 45.43237 ], [ -75.61239, 45.43237 ], [ -75.61239, 45.43237 ], [ -75.61239, 45.43237 ], [ -75.61239, 45.43237 ], [ -75.61239, 45.43237 ], [ -75.61239, 45.43237 ], [ -75.61239, 45.43237 ], [ -75.61239, 45.43237 ], [ -75.61239, 45.43237 ], [ -75.61239, 45.43237 ], [ -75.61239, 45.43237 ], [ -75.61239, 45.43237 ], [ -75.61239, 45.43237 ], [ -75.61239, 45.43237 ], [ -75.61239, 45.43237 ], [ -75.61239, 45.43237 ], [ -75.61239, 45.43237 ], [ -75.61239, 45.43237 ], [ -75.61239, 45.43237 ], [ -75.61239, 45.43237 ], [ -75.61239, 45.43237 ], [ -75.61239, 45.43237 ], [ -75.61239, 45.43237 ], [ -75.61239, 45.43237 ], [ -75.61239, 45.43237 ], [ -75.61239, 45.43237 ], [ -75.61239, 45.43237 ], [ -75.61239, 45.43237 ], [ -75.61239, 45.43237 ], [ -75.61239, 45.43237 ], [ -75.61239, 45.43237 ], [ -75.61239, 45.43237 ], [ -75.61239, 45.43237 ], [ -75.61239, 45.43237 ], [ -75.61239, 45.43237 ], [ -75.61239, 45.43237 ], [ -75.61239, 45.43237 ], [ -75.61239, 45.43237 ], [ -75.61239, 45.43237 ], [ -75.61239, 45.43237 ], [ -75.61239, 45.43237 ], [ -75.61239, 45.43237 ], [ -75.61239, 45.43237 ], [ -75.61239, 45.43237 ], [ -75.61239, 45.43237 ], [ -75.61239, 45.43237 ], [ -75.61239, 45.43237 ], [ -75.61239, 45.43237 ], [ -75.61239, 45.43237 ], [ -75.61239, 45.43237 ], [ -75.61239, 45.43237 ], [ -75.61239, 45.43237 ], [ -75.61239, 45.43237 ], [ -75.61239, 45.43237 ], [ -75.61239, 45.43237 ], [ -75.61239, 45.43237 ], [ -75.61239, 45.43237 ], [ -75.61239, 45.43237 ], [ -75.61239, 45.43237 ], [ -75.61239, 45.43237 ], [ -75.61239, 45.43237 ], [ -75.61239, 45.43237 ], [ -75.61239, 45.43237 ], [ -75.61239, 45.43237 ], [ -75.61239, 45.43237 ], [ -75.61239, 45.43237 ], [ -75.61239, 45.43237 ], [ -75.61239, 45.43237 ], [ -75.61239, 45.43237 ], [ -75.61239, 45.43237 ], [ -75.61239, 45.43237 ], [ -75.61239, 45.43237 ], [ -75.61239, 45.43237 ], [ -75.61239, 45.43237 ], [ -75.61239, 45.43237 ], [ -75.61239, 45.43237 ], [ -75.61239, 45.43237 ], [ -75.61239, 45.43237 ], [ -75.61239, 45.43237 ], [ -75.61239, 45.43237 ], [ -75.61239, 45.43237 ], [ -75.61239, 45.43237 ], [ -75.61239, 45.43237 ], [ -75.61239, 45.43237 ], [ -75.61239, 45.43237 ], [ -75.61239, 45.43237 ], [ -75.61239, 45.43237 ], [ -75.61239, 45.43237 ], [ -75.61239, 45.43237 ], [ -75.61239, 45.43237 ], [ -75.61239, 45.43237 ], [ -75.61239, 45.43237 ], [ -75.61239, 45.43237 ], [ -75.61239, 45.43237 ], [ -75.61239, 45.43237 ], [ -75.61239, 45.43237 ], [ -75.61239, 45.43237 ], [ -75.61239, 45.43237 ], [ -75.61239, 45.43237 ], [ -75.61239, 45.43237 ], [ -75.61239, 45.43237 ], [ -75.61239, 45.43237 ], [ -75.61239, 45.43237 ], [ -75.61239, 45.43237 ], [ -75.61239, 45.43237 ], [ -75.61239, 45.43237 ], [ -75.61239, 45.43237 ], [ -75.61239, 45.43237 ], [ -75.61239, 45.43237 ], [ -75.61239, 45.43237 ], [ -75.61239, 45.43237 ], [ -75.61239, 45.43237 ], [ -75.61239, 45.43237 ], [ -75.61239, 45.43237 ], [ -75.61239, 45.43237 ], [ -75.61239, 45.43237 ], [ -75.61239, 45.43237 ], [ -75.61239, 45.43237 ], [ -75.61239, 45.43237 ], [ -75.61239, 45.43237 ], [ -75.61239, 45.43237 ], [ -75.61239, 45.43237 ], [ -75.61239, 45.43237 ], [ -75.61239, 45.43237 ], [ -75.61239, 45.43237 ], [ -75.61239, 45.43237 ], [ -75.61239, 45.43237 ], [ -75.61239, 45.43237 ], [ -75.61239, 45.43237 ], [ -75.61239, 45.43237 ], [ -75.61239, 45.43237 ], [ -75.61239, 45.43237 ], [ -75.61239, 45.43237 ], [ -75.61239, 45.43237 ], [ -75.61239, 45.43237 ], [ -75.61239, 45.43237 ], [ -75.61239, 45.43237 ], [ -75.61239, 45.43237 ], [ -75.61239, 45.43237 ], [ -75.61239, 45.43237 ], [ -75.61239, 45.43237 ], [ -75.61239, 45.43237 ], [ -75.61239, 45.43237 ], [ -75.61239, 45.43237 ], [ -75.61239, 45.43237 ], [ -75.61239, 45.43237 ], [ -75.61239, 45.43237 ], [ -75.61239, 45.43237 ], [ -75.61239, 45.43237 ], [ -75.61239, 45.43237 ], [ -75.61239, 45.43237 ], [ -75.61239, 45.43237 ], [ -75.61239, 45.43237 ], [ -75.61239, 45.43237 ], [ -75.61239, 45.43237 ], [ -75.61239, 45.43237 ], [ -75.61239, 45.43237 ], [ -75.61239, 45.43237 ], [ -75.61239, 45.43237 ], [ -75.61239, 45.43237 ], [ -75.61239, 45.43237 ], [ -75.61239, 45.43237 ], [ -75.61239, 45.43237 ], [ -75.61239, 45.43237 ], [ -75.61239, 45.43237 ], [ -75.61239, 45.43237 ], [ -75.61239, 45.43237 ], [ -75.61239, 45.43237 ], [ -75.61239, 45.43237 ], [ -75.61239, 45.43237 ], [ -75.61239, 45.43237 ], [ -75.61239, 45.43237 ], [ -75.61239, 45.43237 ], [ -75.61239, 45.43237 ], [ -75.61239, 45.43237 ], [ -75.61239, 45.43237 ], [ -75.61239, 45.43237 ], [ -75.61239, 45.43237 ], [ -75.61239, 45.43237 ], [ -75.61239, 45.43237 ], [ -75.61239, 45.43237 ], [ -75.61239, 45.43237 ], [ -75.61239, 45.43237 ], [ -75.61239, 45.43237 ], [ -75.61239, 45.43237 ], [ -75.61239, 45.43237 ], [ -75.61239, 45.43237 ], [ -75.61239, 45.43237 ], [ -75.61239, 45.43237 ], [ -75.61239, 45.43237 ], [ -75.61239, 45.43237 ], [ -75.61239, 45.43237 ], [ -75.61239, 45.43237 ], [ -75.61239, 45.43237 ], [ -75.61239, 45.43237 ], [ -75.61239, 45.43237 ], [ -75.61239, 45.43237 ], [ -75.61239, 45.43237 ], [ -75.61239, 45.43237 ], [ -75.61239, 45.43237 ], [ -75.61239, 45.43237 ], [ -75.61239, 45.43237 ], [ -75.61239, 45.43237 ], [ -75.61239, 45.43237 ], [ -75.61239, 45.43237 ], [ -75.61239, 45.43237 ], [ -75.61239, 45.43237 ], [ -75.61239, 45.43237 ], [ -75.61239, 45.43237 ], [ -75.61239, 45.43237 ], [ -75.61239, 45.43237 ], [ -75.61239, 45.43237 ], [ -75.61239, 45.43237 ], [ -75.61239, 45.43237 ], [ -75.61239, 45.43237 ], [ -75.61239, 45.43237 ], [ -75.61239, 45.43237 ], [ -75.61239, 45.43237 ], [ -75.61239, 45.43237 ], [ -75.61239, 45.43237 ], [ -75.61239, 45.43237 ], [ -75.61239, 45.43237 ], [ -75.61239, 45.43237 ], [ -75.61239, 45.43237 ], [ -75.61239, 45.43237 ], [ -75.61239, 45.43237 ], [ -75.61239, 45.43237 ], [ -75.61239, 45.43237 ], [ -75.61239, 45.43237 ], [ -75.61239, 45.43237 ], [ -75.61239, 45.43237 ], [ -75.61239, 45.43237 ], [ -75.61239, 45.43237 ], [ -75.61239, 45.43237 ], [ -75.61239, 45.43237 ], [ -75.61239, 45.43237 ], [ -75.61239, 45.43237 ], [ -75.61239, 45.43237 ], [ -75.61239, 45.43237 ], [ -75.61239, 45.43237 ], [ -75.61239, 45.43237 ], [ -75.61239, 45.43237 ], [ -75.61239, 45.43237 ], [ -75.61239, 45.43237 ], [ -75.61239, 45.43237 ], [ -75.61239, 45.43237 ], [ -75.61239, 45.43237 ], [ -75.61239, 45.43237 ], [ -75.61239, 45.43237 ], [ -75.61239, 45.43237 ], [ -75.61239, 45.43237 ], [ -75.61239, 45.43237 ], [ -75.61239, 45.43237 ], [ -75.61239, 45.43237 ], [ -75.61239, 45.43237 ], [ -75.61239, 45.43237 ], [ -75.61239, 45.43237 ], [ -75.61239, 45.43237 ], [ -75.61239, 45.43237 ], [ -75.61239, 45.43237 ], [ -75.61239, 45.43237 ], [ -75.61239, 45.43237 ], [ -75.61239, 45.43237 ], [ -75.61239, 45.43237 ], [ -75.61239, 45.43237 ], [ -75.61239, 45.43237 ], [ -75.61239, 45.43237 ], [ -75.61239, 45.43237 ], [ -75.61239, 45.43237 ], [ -75.61239, 45.43237 ], [ -75.61239, 45.43237 ], [ -75.61239, 45.43237 ], [ -75.61239, 45.43237 ], [ -75.61239, 45.43237 ], [ -75.61239, 45.43237 ], [ -75.61239, 45.43237 ], [ -75.61239, 45.43237 ], [ -75.61239, 45.43237 ], [ -75.61239, 45.43237 ], [ -75.61239, 45.43237 ], [ -75.61239, 45.43237 ], [ -75.61239, 45.43237 ], [ -75.61239, 45.43237 ], [ -75.61239, 45.43237 ], [ -75.61239, 45.43237 ], [ -75.61239, 45.43237 ], [ -75.61239, 45.43237 ], [ -75.61239, 45.43237 ], [ -75.61239, 45.43237 ], [ -75.61239, 45.43237 ], [ -75.61239, 45.43237 ], [ -75.61239, 45.43237 ], [ -75.61239, 45.43237 ], [ -75.61239, 45.43237 ], [ -75.61239, 45.43237 ], [ -75.61239, 45.43237 ], [ -75.61239, 45.43237 ], [ -75.61239, 45.43237 ], [ -75.61239, 45.43237 ], [ -75.61239, 45.43237 ], [ -75.61239, 45.43237 ], [ -75.61239, 45.43237 ], [ -75.61239, 45.43237 ], [ -75.61239, 45.43237 ], [ -75.61239, 45.43237 ], [ -75.61239, 45.43237 ], [ -75.61239, 45.43237 ], [ -75.61239, 45.43237 ], [ -75.61239, 45.43237 ], [ -75.61239, 45.43237 ], [ -75.61239, 45.43237 ], [ -75.61239, 45.43237 ], [ -75.61239, 45.43237 ], [ -75.61239, 45.43237 ], [ -75.61239, 45.43237 ], [ -75.61239, 45.43237 ], [ -75.61239, 45.43237 ], [ -75.61239, 45.43237 ], [ -75.61239, 45.43237 ], [ -75.61239, 45.43237 ], [ -75.612298, 45.432397 ], [ -75.613101, 45.433542 ], [ -75.601062, 45.438437 ], [ -75.59872, 45.4395 ], [ -75.597787, 45.440097 ], [ -75.597247, 45.441273 ], [ -75.59737, 45.44247 ], [ -75.59714, 45.44318 ], [ -75.59667, 45.44364 ], [ -75.593949, 45.4454 ], [ -75.593598, 45.446065 ], [ -75.59371, 45.44663 ], [ -75.594775, 45.44876 ], [ -75.59512, 45.44899 ], [ -75.59593, 45.45007 ], [ -75.596857, 45.452582 ], [ -75.597214, 45.453117 ], [ -75.597803, 45.452972 ] ] } },
{ "type": "Feature", "properties": { "route_id": "24", "route_long_name": "Beacon Hill - St-Laurent" }, "geometry": { "type": "LineString", "coordinates": [ [ -75.608977, 45.430942 ], [ -75.607384, 45.432115 ], [ -75.607588, 45.432379 ], [ -75.607352, 45.432688 ], [ -75.607846, 45.432906 ], [ -75.608082, 45.432838 ], [ -75.608125, 45.432515 ], [ -75.607577, 45.432319 ], [ -75.607567, 45.432138 ], [ -75.608865, 45.43121 ], [ -75.610002, 45.430843 ], [ -75.610088, 45.430986 ], [ -75.61108, 45.43078 ], [ -75.61214, 45.43118 ], [ -75.61194, 45.43144 ], [ -75.61196, 45.43174 ], [ -75.613001, 45.433565 ], [ -75.603998, 45.437192 ], [ -75.59824, 45.43977 ], [ -75.597787, 45.440097 ], [ -75.59734, 45.44097 ], [ -75.59736, 45.44256 ], [ -75.59706, 45.44329 ], [ -75.593949, 45.4454 ], [ -75.593718, 45.445694 ], [ -75.593598, 45.446065 ], [ -75.59371, 45.44663 ], [ -75.594775, 45.44876 ], [ -75.59512, 45.44899 ], [ -75.59593, 45.45007 ], [ -75.596857, 45.452582 ], [ -75.597214, 45.453117 ], [ -75.597803, 45.452972 ] ] } },
{ "type": "Feature", "properties": { "route_id": "24", "route_long_name": "Beacon Hill - St-Laurent" }, "geometry": { "type": "LineString", "coordinates": [ [ -75.636505, 45.42074 ], [ -75.6362, 45.42069 ], [ -75.63899, 45.42047 ], [ -75.6376, 45.42092 ], [ -75.63497, 45.42097 ], [ -75.63449, 45.42122 ], [ -75.63456, 45.42155 ], [ -75.63479, 45.42163 ], [ -75.63553, 45.42127 ], [ -75.63702, 45.42388 ], [ -75.63671, 45.42428 ], [ -75.63103, 45.4263 ], [ -75.613159, 45.43348 ], [ -75.612743, 45.432905 ], [ -75.612444, 45.432473 ], [ -75.612444, 45.432473 ], [ -75.612444, 45.432473 ], [ -75.612444, 45.432473 ], [ -75.612444, 45.432473 ], [ -75.612444, 45.432473 ], [ -75.612444, 45.432473 ], [ -75.612444, 45.432473 ], [ -75.612444, 45.432473 ], [ -75.612444, 45.432473 ], [ -75.612444, 45.432473 ], [ -75.612444, 45.432473 ], [ -75.612444, 45.432473 ], [ -75.612444, 45.432473 ], [ -75.612444, 45.432473 ], [ -75.612444, 45.432473 ], [ -75.612444, 45.432473 ], [ -75.612444, 45.432473 ], [ -75.612444, 45.432473 ], [ -75.612444, 45.432473 ], [ -75.612444, 45.432473 ], [ -75.612444, 45.432473 ], [ -75.612444, 45.432473 ], [ -75.612444, 45.432473 ], [ -75.612444, 45.432473 ], [ -75.612444, 45.432473 ], [ -75.612444, 45.432473 ], [ -75.612444, 45.432473 ], [ -75.612444, 45.432473 ], [ -75.612444, 45.432473 ], [ -75.612345, 45.432328 ], [ -75.611947, 45.431752 ], [ -75.611947, 45.431752 ], [ -75.611947, 45.431752 ], [ -75.611947, 45.431752 ], [ -75.611947, 45.431752 ], [ -75.611947, 45.431752 ], [ -75.611947, 45.431752 ], [ -75.611947, 45.431752 ], [ -75.611947, 45.431752 ], [ -75.611947, 45.431752 ], [ -75.611947, 45.431752 ], [ -75.611947, 45.431752 ], [ -75.611947, 45.431752 ], [ -75.611947, 45.431752 ], [ -75.611947, 45.431752 ], [ -75.611947, 45.431752 ], [ -75.611947, 45.431752 ], [ -75.611947, 45.431752 ], [ -75.611947, 45.431752 ], [ -75.611947, 45.431752 ], [ -75.611947, 45.431752 ], [ -75.611947, 45.431752 ], [ -75.611947, 45.431752 ], [ -75.611947, 45.431752 ], [ -75.611947, 45.431752 ], [ -75.611947, 45.431752 ], [ -75.611947, 45.431752 ], [ -75.611947, 45.431752 ], [ -75.611947, 45.431752 ], [ -75.611947, 45.431752 ], [ -75.611947, 45.431607 ], [ -75.611947, 45.431462 ], [ -75.612156, 45.431199 ], [ -75.612156, 45.431199 ], [ -75.612156, 45.431199 ], [ -75.612156, 45.431199 ], [ -75.612156, 45.431199 ], [ -75.612156, 45.431199 ], [ -75.612156, 45.431199 ], [ -75.612156, 45.431199 ], [ -75.612156, 45.431199 ], [ -75.612156, 45.431199 ], [ -75.612156, 45.431199 ], [ -75.612156, 45.431199 ], [ -75.612156, 45.431199 ], [ -75.612156, 45.431199 ], [ -75.612156, 45.431199 ], [ -75.612156, 45.431199 ], [ -75.612156, 45.431199 ], [ -75.612156, 45.431199 ], [ -75.612156, 45.431199 ], [ -75.612156, 45.431199 ], [ -75.612156, 45.431199 ], [ -75.612156, 45.431199 ], [ -75.612156, 45.431199 ], [ -75.612156, 45.431199 ], [ -75.612156, 45.431199 ], [ -75.612156, 45.431199 ], [ -75.612156, 45.431199 ], [ -75.612156, 45.431199 ], [ -75.612156, 45.431199 ], [ -75.612156, 45.431199 ], [ -75.611923, 45.431101 ], [ -75.611689, 45.431003 ], [ -75.611456, 45.430905 ], [ -75.611456, 45.430905 ], [ -75.611456, 45.430905 ], [ -75.611456, 45.430905 ], [ -75.611456, 45.430905 ], [ -75.611456, 45.430905 ], [ -75.611456, 45.430905 ], [ -75.611456, 45.430905 ], [ -75.611456, 45.430905 ], [ -75.611456, 45.430905 ], [ -75.611456, 45.430905 ], [ -75.611456, 45.430905 ], [ -75.611456, 45.430905 ], [ -75.611456, 45.430905 ], [ -75.611456, 45.430905 ], [ -75.611456, 45.430905 ], [ -75.611456, 45.430905 ], [ -75.611456, 45.430905 ], [ -75.611456, 45.430905 ], [ -75.611456, 45.430905 ], [ -75.611456, 45.430905 ], [ -75.611456, 45.430905 ], [ -75.611456, 45.430905 ], [ -75.611456, 45.430905 ], [ -75.611456, 45.430905 ], [ -75.611456, 45.430905 ], [ -75.611456, 45.430905 ], [ -75.611456, 45.430905 ], [ -75.611456, 45.430905 ], [ -75.611456, 45.430905 ], [ -75.611222, 45.430807 ], [ -75.611222, 45.430807 ], [ -75.611222, 45.430807 ], [ -75.611222, 45.430807 ], [ -75.611222, 45.430807 ], [ -75.611222, 45.430807 ], [ -75.611222, 45.430807 ], [ -75.611222, 45.430807 ], [ -75.611222, 45.430807 ], [ -75.611222, 45.430807 ], [ -75.611222, 45.430807 ], [ -75.611222, 45.430807 ], [ -75.611222, 45.430807 ], [ -75.611222, 45.430807 ], [ -75.611222, 45.430807 ], [ -75.611222, 45.430807 ], [ -75.611222, 45.430807 ], [ -75.611222, 45.430807 ], [ -75.611222, 45.430807 ], [ -75.611222, 45.430807 ], [ -75.611222, 45.430807 ], [ -75.611222, 45.430807 ], [ -75.611222, 45.430807 ], [ -75.611222, 45.430807 ], [ -75.611222, 45.430807 ], [ -75.611222, 45.430807 ], [ -75.611222, 45.430807 ], [ -75.611222, 45.430807 ], [ -75.611222, 45.430807 ], [ -75.611222, 45.430807 ], [ -75.61108, 45.430792 ], [ -75.61108, 45.430792 ], [ -75.61108, 45.430792 ], [ -75.61108, 45.430792 ], [ -75.61108, 45.430792 ], [ -75.61108, 45.430792 ], [ -75.61108, 45.430792 ], [ -75.61108, 45.430792 ], [ -75.61108, 45.430792 ], [ -75.61108, 45.430792 ], [ -75.61108, 45.430792 ], [ -75.61108, 45.430792 ], [ -75.61108, 45.430792 ], [ -75.61108, 45.430792 ], [ -75.61108, 45.430792 ], [ -75.61108, 45.430792 ], [ -75.61108, 45.430792 ], [ -75.61108, 45.430792 ], [ -75.61108, 45.430792 ], [ -75.61108, 45.430792 ], [ -75.61108, 45.430792 ], [ -75.61108, 45.430792 ], [ -75.61108, 45.430792 ], [ -75.61108, 45.430792 ], [ -75.61108, 45.430792 ], [ -75.61108, 45.430792 ], [ -75.61108, 45.430792 ], [ -75.61108, 45.430792 ], [ -75.61108, 45.430792 ], [ -75.61108, 45.430792 ], [ -75.610938, 45.430777 ], [ -75.610938, 45.430777 ], [ -75.610938, 45.430777 ], [ -75.610938, 45.430777 ], [ -75.610938, 45.430777 ], [ -75.610938, 45.430777 ], [ -75.610938, 45.430777 ], [ -75.610938, 45.430777 ], [ -75.610938, 45.430777 ], [ -75.610938, 45.430777 ], [ -75.610938, 45.430777 ], [ -75.610938, 45.430777 ], [ -75.610938, 45.430777 ], [ -75.610938, 45.430777 ], [ -75.610938, 45.430777 ], [ -75.610938, 45.430777 ], [ -75.610938, 45.430777 ], [ -75.610938, 45.430777 ], [ -75.610938, 45.430777 ], [ -75.610938, 45.430777 ], [ -75.610938, 45.430777 ], [ -75.610938, 45.430777 ], [ -75.610938, 45.430777 ], [ -75.610938, 45.430777 ], [ -75.610938, 45.430777 ], [ -75.610938, 45.430777 ], [ -75.610938, 45.430777 ], [ -75.610938, 45.430777 ], [ -75.610938, 45.430777 ], [ -75.610938, 45.430777 ], [ -75.610718, 45.430799 ], [ -75.610718, 45.430799 ], [ -75.610718, 45.430799 ], [ -75.610718, 45.430799 ], [ -75.610718, 45.430799 ], [ -75.610718, 45.430799 ], [ -75.610718, 45.430799 ], [ -75.610718, 45.430799 ], [ -75.610718, 45.430799 ], [ -75.610718, 45.430799 ], [ -75.610718, 45.430799 ], [ -75.610718, 45.430799 ], [ -75.610718, 45.430799 ], [ -75.610718, 45.430799 ], [ -75.610718, 45.430799 ], [ -75.610718, 45.430799 ], [ -75.610718, 45.430799 ], [ -75.610718, 45.430799 ], [ -75.610718, 45.430799 ], [ -75.610718, 45.430799 ], [ -75.610718, 45.430799 ], [ -75.610718, 45.430799 ], [ -75.610718, 45.430799 ], [ -75.610718, 45.430799 ], [ -75.610718, 45.430799 ], [ -75.610718, 45.430799 ], [ -75.610718, 45.430799 ], [ -75.610718, 45.430799 ], [ -75.610718, 45.430799 ], [ -75.610718, 45.430799 ], [ -75.610498, 45.430822 ], [ -75.610166, 45.43095 ], [ -75.609844, 45.430589 ], [ -75.609517, 45.430596 ], [ -75.607384, 45.432115 ], [ -75.607588, 45.432379 ], [ -75.607352, 45.432688 ], [ -75.607846, 45.432906 ], [ -75.608082, 45.432838 ], [ -75.608125, 45.432515 ], [ -75.607577, 45.432319 ], [ -75.607567, 45.432138 ], [ -75.608865, 45.43121 ], [ -75.610002, 45.430843 ], [ -75.610088, 45.430986 ], [ -75.61051, 45.43083 ], [ -75.61065, 45.43081 ], [ -75.61065, 45.43081 ], [ -75.61065, 45.43081 ], [ -75.61065, 45.43081 ], [ -75.61065, 45.43081 ], [ -75.61065, 45.43081 ], [ -75.61065, 45.43081 ], [ -75.61065, 45.43081 ], [ -75.61065, 45.43081 ], [ -75.61065, 45.43081 ], [ -75.61065, 45.43081 ], [ -75.61065, 45.43081 ], [ -75.61065, 45.43081 ], [ -75.61065, 45.43081 ], [ -75.61065, 45.43081 ], [ -75.61065, 45.43081 ], [ -75.61065, 45.43081 ], [ -75.61065, 45.43081 ], [ -75.61065, 45.43081 ], [ -75.61065, 45.43081 ], [ -75.61065, 45.43081 ], [ -75.61065, 45.43081 ], [ -75.61065, 45.43081 ], [ -75.61065, 45.43081 ], [ -75.61065, 45.43081 ], [ -75.61065, 45.43081 ], [ -75.61065, 45.43081 ], [ -75.61065, 45.43081 ], [ -75.61065, 45.43081 ], [ -75.61065, 45.43081 ], [ -75.6108, 45.43078 ], [ -75.6108, 45.43078 ], [ -75.6108, 45.43078 ], [ -75.6108, 45.43078 ], [ -75.6108, 45.43078 ], [ -75.6108, 45.43078 ], [ -75.6108, 45.43078 ], [ -75.6108, 45.43078 ], [ -75.6108, 45.43078 ], [ -75.6108, 45.43078 ], [ -75.6108, 45.43078 ], [ -75.6108, 45.43078 ], [ -75.6108, 45.43078 ], [ -75.6108, 45.43078 ], [ -75.6108, 45.43078 ], [ -75.6108, 45.43078 ], [ -75.6108, 45.43078 ], [ -75.6108, 45.43078 ], [ -75.6108, 45.43078 ], [ -75.6108, 45.43078 ], [ -75.6108, 45.43078 ], [ -75.6108, 45.43078 ], [ -75.6108, 45.43078 ], [ -75.6108, 45.43078 ], [ -75.6108, 45.43078 ], [ -75.6108, 45.43078 ], [ -75.6108, 45.43078 ], [ -75.6108, 45.43078 ], [ -75.6108, 45.43078 ], [ -75.6108, 45.43078 ], [ -75.61093, 45.43078 ], [ -75.61093, 45.43078 ], [ -75.61093, 45.43078 ], [ -75.61093, 45.43078 ], [ -75.61093, 45.43078 ], [ -75.61093, 45.43078 ], [ -75.61093, 45.43078 ], [ -75.61093, 45.43078 ], [ -75.61093, 45.43078 ], [ -75.61093, 45.43078 ], [ -75.61093, 45.43078 ], [ -75.61093, 45.43078 ], [ -75.61093, 45.43078 ], [ -75.61093, 45.43078 ], [ -75.61093, 45.43078 ], [ -75.61093, 45.43078 ], [ -75.61093, 45.43078 ], [ -75.61093, 45.43078 ], [ -75.61093, 45.43078 ], [ -75.61093, 45.43078 ], [ -75.61093, 45.43078 ], [ -75.61093, 45.43078 ], [ -75.61093, 45.43078 ], [ -75.61093, 45.43078 ], [ -75.61093, 45.43078 ], [ -75.61093, 45.43078 ], [ -75.61093, 45.43078 ], [ -75.61093, 45.43078 ], [ -75.61093, 45.43078 ], [ -75.61093, 45.43078 ], [ -75.61108, 45.43078 ], [ -75.61108, 45.43078 ], [ -75.61108, 45.43078 ], [ -75.61108, 45.43078 ], [ -75.61108, 45.43078 ], [ -75.61108, 45.43078 ], [ -75.61108, 45.43078 ], [ -75.61108, 45.43078 ], [ -75.61108, 45.43078 ], [ -75.61108, 45.43078 ], [ -75.61108, 45.43078 ], [ -75.61108, 45.43078 ], [ -75.61108, 45.43078 ], [ -75.61108, 45.43078 ], [ -75.61108, 45.43078 ], [ -75.61108, 45.43078 ], [ -75.61108, 45.43078 ], [ -75.61108, 45.43078 ], [ -75.61108, 45.43078 ], [ -75.61108, 45.43078 ], [ -75.61108, 45.43078 ], [ -75.61108, 45.43078 ], [ -75.61108, 45.43078 ], [ -75.61108, 45.43078 ], [ -75.61108, 45.43078 ], [ -75.61108, 45.43078 ], [ -75.61108, 45.43078 ], [ -75.61108, 45.43078 ], [ -75.61108, 45.43078 ], [ -75.61108, 45.43078 ], [ -75.61122, 45.43081 ], [ -75.61122, 45.43081 ], [ -75.61122, 45.43081 ], [ -75.61122, 45.43081 ], [ -75.61122, 45.43081 ], [ -75.61122, 45.43081 ], [ -75.61122, 45.43081 ], [ -75.61122, 45.43081 ], [ -75.61122, 45.43081 ], [ -75.61122, 45.43081 ], [ -75.61122, 45.43081 ], [ -75.61122, 45.43081 ], [ -75.61122, 45.43081 ], [ -75.61122, 45.43081 ], [ -75.61122, 45.43081 ], [ -75.61122, 45.43081 ], [ -75.61122, 45.43081 ], [ -75.61122, 45.43081 ], [ -75.61122, 45.43081 ], [ -75.61122, 45.43081 ], [ -75.61122, 45.43081 ], [ -75.61122, 45.43081 ], [ -75.61122, 45.43081 ], [ -75.61122, 45.43081 ], [ -75.61122, 45.43081 ], [ -75.61122, 45.43081 ], [ -75.61122, 45.43081 ], [ -75.61122, 45.43081 ], [ -75.61122, 45.43081 ], [ -75.61122, 45.43081 ], [ -75.61136, 45.43086 ], [ -75.61214, 45.43118 ], [ -75.61214, 45.43118 ], [ -75.61214, 45.43118 ], [ -75.61214, 45.43118 ], [ -75.61214, 45.43118 ], [ -75.61214, 45.43118 ], [ -75.61214, 45.43118 ], [ -75.61214, 45.43118 ], [ -75.61214, 45.43118 ], [ -75.61214, 45.43118 ], [ -75.61214, 45.43118 ], [ -75.61214, 45.43118 ], [ -75.61214, 45.43118 ], [ -75.61214, 45.43118 ], [ -75.61214, 45.43118 ], [ -75.61214, 45.43118 ], [ -75.61214, 45.43118 ], [ -75.61214, 45.43118 ], [ -75.61214, 45.43118 ], [ -75.61214, 45.43118 ], [ -75.61214, 45.43118 ], [ -75.61214, 45.43118 ], [ -75.61214, 45.43118 ], [ -75.61214, 45.43118 ], [ -75.61214, 45.43118 ], [ -75.61214, 45.43118 ], [ -75.61214, 45.43118 ], [ -75.61214, 45.43118 ], [ -75.61214, 45.43118 ], [ -75.61214, 45.43118 ], [ -75.61204, 45.43129 ], [ -75.61198, 45.43136 ], [ -75.61194, 45.43144 ], [ -75.61193, 45.43159 ], [ -75.61194, 45.43167 ], [ -75.61194, 45.43167 ], [ -75.61194, 45.43167 ], [ -75.61194, 45.43167 ], [ -75.61194, 45.43167 ], [ -75.61194, 45.43167 ], [ -75.61194, 45.43167 ], [ -75.61194, 45.43167 ], [ -75.61194, 45.43167 ], [ -75.61194, 45.43167 ], [ -75.61194, 45.43167 ], [ -75.61194, 45.43167 ], [ -75.61194, 45.43167 ], [ -75.61194, 45.43167 ], [ -75.61194, 45.43167 ], [ -75.61194, 45.43167 ], [ -75.61194, 45.43167 ], [ -75.61194, 45.43167 ], [ -75.61194, 45.43167 ], [ -75.61194, 45.43167 ], [ -75.61194, 45.43167 ], [ -75.61194, 45.43167 ], [ -75.61194, 45.43167 ], [ -75.61194, 45.43167 ], [ -75.61194, 45.43167 ], [ -75.61194, 45.43167 ], [ -75.61194, 45.43167 ], [ -75.61194, 45.43167 ], [ -75.61194, 45.43167 ], [ -75.61194, 45.43167 ], [ -75.61196, 45.43174 ], [ -75.61239, 45.43237 ], [ -75.61239, 45.43237 ], [ -75.61239, 45.43237 ], [ -75.61239, 45.43237 ], [ -75.61239, 45.43237 ], [ -75.61239, 45.43237 ], [ -75.61239, 45.43237 ], [ -75.61239, 45.43237 ], [ -75.61239, 45.43237 ], [ -75.61239, 45.43237 ], [ -75.61239, 45.43237 ], [ -75.61239, 45.43237 ], [ -75.61239, 45.43237 ], [ -75.61239, 45.43237 ], [ -75.61239, 45.43237 ], [ -75.61239, 45.43237 ], [ -75.61239, 45.43237 ], [ -75.61239, 45.43237 ], [ -75.61239, 45.43237 ], [ -75.61239, 45.43237 ], [ -75.61239, 45.43237 ], [ -75.61239, 45.43237 ], [ -75.61239, 45.43237 ], [ -75.61239, 45.43237 ], [ -75.61239, 45.43237 ], [ -75.61239, 45.43237 ], [ -75.61239, 45.43237 ], [ -75.61239, 45.43237 ], [ -75.61239, 45.43237 ], [ -75.61239, 45.43237 ], [ -75.612298, 45.432397 ], [ -75.613101, 45.433542 ], [ -75.601062, 45.438437 ] ] } },
{ "type": "Feature", "properties": { "route_id": "24", "route_long_name": "Beacon Hill - St-Laurent" }, "geometry": { "type": "LineString", "coordinates": [ [ -75.608977, 45.430942 ], [ -75.607384, 45.432115 ], [ -75.607588, 45.432379 ], [ -75.607352, 45.432688 ], [ -75.607846, 45.432906 ], [ -75.608082, 45.432838 ], [ -75.608125, 45.432515 ], [ -75.607577, 45.432319 ], [ -75.607567, 45.432138 ], [ -75.608865, 45.43121 ], [ -75.610002, 45.430843 ], [ -75.610088, 45.430986 ], [ -75.61108, 45.43078 ], [ -75.61214, 45.43118 ], [ -75.61194, 45.43144 ], [ -75.61196, 45.43174 ], [ -75.61316, 45.43352 ], [ -75.603103, 45.43757 ], [ -75.59824, 45.43977 ], [ -75.597787, 45.440097 ], [ -75.59734, 45.44097 ], [ -75.59736, 45.44256 ], [ -75.59705, 45.44329 ], [ -75.59415, 45.44526 ], [ -75.593598, 45.446065 ], [ -75.59371, 45.44663 ], [ -75.594775, 45.44876 ], [ -75.59526, 45.44912 ], [ -75.59598, 45.45007 ], [ -75.59671, 45.45212 ], [ -75.5986, 45.45566 ], [ -75.598972, 45.456072 ] ] } },
{ "type": "Feature", "properties": { "route_id": "24", "route_long_name": "Beacon Hill - St-Laurent" }, "geometry": { "type": "LineString", "coordinates": [ [ -75.597803, 45.452972 ], [ -75.599583, 45.452463 ], [ -75.60033, 45.4524 ], [ -75.604692, 45.453388 ], [ -75.605973, 45.45565 ], [ -75.605988, 45.457548 ], [ -75.607728, 45.460737 ], [ -75.607665, 45.460895 ], [ -75.606393, 45.461308 ], [ -75.603057, 45.461587 ], [ -75.602578, 45.460878 ], [ -75.597718, 45.461305 ], [ -75.597396, 45.46129 ], [ -75.596937, 45.460823 ], [ -75.59495, 45.457103 ], [ -75.59495, 45.455901 ], [ -75.593555, 45.453418 ], [ -75.593512, 45.453026 ], [ -75.593742, 45.452392 ], [ -75.596325, 45.451677 ], [ -75.59654, 45.451453 ], [ -75.595998, 45.449975 ], [ -75.594973, 45.44864 ], [ -75.593716, 45.446343 ], [ -75.593866, 45.44565 ], [ -75.597127, 45.443243 ], [ -75.597413, 45.44264 ], [ -75.597413, 45.44082 ], [ -75.597715, 45.44032 ], [ -75.598352, 45.439778 ], [ -75.611845, 45.434255 ], [ -75.613162, 45.43353 ], [ -75.612015, 45.431615 ], [ -75.612122, 45.431134 ], [ -75.611006, 45.430712 ], [ -75.610222, 45.430828 ], [ -75.6096, 45.430482 ], [ -75.608977, 45.430942 ] ] } },
{ "type": "Feature", "properties": { "route_id": "24", "route_long_name": "Beacon Hill - St-Laurent" }, "geometry": { "type": "LineString", "coordinates": [ [ -75.597803, 45.452972 ], [ -75.599583, 45.452463 ], [ -75.60033, 45.4524 ], [ -75.604692, 45.453388 ], [ -75.605973, 45.45565 ], [ -75.605988, 45.457548 ], [ -75.607728, 45.460737 ], [ -75.607665, 45.460895 ], [ -75.606393, 45.461308 ], [ -75.603057, 45.461587 ], [ -75.602578, 45.460878 ], [ -75.597396, 45.46129 ], [ -75.596937, 45.460823 ], [ -75.59495, 45.457103 ], [ -75.59495, 45.455901 ], [ -75.593555, 45.453418 ], [ -75.593512, 45.453026 ], [ -75.593742, 45.452392 ], [ -75.593908, 45.452303 ], [ -75.596325, 45.451677 ], [ -75.59654, 45.451453 ], [ -75.595998, 45.449975 ], [ -75.594973, 45.44864 ], [ -75.593716, 45.446343 ], [ -75.593866, 45.44565 ], [ -75.597127, 45.443243 ], [ -75.597413, 45.44264 ], [ -75.597358, 45.441003 ], [ -75.597715, 45.44032 ], [ -75.598518, 45.439683 ], [ -75.60145, 45.438412 ], [ -75.613293, 45.43361 ], [ -75.613293, 45.43361 ], [ -75.613293, 45.43361 ], [ -75.613293, 45.43361 ], [ -75.613293, 45.43361 ], [ -75.613293, 45.43361 ], [ -75.613293, 45.43361 ], [ -75.613293, 45.43361 ], [ -75.613293, 45.43361 ], [ -75.613293, 45.43361 ], [ -75.613293, 45.43361 ], [ -75.613293, 45.43361 ], [ -75.613293, 45.43361 ], [ -75.613293, 45.43361 ], [ -75.613293, 45.43361 ], [ -75.613293, 45.43361 ], [ -75.613293, 45.43361 ], [ -75.613293, 45.43361 ], [ -75.613293, 45.43361 ], [ -75.613293, 45.43361 ], [ -75.613293, 45.43361 ], [ -75.613293, 45.43361 ], [ -75.613293, 45.43361 ], [ -75.613293, 45.43361 ], [ -75.613293, 45.43361 ], [ -75.613293, 45.43361 ], [ -75.613293, 45.43361 ], [ -75.613293, 45.43361 ], [ -75.613293, 45.43361 ], [ -75.613293, 45.43361 ], [ -75.613293, 45.43361 ], [ -75.613293, 45.43361 ], [ -75.613293, 45.43361 ], [ -75.613293, 45.43361 ], [ -75.613293, 45.43361 ], [ -75.613293, 45.43361 ], [ -75.613293, 45.43361 ], [ -75.613293, 45.43361 ], [ -75.613293, 45.43361 ], [ -75.613293, 45.43361 ], [ -75.613293, 45.43361 ], [ -75.613293, 45.43361 ], [ -75.613293, 45.43361 ], [ -75.613293, 45.43361 ], [ -75.613293, 45.43361 ], [ -75.613293, 45.43361 ], [ -75.613293, 45.43361 ], [ -75.613293, 45.43361 ], [ -75.613293, 45.43361 ], [ -75.613293, 45.43361 ], [ -75.613293, 45.43361 ], [ -75.613293, 45.43361 ], [ -75.613293, 45.43361 ], [ -75.613293, 45.43361 ], [ -75.613293, 45.43361 ], [ -75.613293, 45.43361 ], [ -75.613293, 45.43361 ], [ -75.613293, 45.43361 ], [ -75.613293, 45.43361 ], [ -75.613293, 45.43361 ], [ -75.613293, 45.43361 ], [ -75.613293, 45.43361 ], [ -75.613293, 45.43361 ], [ -75.613293, 45.43361 ], [ -75.613293, 45.43361 ], [ -75.613293, 45.43361 ], [ -75.613293, 45.43361 ], [ -75.613293, 45.43361 ], [ -75.613293, 45.43361 ], [ -75.613293, 45.43361 ], [ -75.613293, 45.43361 ], [ -75.613293, 45.43361 ], [ -75.613293, 45.43361 ], [ -75.613293, 45.43361 ], [ -75.613293, 45.43361 ], [ -75.613293, 45.43361 ], [ -75.613293, 45.43361 ], [ -75.613293, 45.43361 ], [ -75.613293, 45.43361 ], [ -75.613293, 45.43361 ], [ -75.613293, 45.43361 ], [ -75.613293, 45.43361 ], [ -75.613293, 45.43361 ], [ -75.613293, 45.43361 ], [ -75.613293, 45.43361 ], [ -75.613293, 45.43361 ], [ -75.613293, 45.43361 ], [ -75.613293, 45.43361 ], [ -75.613293, 45.43361 ], [ -75.613293, 45.43361 ], [ -75.613293, 45.43361 ], [ -75.613293, 45.43361 ], [ -75.613293, 45.43361 ], [ -75.613293, 45.43361 ], [ -75.613293, 45.43361 ], [ -75.613293, 45.43361 ], [ -75.613293, 45.43361 ], [ -75.613293, 45.43361 ], [ -75.613293, 45.43361 ], [ -75.613293, 45.43361 ], [ -75.613293, 45.43361 ], [ -75.613293, 45.43361 ], [ -75.613293, 45.43361 ], [ -75.613293, 45.43361 ], [ -75.613293, 45.43361 ], [ -75.613293, 45.43361 ], [ -75.613293, 45.43361 ], [ -75.613293, 45.43361 ], [ -75.613293, 45.43361 ], [ -75.613293, 45.43361 ], [ -75.613293, 45.43361 ], [ -75.613293, 45.43361 ], [ -75.613293, 45.43361 ], [ -75.613293, 45.43361 ], [ -75.613293, 45.43361 ], [ -75.613293, 45.43361 ], [ -75.613293, 45.43361 ], [ -75.613293, 45.43361 ], [ -75.613293, 45.43361 ], [ -75.613293, 45.43361 ], [ -75.613293, 45.43361 ], [ -75.613293, 45.43361 ], [ -75.613293, 45.43361 ], [ -75.613293, 45.43361 ], [ -75.613293, 45.43361 ], [ -75.613293, 45.43361 ], [ -75.613293, 45.43361 ], [ -75.613293, 45.43361 ], [ -75.613293, 45.43361 ], [ -75.613293, 45.43361 ], [ -75.613293, 45.43361 ], [ -75.613293, 45.43361 ], [ -75.613293, 45.43361 ], [ -75.613293, 45.43361 ], [ -75.613293, 45.43361 ], [ -75.613293, 45.43361 ], [ -75.613293, 45.43361 ], [ -75.613293, 45.43361 ], [ -75.613293, 45.43361 ], [ -75.613293, 45.43361 ], [ -75.613293, 45.43361 ], [ -75.613293, 45.43361 ], [ -75.613293, 45.43361 ], [ -75.613293, 45.43361 ], [ -75.613293, 45.43361 ], [ -75.613293, 45.43361 ], [ -75.613293, 45.43361 ], [ -75.613293, 45.43361 ], [ -75.613293, 45.43361 ], [ -75.613293, 45.43361 ], [ -75.613293, 45.43361 ], [ -75.613293, 45.43361 ], [ -75.613293, 45.43361 ], [ -75.613293, 45.43361 ], [ -75.613293, 45.43361 ], [ -75.613293, 45.43361 ], [ -75.613293, 45.43361 ], [ -75.613293, 45.43361 ], [ -75.613293, 45.43361 ], [ -75.613293, 45.43361 ], [ -75.613293, 45.43361 ], [ -75.613293, 45.43361 ], [ -75.613293, 45.43361 ], [ -75.613293, 45.43361 ], [ -75.613293, 45.43361 ], [ -75.613293, 45.43361 ], [ -75.613293, 45.43361 ], [ -75.613293, 45.43361 ], [ -75.613293, 45.43361 ], [ -75.613293, 45.43361 ], [ -75.613293, 45.43361 ], [ -75.613293, 45.43361 ], [ -75.613293, 45.43361 ], [ -75.613293, 45.43361 ], [ -75.613293, 45.43361 ], [ -75.613293, 45.43361 ], [ -75.613293, 45.43361 ], [ -75.613293, 45.43361 ], [ -75.613293, 45.43361 ], [ -75.613293, 45.43361 ], [ -75.613293, 45.43361 ], [ -75.613293, 45.43361 ], [ -75.613293, 45.43361 ], [ -75.613293, 45.43361 ], [ -75.613293, 45.43361 ], [ -75.613293, 45.43361 ], [ -75.613293, 45.43361 ], [ -75.613293, 45.43361 ], [ -75.613293, 45.43361 ], [ -75.613293, 45.43361 ], [ -75.613293, 45.43361 ], [ -75.613293, 45.43361 ], [ -75.613293, 45.43361 ], [ -75.613293, 45.43361 ], [ -75.613293, 45.43361 ], [ -75.613293, 45.43361 ], [ -75.613293, 45.43361 ], [ -75.613293, 45.43361 ], [ -75.613293, 45.43361 ], [ -75.613293, 45.43361 ], [ -75.613293, 45.43361 ], [ -75.613293, 45.43361 ], [ -75.613293, 45.43361 ], [ -75.613293, 45.43361 ], [ -75.613293, 45.43361 ], [ -75.613293, 45.43361 ], [ -75.613293, 45.43361 ], [ -75.613293, 45.43361 ], [ -75.613293, 45.43361 ], [ -75.613293, 45.43361 ], [ -75.613293, 45.43361 ], [ -75.613293, 45.43361 ], [ -75.613293, 45.43361 ], [ -75.613293, 45.43361 ], [ -75.613293, 45.43361 ], [ -75.613293, 45.43361 ], [ -75.613293, 45.43361 ], [ -75.613293, 45.43361 ], [ -75.613293, 45.43361 ], [ -75.613293, 45.43361 ], [ -75.613293, 45.43361 ], [ -75.613293, 45.43361 ], [ -75.613293, 45.43361 ], [ -75.613293, 45.43361 ], [ -75.613293, 45.43361 ], [ -75.613293, 45.43361 ], [ -75.613293, 45.43361 ], [ -75.613293, 45.43361 ], [ -75.613293, 45.43361 ], [ -75.613293, 45.43361 ], [ -75.613293, 45.43361 ], [ -75.613293, 45.43361 ], [ -75.613293, 45.43361 ], [ -75.613293, 45.43361 ], [ -75.613293, 45.43361 ], [ -75.613293, 45.43361 ], [ -75.613293, 45.43361 ], [ -75.613293, 45.43361 ], [ -75.613293, 45.43361 ], [ -75.613293, 45.43361 ], [ -75.613293, 45.43361 ], [ -75.613293, 45.43361 ], [ -75.613293, 45.43361 ], [ -75.613293, 45.43361 ], [ -75.613293, 45.43361 ], [ -75.613293, 45.43361 ], [ -75.613293, 45.43361 ], [ -75.613293, 45.43361 ], [ -75.613293, 45.43361 ], [ -75.613293, 45.43361 ], [ -75.613293, 45.43361 ], [ -75.613293, 45.43361 ], [ -75.613293, 45.43361 ], [ -75.613293, 45.43361 ], [ -75.613293, 45.43361 ], [ -75.613293, 45.43361 ], [ -75.613293, 45.43361 ], [ -75.613293, 45.43361 ], [ -75.613293, 45.43361 ], [ -75.613293, 45.43361 ], [ -75.613293, 45.43361 ], [ -75.613293, 45.43361 ], [ -75.613293, 45.43361 ], [ -75.613293, 45.43361 ], [ -75.613293, 45.43361 ], [ -75.613293, 45.43361 ], [ -75.613293, 45.43361 ], [ -75.613293, 45.43361 ], [ -75.613293, 45.43361 ], [ -75.613293, 45.43361 ], [ -75.613293, 45.43361 ], [ -75.613293, 45.43361 ], [ -75.613293, 45.43361 ], [ -75.613293, 45.43361 ], [ -75.613293, 45.43361 ], [ -75.613293, 45.43361 ], [ -75.613293, 45.43361 ], [ -75.613293, 45.43361 ], [ -75.613293, 45.43361 ], [ -75.613293, 45.43361 ], [ -75.613293, 45.43361 ], [ -75.613293, 45.43361 ], [ -75.613293, 45.43361 ], [ -75.613293, 45.43361 ], [ -75.613293, 45.43361 ], [ -75.613293, 45.43361 ], [ -75.613293, 45.43361 ], [ -75.613293, 45.43361 ], [ -75.613293, 45.43361 ], [ -75.613293, 45.43361 ], [ -75.613293, 45.43361 ], [ -75.613293, 45.43361 ], [ -75.613293, 45.43361 ], [ -75.613293, 45.43361 ], [ -75.613293, 45.43361 ], [ -75.613293, 45.43361 ], [ -75.613293, 45.43361 ], [ -75.613293, 45.43361 ], [ -75.613293, 45.43361 ], [ -75.613293, 45.43361 ], [ -75.613293, 45.43361 ], [ -75.613293, 45.43361 ], [ -75.613293, 45.43361 ], [ -75.613293, 45.43361 ], [ -75.613293, 45.43361 ], [ -75.613293, 45.43361 ], [ -75.613293, 45.43361 ], [ -75.613293, 45.43361 ], [ -75.613293, 45.43361 ], [ -75.613293, 45.43361 ], [ -75.613293, 45.43361 ], [ -75.613293, 45.43361 ], [ -75.613293, 45.43361 ], [ -75.613293, 45.43361 ], [ -75.613293, 45.43361 ], [ -75.613293, 45.43361 ], [ -75.613293, 45.43361 ], [ -75.613293, 45.43361 ], [ -75.613293, 45.43361 ], [ -75.613293, 45.43361 ], [ -75.613293, 45.43361 ], [ -75.613293, 45.43361 ], [ -75.613293, 45.43361 ], [ -75.613293, 45.43361 ], [ -75.613293, 45.43361 ], [ -75.613293, 45.43361 ], [ -75.613293, 45.43361 ], [ -75.613293, 45.43361 ], [ -75.613293, 45.43361 ], [ -75.613293, 45.43361 ], [ -75.613293, 45.43361 ], [ -75.613293, 45.43361 ], [ -75.613293, 45.43361 ], [ -75.613293, 45.43361 ], [ -75.613293, 45.43361 ], [ -75.613293, 45.43361 ], [ -75.613293, 45.43361 ], [ -75.613293, 45.43361 ], [ -75.613293, 45.43361 ], [ -75.613293, 45.43361 ], [ -75.613293, 45.43361 ], [ -75.613293, 45.43361 ], [ -75.613293, 45.43361 ], [ -75.613293, 45.43361 ], [ -75.613293, 45.43361 ], [ -75.613293, 45.43361 ], [ -75.613293, 45.43361 ], [ -75.613293, 45.43361 ], [ -75.613293, 45.43361 ], [ -75.613293, 45.43361 ], [ -75.613293, 45.43361 ], [ -75.613293, 45.43361 ], [ -75.613293, 45.43361 ], [ -75.613293, 45.43361 ], [ -75.613293, 45.43361 ], [ -75.613293, 45.43361 ], [ -75.613293, 45.43361 ], [ -75.613293, 45.43361 ], [ -75.613293, 45.43361 ], [ -75.613293, 45.43361 ], [ -75.613293, 45.43361 ], [ -75.613293, 45.43361 ], [ -75.613293, 45.43361 ], [ -75.613293, 45.43361 ], [ -75.613293, 45.43361 ], [ -75.613293, 45.43361 ], [ -75.613293, 45.43361 ], [ -75.613293, 45.43361 ], [ -75.613293, 45.43361 ], [ -75.613293, 45.43361 ], [ -75.613293, 45.43361 ], [ -75.613293, 45.43361 ], [ -75.613293, 45.43361 ], [ -75.613293, 45.43361 ], [ -75.613293, 45.43361 ], [ -75.613293, 45.43361 ], [ -75.613293, 45.43361 ], [ -75.613293, 45.43361 ], [ -75.613293, 45.43361 ], [ -75.613293, 45.43361 ], [ -75.613293, 45.43361 ], [ -75.613293, 45.43361 ], [ -75.613293, 45.43361 ], [ -75.613293, 45.43361 ], [ -75.613293, 45.43361 ], [ -75.613293, 45.43361 ], [ -75.613293, 45.43361 ], [ -75.613293, 45.43361 ], [ -75.613293, 45.43361 ], [ -75.613293, 45.43361 ], [ -75.613293, 45.43361 ], [ -75.613293, 45.43361 ], [ -75.613293, 45.43361 ], [ -75.613293, 45.43361 ], [ -75.613293, 45.43361 ], [ -75.613293, 45.43361 ], [ -75.613293, 45.43361 ], [ -75.613293, 45.43361 ], [ -75.613293, 45.43361 ], [ -75.613293, 45.43361 ], [ -75.613293, 45.43361 ], [ -75.613293, 45.43361 ], [ -75.613293, 45.43361 ], [ -75.613293, 45.43361 ], [ -75.613293, 45.43361 ], [ -75.613293, 45.43361 ], [ -75.613293, 45.43361 ], [ -75.613293, 45.43361 ], [ -75.613293, 45.43361 ], [ -75.613293, 45.43361 ], [ -75.613293, 45.43361 ], [ -75.613293, 45.43361 ], [ -75.613293, 45.43361 ], [ -75.613293, 45.43361 ], [ -75.613293, 45.43361 ], [ -75.613293, 45.43361 ], [ -75.613293, 45.43361 ], [ -75.613293, 45.43361 ], [ -75.613293, 45.43361 ], [ -75.613293, 45.43361 ], [ -75.613293, 45.43361 ], [ -75.613293, 45.43361 ], [ -75.613293, 45.43361 ], [ -75.613293, 45.43361 ], [ -75.613293, 45.43361 ], [ -75.613293, 45.43361 ], [ -75.613293, 45.43361 ], [ -75.613293, 45.43361 ], [ -75.613293, 45.43361 ], [ -75.613293, 45.43361 ], [ -75.613293, 45.43361 ], [ -75.613293, 45.43361 ], [ -75.613293, 45.43361 ], [ -75.613293, 45.43361 ], [ -75.613293, 45.43361 ], [ -75.613293, 45.43361 ], [ -75.613293, 45.43361 ], [ -75.613293, 45.43361 ], [ -75.613293, 45.43361 ], [ -75.613293, 45.43361 ], [ -75.613293, 45.43361 ], [ -75.613293, 45.43361 ], [ -75.613293, 45.43361 ], [ -75.613293, 45.43361 ], [ -75.613293, 45.43361 ], [ -75.613293, 45.43361 ], [ -75.613293, 45.43361 ], [ -75.613293, 45.43361 ], [ -75.613293, 45.43361 ], [ -75.613293, 45.43361 ], [ -75.613293, 45.43361 ], [ -75.613293, 45.43361 ], [ -75.613293, 45.43361 ], [ -75.613293, 45.43361 ], [ -75.613293, 45.43361 ], [ -75.613293, 45.43361 ], [ -75.613293, 45.43361 ], [ -75.613293, 45.43361 ], [ -75.613293, 45.43361 ], [ -75.613293, 45.43361 ], [ -75.613293, 45.43361 ], [ -75.613293, 45.43361 ], [ -75.613293, 45.43361 ], [ -75.613293, 45.43361 ], [ -75.613293, 45.43361 ], [ -75.613293, 45.43361 ], [ -75.613293, 45.43361 ], [ -75.613293, 45.43361 ], [ -75.613293, 45.43361 ], [ -75.613293, 45.43361 ], [ -75.613293, 45.43361 ], [ -75.613293, 45.43361 ], [ -75.613293, 45.43361 ], [ -75.613293, 45.43361 ], [ -75.613293, 45.43361 ], [ -75.613293, 45.43361 ], [ -75.613293, 45.43361 ], [ -75.613293, 45.43361 ], [ -75.613293, 45.43361 ], [ -75.613293, 45.43361 ], [ -75.613293, 45.43361 ], [ -75.613293, 45.43361 ], [ -75.613293, 45.43361 ], [ -75.613293, 45.43361 ], [ -75.613293, 45.43361 ], [ -75.613293, 45.43361 ], [ -75.613293, 45.43361 ], [ -75.613293, 45.43361 ], [ -75.613293, 45.43361 ], [ -75.613293, 45.43361 ], [ -75.613293, 45.43361 ], [ -75.613293, 45.43361 ], [ -75.613293, 45.43361 ], [ -75.613293, 45.43361 ], [ -75.613293, 45.43361 ], [ -75.613293, 45.43361 ], [ -75.613293, 45.43361 ], [ -75.613293, 45.43361 ], [ -75.613293, 45.43361 ], [ -75.613293, 45.43361 ], [ -75.613293, 45.43361 ], [ -75.613293, 45.43361 ], [ -75.613293, 45.43361 ], [ -75.613293, 45.43361 ], [ -75.613293, 45.43361 ], [ -75.613293, 45.43361 ], [ -75.613293, 45.43361 ], [ -75.613293, 45.43361 ], [ -75.613293, 45.43361 ], [ -75.613293, 45.43361 ], [ -75.613293, 45.43361 ], [ -75.613293, 45.43361 ], [ -75.613293, 45.43361 ], [ -75.613293, 45.43361 ], [ -75.613293, 45.43361 ], [ -75.613293, 45.43361 ], [ -75.613293, 45.43361 ], [ -75.613293, 45.43361 ], [ -75.613293, 45.43361 ], [ -75.613293, 45.43361 ], [ -75.613293, 45.43361 ], [ -75.613293, 45.43361 ], [ -75.613293, 45.43361 ], [ -75.613293, 45.43361 ], [ -75.613293, 45.43361 ], [ -75.613293, 45.43361 ], [ -75.613293, 45.43361 ], [ -75.613293, 45.43361 ], [ -75.613293, 45.43361 ], [ -75.613293, 45.43361 ], [ -75.613293, 45.43361 ], [ -75.613293, 45.43361 ], [ -75.613293, 45.43361 ], [ -75.613293, 45.43361 ], [ -75.613293, 45.43361 ], [ -75.613293, 45.43361 ], [ -75.613293, 45.43361 ], [ -75.613293, 45.43361 ], [ -75.613293, 45.43361 ], [ -75.613293, 45.43361 ], [ -75.613293, 45.43361 ], [ -75.613293, 45.43361 ], [ -75.613293, 45.43361 ], [ -75.613293, 45.43361 ], [ -75.613293, 45.43361 ], [ -75.613293, 45.43361 ], [ -75.613293, 45.43361 ], [ -75.613293, 45.43361 ], [ -75.613293, 45.43361 ], [ -75.613293, 45.43361 ], [ -75.613293, 45.43361 ], [ -75.613293, 45.43361 ], [ -75.613293, 45.43361 ], [ -75.613293, 45.43361 ], [ -75.613293, 45.43361 ], [ -75.613293, 45.43361 ], [ -75.613293, 45.43361 ], [ -75.613293, 45.43361 ], [ -75.613293, 45.43361 ], [ -75.613293, 45.43361 ], [ -75.613293, 45.43361 ], [ -75.613293, 45.43361 ], [ -75.613293, 45.43361 ], [ -75.613293, 45.43361 ], [ -75.613293, 45.43361 ], [ -75.613293, 45.43361 ], [ -75.613293, 45.43361 ], [ -75.613293, 45.43361 ], [ -75.613293, 45.43361 ], [ -75.613293, 45.43361 ], [ -75.613293, 45.43361 ], [ -75.613293, 45.43361 ], [ -75.613293, 45.43361 ], [ -75.613293, 45.43361 ], [ -75.613293, 45.43361 ], [ -75.613293, 45.43361 ], [ -75.613293, 45.43361 ], [ -75.613293, 45.43361 ], [ -75.613293, 45.43361 ], [ -75.613293, 45.43361 ], [ -75.613293, 45.43361 ], [ -75.613293, 45.43361 ], [ -75.613293, 45.43361 ], [ -75.613293, 45.43361 ], [ -75.613293, 45.43361 ], [ -75.613293, 45.43361 ], [ -75.613293, 45.43361 ], [ -75.613293, 45.43361 ], [ -75.613293, 45.43361 ], [ -75.613293, 45.43361 ], [ -75.613293, 45.43361 ], [ -75.613293, 45.43361 ], [ -75.613293, 45.43361 ], [ -75.613293, 45.43361 ], [ -75.613293, 45.43361 ], [ -75.613293, 45.43361 ], [ -75.613293, 45.43361 ], [ -75.613293, 45.43361 ], [ -75.613293, 45.43361 ], [ -75.613293, 45.43361 ], [ -75.613293, 45.43361 ], [ -75.613293, 45.43361 ], [ -75.613293, 45.43361 ], [ -75.613293, 45.43361 ], [ -75.613293, 45.43361 ], [ -75.613293, 45.43361 ], [ -75.613293, 45.43361 ], [ -75.613293, 45.43361 ], [ -75.613293, 45.43361 ], [ -75.613293, 45.43361 ], [ -75.613293, 45.43361 ], [ -75.613293, 45.43361 ], [ -75.613293, 45.43361 ], [ -75.613293, 45.43361 ], [ -75.613293, 45.43361 ], [ -75.613293, 45.43361 ], [ -75.613293, 45.43361 ], [ -75.613293, 45.43361 ], [ -75.613293, 45.43361 ], [ -75.613293, 45.43361 ], [ -75.613293, 45.43361 ], [ -75.613293, 45.43361 ], [ -75.613293, 45.43361 ], [ -75.613293, 45.43361 ], [ -75.613293, 45.43361 ], [ -75.613293, 45.43361 ], [ -75.613293, 45.43361 ], [ -75.613293, 45.43361 ], [ -75.613293, 45.43361 ], [ -75.613293, 45.43361 ], [ -75.613293, 45.43361 ], [ -75.613293, 45.43361 ], [ -75.613293, 45.43361 ], [ -75.613293, 45.43361 ], [ -75.613293, 45.43361 ], [ -75.613293, 45.43361 ], [ -75.613293, 45.43361 ], [ -75.613293, 45.43361 ], [ -75.613293, 45.43361 ], [ -75.613293, 45.43361 ], [ -75.613293, 45.43361 ], [ -75.613293, 45.43361 ], [ -75.613293, 45.43361 ], [ -75.613293, 45.43361 ], [ -75.613293, 45.43361 ], [ -75.613293, 45.43361 ], [ -75.613293, 45.43361 ], [ -75.613293, 45.43361 ], [ -75.613293, 45.43361 ], [ -75.613293, 45.43361 ], [ -75.613293, 45.43361 ], [ -75.613293, 45.43361 ], [ -75.613293, 45.43361 ], [ -75.613293, 45.43361 ], [ -75.613293, 45.43361 ], [ -75.613293, 45.43361 ], [ -75.613293, 45.43361 ], [ -75.613293, 45.43361 ], [ -75.613293, 45.43361 ], [ -75.613293, 45.43361 ], [ -75.613293, 45.43361 ], [ -75.613293, 45.43361 ], [ -75.613293, 45.43361 ], [ -75.613293, 45.43361 ], [ -75.613293, 45.43361 ], [ -75.613293, 45.43361 ], [ -75.613293, 45.43361 ], [ -75.613293, 45.43361 ], [ -75.613293, 45.43361 ], [ -75.613293, 45.43361 ], [ -75.613293, 45.43361 ], [ -75.613293, 45.43361 ], [ -75.613293, 45.43361 ], [ -75.613293, 45.43361 ], [ -75.613293, 45.43361 ], [ -75.613293, 45.43361 ], [ -75.613293, 45.43361 ], [ -75.613293, 45.43361 ], [ -75.613293, 45.43361 ], [ -75.613293, 45.43361 ], [ -75.613293, 45.43361 ], [ -75.613293, 45.43361 ], [ -75.613293, 45.43361 ], [ -75.613293, 45.43361 ], [ -75.613293, 45.43361 ], [ -75.613293, 45.43361 ], [ -75.613293, 45.43361 ], [ -75.613293, 45.43361 ], [ -75.613293, 45.43361 ], [ -75.613293, 45.43361 ], [ -75.613293, 45.43361 ], [ -75.613293, 45.43361 ], [ -75.613293, 45.43361 ], [ -75.613293, 45.43361 ], [ -75.613293, 45.43361 ], [ -75.613293, 45.43361 ], [ -75.613293, 45.43361 ], [ -75.613293, 45.43361 ], [ -75.613293, 45.43361 ], [ -75.613293, 45.43361 ], [ -75.613293, 45.43361 ], [ -75.613293, 45.43361 ], [ -75.613293, 45.43361 ], [ -75.613293, 45.43361 ], [ -75.613293, 45.43361 ], [ -75.613293, 45.43361 ], [ -75.613293, 45.43361 ], [ -75.613293, 45.43361 ], [ -75.613293, 45.43361 ], [ -75.613293, 45.43361 ], [ -75.613293, 45.43361 ], [ -75.613293, 45.43361 ], [ -75.613293, 45.43361 ], [ -75.613293, 45.43361 ], [ -75.613293, 45.43361 ], [ -75.613293, 45.43361 ], [ -75.613293, 45.43361 ], [ -75.613293, 45.43361 ], [ -75.613293, 45.43361 ], [ -75.613293, 45.43361 ], [ -75.613293, 45.43361 ], [ -75.613293, 45.43361 ], [ -75.613293, 45.43361 ], [ -75.613293, 45.43361 ], [ -75.613293, 45.43361 ], [ -75.613293, 45.43361 ], [ -75.613293, 45.43361 ], [ -75.613293, 45.43361 ], [ -75.613293, 45.43361 ], [ -75.613293, 45.43361 ], [ -75.613293, 45.43361 ], [ -75.613293, 45.43361 ], [ -75.613293, 45.43361 ], [ -75.613293, 45.43361 ], [ -75.613293, 45.43361 ], [ -75.613293, 45.43361 ], [ -75.613293, 45.43361 ], [ -75.613293, 45.43361 ], [ -75.613293, 45.43361 ], [ -75.613293, 45.43361 ], [ -75.613293, 45.43361 ], [ -75.613293, 45.43361 ], [ -75.613293, 45.43361 ], [ -75.613293, 45.43361 ], [ -75.613293, 45.43361 ], [ -75.613293, 45.43361 ], [ -75.613293, 45.43361 ], [ -75.613293, 45.43361 ], [ -75.613293, 45.43361 ], [ -75.613293, 45.43361 ], [ -75.613293, 45.43361 ], [ -75.613293, 45.43361 ], [ -75.613293, 45.43361 ], [ -75.613293, 45.43361 ], [ -75.613293, 45.43361 ], [ -75.613293, 45.43361 ], [ -75.613293, 45.43361 ], [ -75.613293, 45.43361 ], [ -75.613293, 45.43361 ], [ -75.613293, 45.43361 ], [ -75.613293, 45.43361 ], [ -75.613293, 45.43361 ], [ -75.613293, 45.43361 ], [ -75.613293, 45.43361 ], [ -75.613293, 45.43361 ], [ -75.613293, 45.43361 ], [ -75.613293, 45.43361 ], [ -75.613293, 45.43361 ], [ -75.613293, 45.43361 ], [ -75.613293, 45.43361 ], [ -75.613293, 45.43361 ], [ -75.613293, 45.43361 ], [ -75.613293, 45.43361 ], [ -75.613293, 45.43361 ], [ -75.613293, 45.43361 ], [ -75.613293, 45.43361 ], [ -75.613293, 45.43361 ], [ -75.613293, 45.43361 ], [ -75.613293, 45.43361 ], [ -75.613293, 45.43361 ], [ -75.613293, 45.43361 ], [ -75.613293, 45.43361 ], [ -75.613293, 45.43361 ], [ -75.613293, 45.43361 ], [ -75.613293, 45.43361 ], [ -75.613293, 45.43361 ], [ -75.613293, 45.43361 ], [ -75.613293, 45.43361 ], [ -75.613293, 45.43361 ], [ -75.613293, 45.43361 ], [ -75.613293, 45.43361 ], [ -75.613293, 45.43361 ], [ -75.613293, 45.43361 ], [ -75.613293, 45.43361 ], [ -75.613293, 45.43361 ], [ -75.613293, 45.43361 ], [ -75.613293, 45.43361 ], [ -75.613293, 45.43361 ], [ -75.613293, 45.43361 ], [ -75.613293, 45.43361 ], [ -75.613293, 45.43361 ], [ -75.613293, 45.43361 ], [ -75.613293, 45.43361 ], [ -75.613293, 45.43361 ], [ -75.613293, 45.43361 ], [ -75.613293, 45.43361 ], [ -75.613293, 45.43361 ], [ -75.613293, 45.43361 ], [ -75.613293, 45.43361 ], [ -75.613293, 45.43361 ], [ -75.613293, 45.43361 ], [ -75.613293, 45.43361 ], [ -75.613293, 45.43361 ], [ -75.613293, 45.43361 ], [ -75.613293, 45.43361 ], [ -75.613293, 45.43361 ], [ -75.613293, 45.43361 ], [ -75.613293, 45.43361 ], [ -75.613293, 45.43361 ], [ -75.613293, 45.43361 ], [ -75.613293, 45.43361 ], [ -75.613293, 45.43361 ], [ -75.613293, 45.43361 ], [ -75.613293, 45.43361 ], [ -75.613293, 45.43361 ], [ -75.613293, 45.43361 ], [ -75.613293, 45.43361 ], [ -75.613293, 45.43361 ], [ -75.613293, 45.43361 ], [ -75.613293, 45.43361 ], [ -75.613293, 45.43361 ], [ -75.613293, 45.43361 ], [ -75.613293, 45.43361 ], [ -75.613293, 45.43361 ], [ -75.613293, 45.43361 ], [ -75.613293, 45.43361 ], [ -75.613293, 45.43361 ], [ -75.613293, 45.43361 ], [ -75.613293, 45.43361 ], [ -75.613293, 45.43361 ], [ -75.613293, 45.43361 ], [ -75.613293, 45.43361 ], [ -75.613293, 45.43361 ], [ -75.613293, 45.43361 ], [ -75.613293, 45.43361 ], [ -75.613293, 45.43361 ], [ -75.613293, 45.43361 ], [ -75.613293, 45.43361 ], [ -75.613293, 45.43361 ], [ -75.613293, 45.43361 ], [ -75.613293, 45.43361 ], [ -75.613293, 45.43361 ], [ -75.613293, 45.43361 ], [ -75.613293, 45.43361 ], [ -75.613293, 45.43361 ], [ -75.613293, 45.43361 ], [ -75.613293, 45.43361 ], [ -75.613293, 45.43361 ], [ -75.613293, 45.43361 ], [ -75.613293, 45.43361 ], [ -75.613293, 45.43361 ], [ -75.613293, 45.43361 ], [ -75.613293, 45.43361 ], [ -75.613293, 45.43361 ], [ -75.613293, 45.43361 ], [ -75.613293, 45.43361 ], [ -75.613293, 45.43361 ], [ -75.613293, 45.43361 ], [ -75.613293, 45.43361 ], [ -75.613293, 45.43361 ], [ -75.613293, 45.43361 ], [ -75.613293, 45.43361 ], [ -75.613293, 45.43361 ], [ -75.613293, 45.43361 ], [ -75.613293, 45.43361 ], [ -75.613293, 45.43361 ], [ -75.613293, 45.43361 ], [ -75.613293, 45.43361 ], [ -75.613293, 45.43361 ], [ -75.613293, 45.43361 ], [ -75.613293, 45.43361 ], [ -75.613293, 45.43361 ], [ -75.613293, 45.43361 ], [ -75.613293, 45.43361 ], [ -75.613293, 45.43361 ], [ -75.613293, 45.43361 ], [ -75.613293, 45.43361 ], [ -75.613293, 45.43361 ], [ -75.613293, 45.43361 ], [ -75.613293, 45.43361 ], [ -75.613293, 45.43361 ], [ -75.613293, 45.43361 ], [ -75.613293, 45.43361 ], [ -75.613293, 45.43361 ], [ -75.613293, 45.43361 ], [ -75.613293, 45.43361 ], [ -75.613293, 45.43361 ], [ -75.613293, 45.43361 ], [ -75.613293, 45.43361 ], [ -75.613293, 45.43361 ], [ -75.613293, 45.43361 ], [ -75.613293, 45.43361 ], [ -75.613293, 45.43361 ], [ -75.613293, 45.43361 ], [ -75.613293, 45.43361 ], [ -75.613293, 45.43361 ], [ -75.613293, 45.43361 ], [ -75.613293, 45.43361 ], [ -75.613293, 45.43361 ], [ -75.613293, 45.43361 ], [ -75.613293, 45.43361 ], [ -75.613293, 45.43361 ], [ -75.613293, 45.43361 ], [ -75.613293, 45.43361 ], [ -75.613293, 45.43361 ], [ -75.613293, 45.43361 ], [ -75.613293, 45.43361 ], [ -75.613293, 45.43361 ], [ -75.613293, 45.43361 ], [ -75.613293, 45.43361 ], [ -75.613293, 45.43361 ], [ -75.613293, 45.43361 ], [ -75.613293, 45.43361 ], [ -75.613293, 45.43361 ], [ -75.613293, 45.43361 ], [ -75.613293, 45.43361 ], [ -75.613293, 45.43361 ], [ -75.613293, 45.43361 ], [ -75.613293, 45.43361 ], [ -75.613293, 45.43361 ], [ -75.613293, 45.43361 ], [ -75.613293, 45.43361 ], [ -75.613293, 45.43361 ], [ -75.613293, 45.43361 ], [ -75.613293, 45.43361 ], [ -75.613293, 45.43361 ], [ -75.613293, 45.43361 ], [ -75.613293, 45.43361 ], [ -75.613293, 45.43361 ], [ -75.613293, 45.43361 ], [ -75.613293, 45.43361 ], [ -75.613293, 45.43361 ], [ -75.613293, 45.43361 ], [ -75.613293, 45.43361 ], [ -75.613293, 45.43361 ], [ -75.613293, 45.43361 ], [ -75.613293, 45.43361 ], [ -75.613293, 45.43361 ], [ -75.613293, 45.43361 ], [ -75.613293, 45.43361 ], [ -75.613293, 45.43361 ], [ -75.613293, 45.43361 ], [ -75.613293, 45.43361 ], [ -75.613293, 45.43361 ], [ -75.613293, 45.43361 ], [ -75.613293, 45.43361 ], [ -75.613293, 45.43361 ], [ -75.613293, 45.43361 ], [ -75.613293, 45.43361 ], [ -75.613293, 45.43361 ], [ -75.613293, 45.43361 ], [ -75.613293, 45.43361 ], [ -75.613293, 45.43361 ], [ -75.613293, 45.43361 ], [ -75.613293, 45.43361 ], [ -75.613293, 45.43361 ], [ -75.613293, 45.43361 ], [ -75.613293, 45.43361 ], [ -75.613293, 45.43361 ], [ -75.613293, 45.43361 ], [ -75.613293, 45.43361 ], [ -75.613293, 45.43361 ], [ -75.613293, 45.43361 ], [ -75.613293, 45.43361 ], [ -75.613293, 45.43361 ], [ -75.613293, 45.43361 ], [ -75.613293, 45.43361 ], [ -75.613293, 45.43361 ], [ -75.613293, 45.43361 ], [ -75.613293, 45.43361 ], [ -75.613293, 45.43361 ], [ -75.613293, 45.43361 ], [ -75.613293, 45.43361 ], [ -75.613293, 45.43361 ], [ -75.613293, 45.43361 ], [ -75.613293, 45.43361 ], [ -75.613293, 45.43361 ], [ -75.613293, 45.43361 ], [ -75.613293, 45.43361 ], [ -75.613293, 45.43361 ], [ -75.613293, 45.43361 ], [ -75.613293, 45.43361 ], [ -75.613293, 45.43361 ], [ -75.613293, 45.43361 ], [ -75.613293, 45.43361 ], [ -75.613293, 45.43361 ], [ -75.613293, 45.43361 ], [ -75.613293, 45.43361 ], [ -75.613293, 45.43361 ], [ -75.613293, 45.43361 ], [ -75.613293, 45.43361 ], [ -75.613293, 45.43361 ], [ -75.613293, 45.43361 ], [ -75.613293, 45.43361 ], [ -75.613293, 45.43361 ], [ -75.613293, 45.43361 ], [ -75.613293, 45.43361 ], [ -75.613293, 45.43361 ], [ -75.613293, 45.43361 ], [ -75.613293, 45.43361 ], [ -75.613293, 45.43361 ], [ -75.613293, 45.43361 ], [ -75.613293, 45.43361 ], [ -75.613293, 45.43361 ], [ -75.613293, 45.43361 ], [ -75.613293, 45.43361 ], [ -75.613293, 45.43361 ], [ -75.613293, 45.43361 ], [ -75.613293, 45.43361 ], [ -75.613293, 45.43361 ], [ -75.613293, 45.43361 ], [ -75.613293, 45.43361 ], [ -75.613293, 45.43361 ], [ -75.613293, 45.43361 ], [ -75.613293, 45.43361 ], [ -75.613293, 45.43361 ], [ -75.613293, 45.43361 ], [ -75.613293, 45.43361 ], [ -75.613293, 45.43361 ], [ -75.613293, 45.43361 ], [ -75.613293, 45.43361 ], [ -75.613293, 45.43361 ], [ -75.613293, 45.43361 ], [ -75.613293, 45.43361 ], [ -75.613293, 45.43361 ], [ -75.613293, 45.43361 ], [ -75.613293, 45.43361 ], [ -75.613293, 45.43361 ], [ -75.613293, 45.43361 ], [ -75.613293, 45.43361 ], [ -75.613225, 45.433522 ], [ -75.613018, 45.433258 ], [ -75.612881, 45.433081 ], [ -75.612743, 45.432905 ], [ -75.612027, 45.431637 ], [ -75.612264, 45.431141 ], [ -75.611051, 45.430726 ], [ -75.610128, 45.43093 ], [ -75.609914, 45.430636 ], [ -75.609506, 45.430591 ], [ -75.607382, 45.432119 ], [ -75.607489, 45.432413 ], [ -75.607382, 45.432699 ], [ -75.608026, 45.43291 ], [ -75.608154, 45.432503 ], [ -75.607575, 45.432277 ], [ -75.607575, 45.432119 ], [ -75.608777, 45.431223 ], [ -75.609935, 45.430885 ], [ -75.610075, 45.431073 ], [ -75.610729, 45.430809 ], [ -75.611105, 45.430839 ], [ -75.612081, 45.431201 ], [ -75.611867, 45.431442 ], [ -75.611942, 45.431833 ], [ -75.61309, 45.433587 ], [ -75.61309, 45.433587 ], [ -75.61309, 45.433587 ], [ -75.61309, 45.433587 ], [ -75.61309, 45.433587 ], [ -75.61309, 45.433587 ], [ -75.61309, 45.433587 ], [ -75.61309, 45.433587 ], [ -75.61309, 45.433587 ], [ -75.61309, 45.433587 ], [ -75.61309, 45.433587 ], [ -75.61309, 45.433587 ], [ -75.61309, 45.433587 ], [ -75.61309, 45.433587 ], [ -75.61309, 45.433587 ], [ -75.61309, 45.433587 ], [ -75.61309, 45.433587 ], [ -75.61309, 45.433587 ], [ -75.61309, 45.433587 ], [ -75.61309, 45.433587 ], [ -75.61309, 45.433587 ], [ -75.61309, 45.433587 ], [ -75.61309, 45.433587 ], [ -75.61309, 45.433587 ], [ -75.61309, 45.433587 ], [ -75.61309, 45.433587 ], [ -75.61309, 45.433587 ], [ -75.61309, 45.433587 ], [ -75.61309, 45.433587 ], [ -75.61309, 45.433587 ], [ -75.61309, 45.433587 ], [ -75.61309, 45.433587 ], [ -75.61309, 45.433587 ], [ -75.61309, 45.433587 ], [ -75.61309, 45.433587 ], [ -75.61309, 45.433587 ], [ -75.61309, 45.433587 ], [ -75.61309, 45.433587 ], [ -75.61309, 45.433587 ], [ -75.61309, 45.433587 ], [ -75.61309, 45.433587 ], [ -75.61309, 45.433587 ], [ -75.61309, 45.433587 ], [ -75.61309, 45.433587 ], [ -75.61309, 45.433587 ], [ -75.61309, 45.433587 ], [ -75.61309, 45.433587 ], [ -75.61309, 45.433587 ], [ -75.61309, 45.433587 ], [ -75.61309, 45.433587 ], [ -75.61309, 45.433587 ], [ -75.61309, 45.433587 ], [ -75.61309, 45.433587 ], [ -75.61309, 45.433587 ], [ -75.61309, 45.433587 ], [ -75.61309, 45.433587 ], [ -75.61309, 45.433587 ], [ -75.61309, 45.433587 ], [ -75.61309, 45.433587 ], [ -75.61309, 45.433587 ], [ -75.61309, 45.433587 ], [ -75.61309, 45.433587 ], [ -75.61309, 45.433587 ], [ -75.61309, 45.433587 ], [ -75.61309, 45.433587 ], [ -75.61309, 45.433587 ], [ -75.61309, 45.433587 ], [ -75.61309, 45.433587 ], [ -75.61309, 45.433587 ], [ -75.61309, 45.433587 ], [ -75.61309, 45.433587 ], [ -75.61309, 45.433587 ], [ -75.61309, 45.433587 ], [ -75.61309, 45.433587 ], [ -75.61309, 45.433587 ], [ -75.61309, 45.433587 ], [ -75.61309, 45.433587 ], [ -75.61309, 45.433587 ], [ -75.61309, 45.433587 ], [ -75.61309, 45.433587 ], [ -75.61309, 45.433587 ], [ -75.61309, 45.433587 ], [ -75.61309, 45.433587 ], [ -75.61309, 45.433587 ], [ -75.61309, 45.433587 ], [ -75.61309, 45.433587 ], [ -75.61309, 45.433587 ], [ -75.61309, 45.433587 ], [ -75.61309, 45.433587 ], [ -75.61309, 45.433587 ], [ -75.61309, 45.433587 ], [ -75.61309, 45.433587 ], [ -75.61309, 45.433587 ], [ -75.61309, 45.433587 ], [ -75.61309, 45.433587 ], [ -75.61309, 45.433587 ], [ -75.61309, 45.433587 ], [ -75.61309, 45.433587 ], [ -75.61309, 45.433587 ], [ -75.61309, 45.433587 ], [ -75.61309, 45.433587 ], [ -75.61309, 45.433587 ], [ -75.61309, 45.433587 ], [ -75.61309, 45.433587 ], [ -75.61309, 45.433587 ], [ -75.61309, 45.433587 ], [ -75.61309, 45.433587 ], [ -75.61309, 45.433587 ], [ -75.61309, 45.433587 ], [ -75.61309, 45.433587 ], [ -75.61309, 45.433587 ], [ -75.61309, 45.433587 ], [ -75.61309, 45.433587 ], [ -75.61309, 45.433587 ], [ -75.61309, 45.433587 ], [ -75.61309, 45.433587 ], [ -75.61309, 45.433587 ], [ -75.61309, 45.433587 ], [ -75.61309, 45.433587 ], [ -75.61309, 45.433587 ], [ -75.61309, 45.433587 ], [ -75.61309, 45.433587 ], [ -75.61309, 45.433587 ], [ -75.61309, 45.433587 ], [ -75.61309, 45.433587 ], [ -75.61309, 45.433587 ], [ -75.61309, 45.433587 ], [ -75.61309, 45.433587 ], [ -75.61309, 45.433587 ], [ -75.61309, 45.433587 ], [ -75.61309, 45.433587 ], [ -75.61309, 45.433587 ], [ -75.61309, 45.433587 ], [ -75.61309, 45.433587 ], [ -75.61309, 45.433587 ], [ -75.61309, 45.433587 ], [ -75.61309, 45.433587 ], [ -75.61309, 45.433587 ], [ -75.61309, 45.433587 ], [ -75.61309, 45.433587 ], [ -75.61309, 45.433587 ], [ -75.61309, 45.433587 ], [ -75.61309, 45.433587 ], [ -75.61309, 45.433587 ], [ -75.61309, 45.433587 ], [ -75.61309, 45.433587 ], [ -75.61309, 45.433587 ], [ -75.61309, 45.433587 ], [ -75.61309, 45.433587 ], [ -75.61309, 45.433587 ], [ -75.61309, 45.433587 ], [ -75.61309, 45.433587 ], [ -75.61309, 45.433587 ], [ -75.61309, 45.433587 ], [ -75.61309, 45.433587 ], [ -75.61309, 45.433587 ], [ -75.61309, 45.433587 ], [ -75.61309, 45.433587 ], [ -75.61309, 45.433587 ], [ -75.61309, 45.433587 ], [ -75.61309, 45.433587 ], [ -75.61309, 45.433587 ], [ -75.61309, 45.433587 ], [ -75.61309, 45.433587 ], [ -75.61309, 45.433587 ], [ -75.61309, 45.433587 ], [ -75.61309, 45.433587 ], [ -75.61309, 45.433587 ], [ -75.61309, 45.433587 ], [ -75.61309, 45.433587 ], [ -75.61309, 45.433587 ], [ -75.61309, 45.433587 ], [ -75.61309, 45.433587 ], [ -75.61309, 45.433587 ], [ -75.61309, 45.433587 ], [ -75.61309, 45.433587 ], [ -75.61309, 45.433587 ], [ -75.61309, 45.433587 ], [ -75.61309, 45.433587 ], [ -75.61309, 45.433587 ], [ -75.61309, 45.433587 ], [ -75.61309, 45.433587 ], [ -75.61309, 45.433587 ], [ -75.61309, 45.433587 ], [ -75.61309, 45.433587 ], [ -75.61309, 45.433587 ], [ -75.61309, 45.433587 ], [ -75.61309, 45.433587 ], [ -75.61309, 45.433587 ], [ -75.61309, 45.433587 ], [ -75.61309, 45.433587 ], [ -75.61309, 45.433587 ], [ -75.61309, 45.433587 ], [ -75.61309, 45.433587 ], [ -75.61309, 45.433587 ], [ -75.61309, 45.433587 ], [ -75.61309, 45.433587 ], [ -75.61309, 45.433587 ], [ -75.61309, 45.433587 ], [ -75.61309, 45.433587 ], [ -75.61309, 45.433587 ], [ -75.61309, 45.433587 ], [ -75.61309, 45.433587 ], [ -75.61309, 45.433587 ], [ -75.61309, 45.433587 ], [ -75.61309, 45.433587 ], [ -75.61309, 45.433587 ], [ -75.61309, 45.433587 ], [ -75.61309, 45.433587 ], [ -75.61309, 45.433587 ], [ -75.61309, 45.433587 ], [ -75.61309, 45.433587 ], [ -75.61309, 45.433587 ], [ -75.61309, 45.433587 ], [ -75.61309, 45.433587 ], [ -75.61309, 45.433587 ], [ -75.61309, 45.433587 ], [ -75.61309, 45.433587 ], [ -75.61309, 45.433587 ], [ -75.61309, 45.433587 ], [ -75.61309, 45.433587 ], [ -75.61309, 45.433587 ], [ -75.61309, 45.433587 ], [ -75.61309, 45.433587 ], [ -75.61309, 45.433587 ], [ -75.61309, 45.433587 ], [ -75.61309, 45.433587 ], [ -75.61309, 45.433587 ], [ -75.61309, 45.433587 ], [ -75.61309, 45.433587 ], [ -75.61309, 45.433587 ], [ -75.61309, 45.433587 ], [ -75.61309, 45.433587 ], [ -75.61309, 45.433587 ], [ -75.61309, 45.433587 ], [ -75.61309, 45.433587 ], [ -75.61309, 45.433587 ], [ -75.61309, 45.433587 ], [ -75.61309, 45.433587 ], [ -75.61309, 45.433587 ], [ -75.61309, 45.433587 ], [ -75.61309, 45.433587 ], [ -75.61309, 45.433587 ], [ -75.61309, 45.433587 ], [ -75.61309, 45.433587 ], [ -75.61309, 45.433587 ], [ -75.61309, 45.433587 ], [ -75.61309, 45.433587 ], [ -75.61309, 45.433587 ], [ -75.61309, 45.433587 ], [ -75.61309, 45.433587 ], [ -75.61309, 45.433587 ], [ -75.61309, 45.433587 ], [ -75.61309, 45.433587 ], [ -75.61309, 45.433587 ], [ -75.61309, 45.433587 ], [ -75.61309, 45.433587 ], [ -75.61309, 45.433587 ], [ -75.61309, 45.433587 ], [ -75.61309, 45.433587 ], [ -75.61309, 45.433587 ], [ -75.61309, 45.433587 ], [ -75.61309, 45.433587 ], [ -75.61309, 45.433587 ], [ -75.61309, 45.433587 ], [ -75.61309, 45.433587 ], [ -75.61309, 45.433587 ], [ -75.61309, 45.433587 ], [ -75.61309, 45.433587 ], [ -75.61309, 45.433587 ], [ -75.61309, 45.433587 ], [ -75.61309, 45.433587 ], [ -75.61309, 45.433587 ], [ -75.61309, 45.433587 ], [ -75.61309, 45.433587 ], [ -75.61309, 45.433587 ], [ -75.61309, 45.433587 ], [ -75.61309, 45.433587 ], [ -75.61309, 45.433587 ], [ -75.61309, 45.433587 ], [ -75.61309, 45.433587 ], [ -75.61309, 45.433587 ], [ -75.61309, 45.433587 ], [ -75.61309, 45.433587 ], [ -75.61309, 45.433587 ], [ -75.61309, 45.433587 ], [ -75.61309, 45.433587 ], [ -75.61309, 45.433587 ], [ -75.61309, 45.433587 ], [ -75.61309, 45.433587 ], [ -75.61309, 45.433587 ], [ -75.61309, 45.433587 ], [ -75.61309, 45.433587 ], [ -75.61309, 45.433587 ], [ -75.61309, 45.433587 ], [ -75.61309, 45.433587 ], [ -75.61309, 45.433587 ], [ -75.61309, 45.433587 ], [ -75.61309, 45.433587 ], [ -75.61309, 45.433587 ], [ -75.61309, 45.433587 ], [ -75.61309, 45.433587 ], [ -75.61309, 45.433587 ], [ -75.61309, 45.433587 ], [ -75.61309, 45.433587 ], [ -75.61309, 45.433587 ], [ -75.61309, 45.433587 ], [ -75.61309, 45.433587 ], [ -75.61309, 45.433587 ], [ -75.61309, 45.433587 ], [ -75.61309, 45.433587 ], [ -75.61309, 45.433587 ], [ -75.61309, 45.433587 ], [ -75.61309, 45.433587 ], [ -75.61309, 45.433587 ], [ -75.61309, 45.433587 ], [ -75.61309, 45.433587 ], [ -75.61309, 45.433587 ], [ -75.61309, 45.433587 ], [ -75.61309, 45.433587 ], [ -75.61309, 45.433587 ], [ -75.61309, 45.433587 ], [ -75.61309, 45.433587 ], [ -75.61309, 45.433587 ], [ -75.61309, 45.433587 ], [ -75.61309, 45.433587 ], [ -75.61309, 45.433587 ], [ -75.61309, 45.433587 ], [ -75.61309, 45.433587 ], [ -75.61309, 45.433587 ], [ -75.61309, 45.433587 ], [ -75.61309, 45.433587 ], [ -75.61309, 45.433587 ], [ -75.61309, 45.433587 ], [ -75.61309, 45.433587 ], [ -75.61309, 45.433587 ], [ -75.61309, 45.433587 ], [ -75.61309, 45.433587 ], [ -75.61309, 45.433587 ], [ -75.61309, 45.433587 ], [ -75.61309, 45.433587 ], [ -75.61309, 45.433587 ], [ -75.61309, 45.433587 ], [ -75.61309, 45.433587 ], [ -75.61309, 45.433587 ], [ -75.61309, 45.433587 ], [ -75.61309, 45.433587 ], [ -75.61309, 45.433587 ], [ -75.61309, 45.433587 ], [ -75.61309, 45.433587 ], [ -75.61309, 45.433587 ], [ -75.61309, 45.433587 ], [ -75.61309, 45.433587 ], [ -75.61309, 45.433587 ], [ -75.61309, 45.433587 ], [ -75.61309, 45.433587 ], [ -75.61309, 45.433587 ], [ -75.61309, 45.433587 ], [ -75.61309, 45.433587 ], [ -75.61309, 45.433587 ], [ -75.61309, 45.433587 ], [ -75.61309, 45.433587 ], [ -75.61309, 45.433587 ], [ -75.61309, 45.433587 ], [ -75.61309, 45.433587 ], [ -75.61309, 45.433587 ], [ -75.61309, 45.433587 ], [ -75.61309, 45.433587 ], [ -75.61309, 45.433587 ], [ -75.61309, 45.433587 ], [ -75.61309, 45.433587 ], [ -75.61309, 45.433587 ], [ -75.61309, 45.433587 ], [ -75.61309, 45.433587 ], [ -75.61309, 45.433587 ], [ -75.61309, 45.433587 ], [ -75.61309, 45.433587 ], [ -75.61309, 45.433587 ], [ -75.61309, 45.433587 ], [ -75.61309, 45.433587 ], [ -75.61309, 45.433587 ], [ -75.61309, 45.433587 ], [ -75.61309, 45.433587 ], [ -75.61309, 45.433587 ], [ -75.61309, 45.433587 ], [ -75.61309, 45.433587 ], [ -75.61309, 45.433587 ], [ -75.61309, 45.433587 ], [ -75.61309, 45.433587 ], [ -75.61309, 45.433587 ], [ -75.61309, 45.433587 ], [ -75.61309, 45.433587 ], [ -75.61309, 45.433587 ], [ -75.61309, 45.433587 ], [ -75.61309, 45.433587 ], [ -75.61309, 45.433587 ], [ -75.61309, 45.433587 ], [ -75.61309, 45.433587 ], [ -75.61309, 45.433587 ], [ -75.61309, 45.433587 ], [ -75.61309, 45.433587 ], [ -75.61309, 45.433587 ], [ -75.61309, 45.433587 ], [ -75.61309, 45.433587 ], [ -75.61309, 45.433587 ], [ -75.61309, 45.433587 ], [ -75.61309, 45.433587 ], [ -75.61309, 45.433587 ], [ -75.61309, 45.433587 ], [ -75.61309, 45.433587 ], [ -75.61309, 45.433587 ], [ -75.61309, 45.433587 ], [ -75.61309, 45.433587 ], [ -75.61309, 45.433587 ], [ -75.61309, 45.433587 ], [ -75.61309, 45.433587 ], [ -75.61309, 45.433587 ], [ -75.61309, 45.433587 ], [ -75.61309, 45.433587 ], [ -75.61309, 45.433587 ], [ -75.61309, 45.433587 ], [ -75.61309, 45.433587 ], [ -75.61309, 45.433587 ], [ -75.61309, 45.433587 ], [ -75.61309, 45.433587 ], [ -75.61309, 45.433587 ], [ -75.61309, 45.433587 ], [ -75.61309, 45.433587 ], [ -75.61309, 45.433587 ], [ -75.61309, 45.433587 ], [ -75.61309, 45.433587 ], [ -75.61309, 45.433587 ], [ -75.61309, 45.433587 ], [ -75.61309, 45.433587 ], [ -75.61309, 45.433587 ], [ -75.61309, 45.433587 ], [ -75.61309, 45.433587 ], [ -75.61309, 45.433587 ], [ -75.61309, 45.433587 ], [ -75.61309, 45.433587 ], [ -75.61309, 45.433587 ], [ -75.61309, 45.433587 ], [ -75.61309, 45.433587 ], [ -75.61309, 45.433587 ], [ -75.61309, 45.433587 ], [ -75.61309, 45.433587 ], [ -75.61309, 45.433587 ], [ -75.61309, 45.433587 ], [ -75.61309, 45.433587 ], [ -75.61309, 45.433587 ], [ -75.61309, 45.433587 ], [ -75.61309, 45.433587 ], [ -75.61309, 45.433587 ], [ -75.61309, 45.433587 ], [ -75.61309, 45.433587 ], [ -75.61309, 45.433587 ], [ -75.61309, 45.433587 ], [ -75.61309, 45.433587 ], [ -75.61309, 45.433587 ], [ -75.61309, 45.433587 ], [ -75.61309, 45.433587 ], [ -75.61309, 45.433587 ], [ -75.61309, 45.433587 ], [ -75.61309, 45.433587 ], [ -75.61309, 45.433587 ], [ -75.61309, 45.433587 ], [ -75.61309, 45.433587 ], [ -75.61309, 45.433587 ], [ -75.61309, 45.433587 ], [ -75.61309, 45.433587 ], [ -75.61309, 45.433587 ], [ -75.61309, 45.433587 ], [ -75.61309, 45.433587 ], [ -75.61309, 45.433587 ], [ -75.61309, 45.433587 ], [ -75.61309, 45.433587 ], [ -75.61309, 45.433587 ], [ -75.61309, 45.433587 ], [ -75.61309, 45.433587 ], [ -75.61309, 45.433587 ], [ -75.61309, 45.433587 ], [ -75.61309, 45.433587 ], [ -75.61309, 45.433587 ], [ -75.61309, 45.433587 ], [ -75.61309, 45.433587 ], [ -75.61309, 45.433587 ], [ -75.61309, 45.433587 ], [ -75.61309, 45.433587 ], [ -75.61309, 45.433587 ], [ -75.61309, 45.433587 ], [ -75.61309, 45.433587 ], [ -75.61309, 45.433587 ], [ -75.61309, 45.433587 ], [ -75.61309, 45.433587 ], [ -75.61309, 45.433587 ], [ -75.61309, 45.433587 ], [ -75.61309, 45.433587 ], [ -75.61309, 45.433587 ], [ -75.61309, 45.433587 ], [ -75.61309, 45.433587 ], [ -75.61309, 45.433587 ], [ -75.61309, 45.433587 ], [ -75.61309, 45.433587 ], [ -75.61309, 45.433587 ], [ -75.61309, 45.433587 ], [ -75.61309, 45.433587 ], [ -75.61309, 45.433587 ], [ -75.61309, 45.433587 ], [ -75.61309, 45.433587 ], [ -75.61309, 45.433587 ], [ -75.61309, 45.433587 ], [ -75.61309, 45.433587 ], [ -75.61309, 45.433587 ], [ -75.61309, 45.433587 ], [ -75.61309, 45.433587 ], [ -75.61309, 45.433587 ], [ -75.61309, 45.433587 ], [ -75.61309, 45.433587 ], [ -75.61309, 45.433587 ], [ -75.61309, 45.433587 ], [ -75.61309, 45.433587 ], [ -75.61309, 45.433587 ], [ -75.61309, 45.433587 ], [ -75.61309, 45.433587 ], [ -75.61309, 45.433587 ], [ -75.61309, 45.433587 ], [ -75.61309, 45.433587 ], [ -75.61309, 45.433587 ], [ -75.61309, 45.433587 ], [ -75.61309, 45.433587 ], [ -75.61309, 45.433587 ], [ -75.61309, 45.433587 ], [ -75.61309, 45.433587 ], [ -75.61309, 45.433587 ], [ -75.61309, 45.433587 ], [ -75.61309, 45.433587 ], [ -75.61309, 45.433587 ], [ -75.61309, 45.433587 ], [ -75.61309, 45.433587 ], [ -75.61309, 45.433587 ], [ -75.61309, 45.433587 ], [ -75.61309, 45.433587 ], [ -75.61309, 45.433587 ], [ -75.61309, 45.433587 ], [ -75.61309, 45.433587 ], [ -75.61309, 45.433587 ], [ -75.61309, 45.433587 ], [ -75.61309, 45.433587 ], [ -75.61309, 45.433587 ], [ -75.61309, 45.433587 ], [ -75.61309, 45.433587 ], [ -75.61309, 45.433587 ], [ -75.61309, 45.433587 ], [ -75.61309, 45.433587 ], [ -75.61309, 45.433587 ], [ -75.61309, 45.433587 ], [ -75.61309, 45.433587 ], [ -75.61309, 45.433587 ], [ -75.61309, 45.433587 ], [ -75.61309, 45.433587 ], [ -75.61309, 45.433587 ], [ -75.61309, 45.433587 ], [ -75.61309, 45.433587 ], [ -75.61309, 45.433587 ], [ -75.61309, 45.433587 ], [ -75.61309, 45.433587 ], [ -75.61309, 45.433587 ], [ -75.61309, 45.433587 ], [ -75.61309, 45.433587 ], [ -75.61309, 45.433587 ], [ -75.61309, 45.433587 ], [ -75.61309, 45.433587 ], [ -75.61309, 45.433587 ], [ -75.61309, 45.433587 ], [ -75.61309, 45.433587 ], [ -75.61309, 45.433587 ], [ -75.61309, 45.433587 ], [ -75.61309, 45.433587 ], [ -75.61309, 45.433587 ], [ -75.61309, 45.433587 ], [ -75.61309, 45.433587 ], [ -75.61309, 45.433587 ], [ -75.61309, 45.433587 ], [ -75.61309, 45.433587 ], [ -75.61309, 45.433587 ], [ -75.61309, 45.433587 ], [ -75.61309, 45.433587 ], [ -75.61309, 45.433587 ], [ -75.61309, 45.433587 ], [ -75.61309, 45.433587 ], [ -75.61309, 45.433587 ], [ -75.61309, 45.433587 ], [ -75.61309, 45.433587 ], [ -75.61309, 45.433587 ], [ -75.61309, 45.433587 ], [ -75.61309, 45.433587 ], [ -75.61309, 45.433587 ], [ -75.61309, 45.433587 ], [ -75.61309, 45.433587 ], [ -75.61309, 45.433587 ], [ -75.61309, 45.433587 ], [ -75.61309, 45.433587 ], [ -75.61309, 45.433587 ], [ -75.61309, 45.433587 ], [ -75.61309, 45.433587 ], [ -75.61309, 45.433587 ], [ -75.61309, 45.433587 ], [ -75.61309, 45.433587 ], [ -75.61309, 45.433587 ], [ -75.61309, 45.433587 ], [ -75.61309, 45.433587 ], [ -75.61309, 45.433587 ], [ -75.61309, 45.433587 ], [ -75.61309, 45.433587 ], [ -75.61309, 45.433587 ], [ -75.61309, 45.433587 ], [ -75.61309, 45.433587 ], [ -75.61309, 45.433587 ], [ -75.61309, 45.433587 ], [ -75.61309, 45.433587 ], [ -75.61309, 45.433587 ], [ -75.61309, 45.433587 ], [ -75.61309, 45.433587 ], [ -75.61309, 45.433587 ], [ -75.61309, 45.433587 ], [ -75.61309, 45.433587 ], [ -75.61309, 45.433587 ], [ -75.61309, 45.433587 ], [ -75.61309, 45.433587 ], [ -75.61309, 45.433587 ], [ -75.61309, 45.433587 ], [ -75.61309, 45.433587 ], [ -75.61309, 45.433587 ], [ -75.61309, 45.433587 ], [ -75.61309, 45.433587 ], [ -75.61309, 45.433587 ], [ -75.61309, 45.433587 ], [ -75.61309, 45.433587 ], [ -75.61309, 45.433587 ], [ -75.61309, 45.433587 ], [ -75.61309, 45.433587 ], [ -75.61309, 45.433587 ], [ -75.61309, 45.433587 ], [ -75.61309, 45.433587 ], [ -75.61309, 45.433587 ], [ -75.61309, 45.433587 ], [ -75.61309, 45.433587 ], [ -75.61309, 45.433587 ], [ -75.61309, 45.433587 ], [ -75.61309, 45.433587 ], [ -75.61309, 45.433587 ], [ -75.61309, 45.433587 ], [ -75.61309, 45.433587 ], [ -75.61309, 45.433587 ], [ -75.61309, 45.433587 ], [ -75.61309, 45.433587 ], [ -75.61309, 45.433587 ], [ -75.61309, 45.433587 ], [ -75.61309, 45.433587 ], [ -75.61309, 45.433587 ], [ -75.61309, 45.433587 ], [ -75.61309, 45.433587 ], [ -75.61309, 45.433587 ], [ -75.61309, 45.433587 ], [ -75.61309, 45.433587 ], [ -75.61309, 45.433587 ], [ -75.61309, 45.433587 ], [ -75.61309, 45.433587 ], [ -75.61309, 45.433587 ], [ -75.61309, 45.433587 ], [ -75.61309, 45.433587 ], [ -75.61309, 45.433587 ], [ -75.61309, 45.433587 ], [ -75.61309, 45.433587 ], [ -75.61309, 45.433587 ], [ -75.61309, 45.433587 ], [ -75.61309, 45.433587 ], [ -75.61309, 45.433587 ], [ -75.61309, 45.433587 ], [ -75.61309, 45.433587 ], [ -75.61309, 45.433587 ], [ -75.61309, 45.433587 ], [ -75.61309, 45.433587 ], [ -75.61309, 45.433587 ], [ -75.61309, 45.433587 ], [ -75.61309, 45.433587 ], [ -75.61309, 45.433587 ], [ -75.61309, 45.433587 ], [ -75.61309, 45.433587 ], [ -75.61309, 45.433587 ], [ -75.61309, 45.433587 ], [ -75.61309, 45.433587 ], [ -75.61309, 45.433587 ], [ -75.61309, 45.433587 ], [ -75.61309, 45.433587 ], [ -75.61309, 45.433587 ], [ -75.61309, 45.433587 ], [ -75.61309, 45.433587 ], [ -75.61309, 45.433587 ], [ -75.61309, 45.433587 ], [ -75.61309, 45.433587 ], [ -75.61309, 45.433587 ], [ -75.61309, 45.433587 ], [ -75.61309, 45.433587 ], [ -75.61309, 45.433587 ], [ -75.61309, 45.433587 ], [ -75.61309, 45.433587 ], [ -75.61309, 45.433587 ], [ -75.61309, 45.433587 ], [ -75.61309, 45.433587 ], [ -75.61309, 45.433587 ], [ -75.61309, 45.433587 ], [ -75.61309, 45.433587 ], [ -75.61309, 45.433587 ], [ -75.61309, 45.433587 ], [ -75.61309, 45.433587 ], [ -75.61309, 45.433587 ], [ -75.61309, 45.433587 ], [ -75.61309, 45.433587 ], [ -75.61309, 45.433587 ], [ -75.61309, 45.433587 ], [ -75.61309, 45.433587 ], [ -75.61309, 45.433587 ], [ -75.61309, 45.433587 ], [ -75.61309, 45.433587 ], [ -75.61309, 45.433587 ], [ -75.61309, 45.433587 ], [ -75.61309, 45.433587 ], [ -75.61309, 45.433587 ], [ -75.61309, 45.433587 ], [ -75.61309, 45.433587 ], [ -75.61309, 45.433587 ], [ -75.61309, 45.433587 ], [ -75.61309, 45.433587 ], [ -75.61309, 45.433587 ], [ -75.61309, 45.433587 ], [ -75.61309, 45.433587 ], [ -75.61309, 45.433587 ], [ -75.61309, 45.433587 ], [ -75.61309, 45.433587 ], [ -75.61309, 45.433587 ], [ -75.61309, 45.433587 ], [ -75.61309, 45.433587 ], [ -75.61309, 45.433587 ], [ -75.61309, 45.433587 ], [ -75.61309, 45.433587 ], [ -75.61309, 45.433587 ], [ -75.61309, 45.433587 ], [ -75.61309, 45.433587 ], [ -75.61309, 45.433587 ], [ -75.61309, 45.433587 ], [ -75.61309, 45.433587 ], [ -75.61309, 45.433587 ], [ -75.61309, 45.433587 ], [ -75.61309, 45.433587 ], [ -75.61309, 45.433587 ], [ -75.61309, 45.433587 ], [ -75.61309, 45.433587 ], [ -75.61309, 45.433587 ], [ -75.61309, 45.433587 ], [ -75.61309, 45.433587 ], [ -75.61309, 45.433587 ], [ -75.61309, 45.433587 ], [ -75.61309, 45.433587 ], [ -75.61309, 45.433587 ], [ -75.61309, 45.433587 ], [ -75.61309, 45.433587 ], [ -75.61309, 45.433587 ], [ -75.61309, 45.433587 ], [ -75.61309, 45.433587 ], [ -75.61309, 45.433587 ], [ -75.61309, 45.433587 ], [ -75.61309, 45.433587 ], [ -75.61309, 45.433587 ], [ -75.61309, 45.433587 ], [ -75.61309, 45.433587 ], [ -75.61309, 45.433587 ], [ -75.61309, 45.433587 ], [ -75.61309, 45.433587 ], [ -75.61309, 45.433587 ], [ -75.61309, 45.433587 ], [ -75.61309, 45.433587 ], [ -75.61309, 45.433587 ], [ -75.61309, 45.433587 ], [ -75.61309, 45.433587 ], [ -75.61309, 45.433587 ], [ -75.61309, 45.433587 ], [ -75.61309, 45.433587 ], [ -75.61309, 45.433587 ], [ -75.61309, 45.433587 ], [ -75.61309, 45.433587 ], [ -75.61309, 45.433587 ], [ -75.61309, 45.433587 ], [ -75.61309, 45.433587 ], [ -75.61309, 45.433587 ], [ -75.61309, 45.433587 ], [ -75.61309, 45.433587 ], [ -75.61309, 45.433587 ], [ -75.61309, 45.433587 ], [ -75.61309, 45.433587 ], [ -75.61309, 45.433587 ], [ -75.61309, 45.433587 ], [ -75.61309, 45.433587 ], [ -75.61309, 45.433587 ], [ -75.61309, 45.433587 ], [ -75.61309, 45.433587 ], [ -75.61309, 45.433587 ], [ -75.61309, 45.433587 ], [ -75.61309, 45.433587 ], [ -75.61309, 45.433587 ], [ -75.61309, 45.433587 ], [ -75.61309, 45.433587 ], [ -75.61309, 45.433587 ], [ -75.61309, 45.433587 ], [ -75.61309, 45.433587 ], [ -75.61309, 45.433587 ], [ -75.61309, 45.433587 ], [ -75.61309, 45.433587 ], [ -75.61309, 45.433587 ], [ -75.61309, 45.433587 ], [ -75.61309, 45.433587 ], [ -75.61309, 45.433587 ], [ -75.61309, 45.433587 ], [ -75.61309, 45.433587 ], [ -75.61309, 45.433587 ], [ -75.61309, 45.433587 ], [ -75.61309, 45.433587 ], [ -75.61309, 45.433587 ], [ -75.61309, 45.433587 ], [ -75.61309, 45.433587 ], [ -75.61309, 45.433587 ], [ -75.61309, 45.433587 ], [ -75.61309, 45.433587 ], [ -75.61309, 45.433587 ], [ -75.61309, 45.433587 ], [ -75.61309, 45.433587 ], [ -75.61309, 45.433587 ], [ -75.61309, 45.433587 ], [ -75.61309, 45.433587 ], [ -75.61309, 45.433587 ], [ -75.61309, 45.433587 ], [ -75.61309, 45.433587 ], [ -75.61309, 45.433587 ], [ -75.61309, 45.433587 ], [ -75.61309, 45.433587 ], [ -75.61309, 45.433587 ], [ -75.61309, 45.433587 ], [ -75.61309, 45.433587 ], [ -75.61309, 45.433587 ], [ -75.61309, 45.433587 ], [ -75.61309, 45.433587 ], [ -75.61309, 45.433587 ], [ -75.61309, 45.433587 ], [ -75.61309, 45.433587 ], [ -75.61309, 45.433587 ], [ -75.61309, 45.433587 ], [ -75.61309, 45.433587 ], [ -75.61309, 45.433587 ], [ -75.61309, 45.433587 ], [ -75.61309, 45.433587 ], [ -75.61309, 45.433587 ], [ -75.61309, 45.433587 ], [ -75.61309, 45.433587 ], [ -75.61309, 45.433587 ], [ -75.61309, 45.433587 ], [ -75.61309, 45.433587 ], [ -75.61309, 45.433587 ], [ -75.61309, 45.433587 ], [ -75.61309, 45.433587 ], [ -75.61309, 45.433587 ], [ -75.61309, 45.433587 ], [ -75.61309, 45.433587 ], [ -75.61309, 45.433587 ], [ -75.61309, 45.433587 ], [ -75.61309, 45.433587 ], [ -75.61309, 45.433587 ], [ -75.61309, 45.433587 ], [ -75.61309, 45.433587 ], [ -75.61309, 45.433587 ], [ -75.61309, 45.433587 ], [ -75.61309, 45.433587 ], [ -75.61309, 45.433587 ], [ -75.61309, 45.433587 ], [ -75.61309, 45.433587 ], [ -75.61309, 45.433587 ], [ -75.61309, 45.433587 ], [ -75.61309, 45.433587 ], [ -75.61309, 45.433587 ], [ -75.61309, 45.433587 ], [ -75.61309, 45.433587 ], [ -75.61309, 45.433587 ], [ -75.61309, 45.433587 ], [ -75.61309, 45.433587 ], [ -75.61309, 45.433587 ], [ -75.61309, 45.433587 ], [ -75.61309, 45.433587 ], [ -75.61309, 45.433587 ], [ -75.61309, 45.433587 ], [ -75.61309, 45.433587 ], [ -75.61309, 45.433587 ], [ -75.61309, 45.433587 ], [ -75.61309, 45.433587 ], [ -75.61309, 45.433587 ], [ -75.61309, 45.433587 ], [ -75.61309, 45.433587 ], [ -75.61309, 45.433587 ], [ -75.61309, 45.433587 ], [ -75.61309, 45.433587 ], [ -75.61309, 45.433587 ], [ -75.61309, 45.433587 ], [ -75.61309, 45.433587 ], [ -75.61309, 45.433587 ], [ -75.61309, 45.433587 ], [ -75.61309, 45.433587 ], [ -75.61309, 45.433587 ], [ -75.61309, 45.433587 ], [ -75.61309, 45.433587 ], [ -75.61309, 45.433587 ], [ -75.61309, 45.433587 ], [ -75.61309, 45.433587 ], [ -75.61309, 45.433587 ], [ -75.61309, 45.433587 ], [ -75.61309, 45.433587 ], [ -75.61309, 45.433587 ], [ -75.61309, 45.433587 ], [ -75.61309, 45.433587 ], [ -75.61309, 45.433587 ], [ -75.61309, 45.433587 ], [ -75.61309, 45.433587 ], [ -75.61309, 45.433587 ], [ -75.61309, 45.433587 ], [ -75.61309, 45.433587 ], [ -75.61309, 45.433587 ], [ -75.61309, 45.433587 ], [ -75.61309, 45.433587 ], [ -75.61309, 45.433587 ], [ -75.61309, 45.433587 ], [ -75.61309, 45.433587 ], [ -75.61309, 45.433587 ], [ -75.61309, 45.433587 ], [ -75.61309, 45.433587 ], [ -75.61309, 45.433587 ], [ -75.61309, 45.433587 ], [ -75.61309, 45.433587 ], [ -75.61309, 45.433587 ], [ -75.61309, 45.433587 ], [ -75.61309, 45.433587 ], [ -75.61309, 45.433587 ], [ -75.61309, 45.433587 ], [ -75.61309, 45.433587 ], [ -75.61309, 45.433587 ], [ -75.61309, 45.433587 ], [ -75.61309, 45.433587 ], [ -75.61309, 45.433587 ], [ -75.61309, 45.433587 ], [ -75.61309, 45.433587 ], [ -75.61309, 45.433587 ], [ -75.61309, 45.433587 ], [ -75.61309, 45.433587 ], [ -75.61309, 45.433587 ], [ -75.61309, 45.433587 ], [ -75.61309, 45.433587 ], [ -75.61309, 45.433587 ], [ -75.61309, 45.433587 ], [ -75.61309, 45.433587 ], [ -75.61309, 45.433587 ], [ -75.61309, 45.433587 ], [ -75.61309, 45.433587 ], [ -75.61309, 45.433587 ], [ -75.61309, 45.433587 ], [ -75.61309, 45.433587 ], [ -75.61309, 45.433587 ], [ -75.61309, 45.433587 ], [ -75.61309, 45.433587 ], [ -75.61309, 45.433587 ], [ -75.61309, 45.433587 ], [ -75.61309, 45.433587 ], [ -75.61309, 45.433587 ], [ -75.61309, 45.433587 ], [ -75.61309, 45.433587 ], [ -75.61309, 45.433587 ], [ -75.61309, 45.433587 ], [ -75.61309, 45.433587 ], [ -75.61309, 45.433587 ], [ -75.61309, 45.433587 ], [ -75.61309, 45.433587 ], [ -75.61309, 45.433587 ], [ -75.61309, 45.433587 ], [ -75.61309, 45.433587 ], [ -75.61309, 45.433587 ], [ -75.61309, 45.433587 ], [ -75.61309, 45.433587 ], [ -75.61309, 45.433587 ], [ -75.61309, 45.433587 ], [ -75.61309, 45.433587 ], [ -75.61309, 45.433587 ], [ -75.61309, 45.433587 ], [ -75.61309, 45.433587 ], [ -75.61309, 45.433587 ], [ -75.61309, 45.433587 ], [ -75.61309, 45.433587 ], [ -75.61309, 45.433587 ], [ -75.61309, 45.433587 ], [ -75.61309, 45.433587 ], [ -75.61309, 45.433587 ], [ -75.61309, 45.433587 ], [ -75.61309, 45.433587 ], [ -75.61309, 45.433587 ], [ -75.61309, 45.433587 ], [ -75.61309, 45.433587 ], [ -75.61309, 45.433587 ], [ -75.61309, 45.433587 ], [ -75.61309, 45.433587 ], [ -75.61309, 45.433587 ], [ -75.61309, 45.433587 ], [ -75.61309, 45.433587 ], [ -75.61309, 45.433587 ], [ -75.61309, 45.433587 ], [ -75.61309, 45.433587 ], [ -75.61309, 45.433587 ], [ -75.61309, 45.433587 ], [ -75.61309, 45.433587 ], [ -75.61309, 45.433587 ], [ -75.61309, 45.433587 ], [ -75.61309, 45.433587 ], [ -75.61309, 45.433587 ], [ -75.61309, 45.433587 ], [ -75.61309, 45.433587 ], [ -75.61309, 45.433587 ], [ -75.61309, 45.433587 ], [ -75.61309, 45.433587 ], [ -75.61309, 45.433587 ], [ -75.61309, 45.433587 ], [ -75.61309, 45.433587 ], [ -75.61309, 45.433587 ], [ -75.61309, 45.433587 ], [ -75.61309, 45.433587 ], [ -75.61309, 45.433587 ], [ -75.61309, 45.433587 ], [ -75.61309, 45.433587 ], [ -75.613251, 45.433554 ], [ -75.613413, 45.43352 ], [ -75.613575, 45.433487 ], [ -75.613737, 45.433453 ], [ -75.629267, 45.427103 ], [ -75.637151, 45.424291 ], [ -75.637312, 45.424069 ], [ -75.63586, 45.421053 ], [ -75.636031, 45.420646 ], [ -75.637431, 45.420515 ] ] } },
{ "type": "Feature", "properties": { "route_id": "24", "route_long_name": "Beacon Hill - St-Laurent" }, "geometry": { "type": "LineString", "coordinates": [ [ -75.597727, 45.440257 ], [ -75.59864, 45.43955 ], [ -75.613293, 45.43361 ], [ -75.613293, 45.43361 ], [ -75.613293, 45.43361 ], [ -75.613293, 45.43361 ], [ -75.613293, 45.43361 ], [ -75.613293, 45.43361 ], [ -75.613293, 45.43361 ], [ -75.613293, 45.43361 ], [ -75.613293, 45.43361 ], [ -75.613293, 45.43361 ], [ -75.613293, 45.43361 ], [ -75.613293, 45.43361 ], [ -75.613293, 45.43361 ], [ -75.613293, 45.43361 ], [ -75.613293, 45.43361 ], [ -75.613293, 45.43361 ], [ -75.613293, 45.43361 ], [ -75.613293, 45.43361 ], [ -75.613293, 45.43361 ], [ -75.613293, 45.43361 ], [ -75.613293, 45.43361 ], [ -75.613293, 45.43361 ], [ -75.613293, 45.43361 ], [ -75.613293, 45.43361 ], [ -75.613293, 45.43361 ], [ -75.613293, 45.43361 ], [ -75.613293, 45.43361 ], [ -75.613293, 45.43361 ], [ -75.613293, 45.43361 ], [ -75.613293, 45.43361 ], [ -75.613293, 45.43361 ], [ -75.613293, 45.43361 ], [ -75.613293, 45.43361 ], [ -75.613293, 45.43361 ], [ -75.613293, 45.43361 ], [ -75.613293, 45.43361 ], [ -75.613293, 45.43361 ], [ -75.613293, 45.43361 ], [ -75.613293, 45.43361 ], [ -75.613293, 45.43361 ], [ -75.613293, 45.43361 ], [ -75.613293, 45.43361 ], [ -75.613293, 45.43361 ], [ -75.613293, 45.43361 ], [ -75.613293, 45.43361 ], [ -75.613293, 45.43361 ], [ -75.613293, 45.43361 ], [ -75.613293, 45.43361 ], [ -75.613293, 45.43361 ], [ -75.613293, 45.43361 ], [ -75.613293, 45.43361 ], [ -75.613293, 45.43361 ], [ -75.613293, 45.43361 ], [ -75.613293, 45.43361 ], [ -75.613293, 45.43361 ], [ -75.613293, 45.43361 ], [ -75.613293, 45.43361 ], [ -75.613293, 45.43361 ], [ -75.613293, 45.43361 ], [ -75.613293, 45.43361 ], [ -75.613225, 45.433522 ], [ -75.613018, 45.433258 ], [ -75.612881, 45.433081 ], [ -75.612743, 45.432905 ], [ -75.612027, 45.431637 ], [ -75.612264, 45.431141 ], [ -75.611051, 45.430726 ], [ -75.610128, 45.43093 ], [ -75.609914, 45.430636 ], [ -75.609506, 45.430591 ], [ -75.607382, 45.432119 ], [ -75.607489, 45.432413 ], [ -75.607382, 45.432699 ], [ -75.608026, 45.43291 ], [ -75.608154, 45.432503 ], [ -75.607575, 45.432277 ], [ -75.607575, 45.432119 ], [ -75.608777, 45.431223 ], [ -75.609935, 45.430885 ], [ -75.610075, 45.431073 ], [ -75.610729, 45.430809 ], [ -75.611105, 45.430839 ], [ -75.612081, 45.431201 ], [ -75.611867, 45.431442 ], [ -75.611942, 45.431833 ], [ -75.61309, 45.433587 ], [ -75.61309, 45.433587 ], [ -75.61309, 45.433587 ], [ -75.61309, 45.433587 ], [ -75.61309, 45.433587 ], [ -75.61309, 45.433587 ], [ -75.61309, 45.433587 ], [ -75.61309, 45.433587 ], [ -75.61309, 45.433587 ], [ -75.61309, 45.433587 ], [ -75.61309, 45.433587 ], [ -75.61309, 45.433587 ], [ -75.61309, 45.433587 ], [ -75.61309, 45.433587 ], [ -75.61309, 45.433587 ], [ -75.61309, 45.433587 ], [ -75.61309, 45.433587 ], [ -75.61309, 45.433587 ], [ -75.61309, 45.433587 ], [ -75.61309, 45.433587 ], [ -75.61309, 45.433587 ], [ -75.61309, 45.433587 ], [ -75.61309, 45.433587 ], [ -75.61309, 45.433587 ], [ -75.61309, 45.433587 ], [ -75.61309, 45.433587 ], [ -75.61309, 45.433587 ], [ -75.61309, 45.433587 ], [ -75.61309, 45.433587 ], [ -75.61309, 45.433587 ], [ -75.61309, 45.433587 ], [ -75.61309, 45.433587 ], [ -75.61309, 45.433587 ], [ -75.61309, 45.433587 ], [ -75.61309, 45.433587 ], [ -75.61309, 45.433587 ], [ -75.61309, 45.433587 ], [ -75.61309, 45.433587 ], [ -75.61309, 45.433587 ], [ -75.61309, 45.433587 ], [ -75.61309, 45.433587 ], [ -75.61309, 45.433587 ], [ -75.61309, 45.433587 ], [ -75.61309, 45.433587 ], [ -75.61309, 45.433587 ], [ -75.61309, 45.433587 ], [ -75.61309, 45.433587 ], [ -75.61309, 45.433587 ], [ -75.61309, 45.433587 ], [ -75.61309, 45.433587 ], [ -75.61309, 45.433587 ], [ -75.61309, 45.433587 ], [ -75.61309, 45.433587 ], [ -75.61309, 45.433587 ], [ -75.61309, 45.433587 ], [ -75.61309, 45.433587 ], [ -75.61309, 45.433587 ], [ -75.61309, 45.433587 ], [ -75.61309, 45.433587 ], [ -75.61309, 45.433587 ], [ -75.613251, 45.433554 ], [ -75.613413, 45.43352 ], [ -75.613575, 45.433487 ], [ -75.613737, 45.433453 ], [ -75.63018, 45.42675 ], [ -75.63596, 45.42461 ], [ -75.63747, 45.4243 ], [ -75.63635, 45.42233 ], [ -75.63649, 45.422335 ], [ -75.63635, 45.42233 ], [ -75.63589, 45.42112 ], [ -75.63595, 45.42076 ], [ -75.63615, 45.42061 ], [ -75.637431, 45.420515 ] ] } },
{ "type": "Feature", "properties": { "route_id": "24", "route_long_name": "Beacon Hill - St-Laurent" }, "geometry": { "type": "LineString", "coordinates": [ [ -75.599763, 45.455652 ], [ -75.59949, 45.45525 ], [ -75.59851, 45.45548 ], [ -75.59671, 45.45212 ], [ -75.59598, 45.45007 ], [ -75.59512, 45.44899 ], [ -75.59398, 45.44686 ], [ -75.59381, 45.44635 ], [ -75.59391, 45.44579 ], [ -75.59427, 45.44534 ], [ -75.59713, 45.44318 ], [ -75.597413, 45.44264 ], [ -75.59734, 45.44097 ], [ -75.59767, 45.4403 ], [ -75.59824, 45.43977 ], [ -75.61323, 45.43366 ], [ -75.61196, 45.43174 ], [ -75.61194, 45.43144 ], [ -75.61214, 45.43118 ], [ -75.61108, 45.43078 ], [ -75.610139, 45.430934 ], [ -75.609849, 45.430551 ], [ -75.609608, 45.43053 ], [ -75.608977, 45.430942 ] ] } }
]
}
